Date,scheme,model,pred,actual
2025-01-02,domestic,lr,0.0002556102715010305,0.0116970582318742
2025-01-03,domestic,lr,0.00070331866952461,0.0001708755364671
2025-01-06,domestic,lr,0.00042554603247371844,-0.0117875212396114
2025-01-07,domestic,lr,-0.00011642760932741912,0.0003967956203343
2025-01-08,domestic,lr,0.000299388244963891,-0.0004140361839883
2025-01-09,domestic,lr,0.00031546281568935663,-0.0022289478425765
2025-01-10,domestic,lr,0.00017258648269167723,0.0034307306119174
2025-01-13,domestic,lr,0.00018369915314170668,-0.0102068950009197
2025-01-14,domestic,lr,-0.00015546530076809105,-0.008618320466688
2025-01-15,domestic,lr,0.0006813553021223523,0.017511844582712
2025-01-16,domestic,lr,0.0004980964953799248,0.0039412007770192
2025-01-17,domestic,lr,0.0011363308821795632,0.0066103976969955
2025-01-20,domestic,lr,0.0003787686364113476,0.0022447716116733
2025-01-21,domestic,lr,5.2299232296906925e-05,0.0015443952311642
2025-01-22,domestic,lr,0.0006215193339438043,0.0104313402368703
2025-01-23,domestic,lr,0.00040379624614680253,-0.0033796098769087
2025-01-24,domestic,lr,0.00039755213532305443,-0.0092490839255319
2025-01-30,domestic,lr,-0.0004250304694086892,-0.0130031542140969
2025-01-31,domestic,lr,0.0005624198895099821,0.005036828651999
2025-02-03,domestic,lr,0.0004075715899996531,-0.0111941580829419
2025-02-04,domestic,lr,0.0004228899170521316,0.0061546372624921
2025-02-05,domestic,lr,0.00037007993276489835,-0.0069842885737472
2025-02-06,domestic,lr,0.00046087232612874573,-0.0213956963687795
2025-02-07,domestic,lr,0.00022030443620393858,-0.0195275502239837
2025-02-10,domestic,lr,0.0006655818040988775,-0.0141046425960791
2025-02-11,domestic,lr,1.7560758417273226e-05,-0.017625750583134
2025-02-12,domestic,lr,0.0008511455319080576,0.017270060485508
2025-02-13,domestic,lr,0.000181996839313538,-0.0048584636101125
2025-02-14,domestic,lr,0.00037089500927225917,0.0037565789481757
2025-02-17,domestic,lr,0.00045408885154454436,0.0285739215045204
2025-02-18,domestic,lr,7.826756439678953e-05,0.0062275457498319
2025-02-19,domestic,lr,0.0003444632887080897,-0.0115136776304805
2025-02-20,domestic,lr,0.0003948322667653546,-0.0010051119194862
2025-02-21,domestic,lr,-0.0002690033484067691,0.0022013013202872
2025-02-24,domestic,lr,0.00044134570188279353,-0.0078804318894967
2025-02-25,domestic,lr,0.00018181029762605796,-0.0243721986636309
2025-02-26,domestic,lr,0.0003963193796849043,0.0028941011525738
2025-02-27,domestic,lr,0.0009816958950512084,-0.0184443702875487
2025-02-28,domestic,lr,0.0002974819201514866,-0.0336893430137443
2025-03-03,domestic,lr,-0.00015205832773082498,0.0389503595209799
2025-03-04,domestic,lr,-0.00025727119101743353,-0.0215910226637365
2025-03-05,domestic,lr,0.0006313120640034211,0.0233902218715034
2025-03-06,domestic,lr,0.0009230351314380483,0.0131489649077423
2025-03-07,domestic,lr,0.00022749507209727214,0.002739256481842
2025-03-10,domestic,lr,0.00045216850310355705,-0.0057106821135857
2025-03-11,domestic,lr,-2.2548782626037925e-05,-0.0079674142364716
2025-03-12,domestic,lr,0.0004523247848869762,0.018045417596058
2025-03-13,domestic,lr,0.0006844965237815309,-0.002648336589333
2025-03-14,domestic,lr,0.0005304279154811141,-0.0200243192655662
2025-03-17,domestic,lr,-6.76006731396275e-06,-0.0067270815223015
2025-03-18,domestic,lr,-0.00015259317267201747,-0.0391624737037581
2025-03-19,domestic,lr,0.0003219944277574662,0.0140842587025709
2025-03-20,domestic,lr,0.0003360559515728917,0.0110316772571863
2025-03-21,domestic,lr,0.00022221411890956583,-0.0195411383943717
2025-03-24,domestic,lr,0.000315406228471375,-0.0156148315582882
2025-03-25,domestic,lr,-0.00048445694386541353,0.0120034265236341
2025-03-26,domestic,lr,0.0003029163719223451,0.0372623027610927
2025-03-27,domestic,lr,-6.776921838221159e-05,0.0058945299952295
2025-04-08,domestic,lr,-0.0019349452908250903,-0.0823184303818056
2025-04-09,domestic,lr,0.002848266449255262,-0.0047064599132049
2025-04-10,domestic,lr,0.00114212564674328,0.0468152672196158
2025-04-11,domestic,lr,0.0007962264696989627,0.0013106401057214
2025-04-14,domestic,lr,0.0006729052624535445,0.0168309217293725
2025-04-15,domestic,lr,0.0008764739971715042,0.0114232112107028
2025-04-16,domestic,lr,-0.00021475788031816625,-0.0064833987929997
2025-04-17,domestic,lr,-9.543756678418046e-05,0.0059532628824605
2025-04-21,domestic,lr,0.0005415462371498338,0.0011949105741084
2025-04-22,domestic,lr,-0.00024108613244360337,0.0142173776108567
2025-04-23,domestic,lr,0.0005311809844995469,0.0145927502790428
2025-04-24,domestic,lr,0.0002974318025018084,-0.0031550682202539
2025-04-25,domestic,lr,0.0002632902392884989,0.0098458629711792
2025-04-28,domestic,lr,4.602881799343906e-05,0.006573844425505
2025-04-29,domestic,lr,7.896953284527074e-05,0.0038760879155237
2025-04-30,domestic,lr,0.00015980796566203225,0.0026220637755631
2025-05-02,domestic,lr,5.504744248145324e-06,0.0072056220290583
2025-05-05,domestic,lr,0.0006509767123515602,0.0023772792266765
2025-05-06,domestic,lr,0.0002238436784605366,0.009649588404585
2025-05-07,domestic,lr,0.0002961406647155416,0.0040549050036204
2025-05-08,domestic,lr,0.0001514532254676099,-0.0143197555163254
2025-05-09,domestic,lr,4.769727588800103e-05,0.000739826975435
2025-05-14,domestic,lr,-0.0001926743814876109,0.0212966905653591
2025-05-15,domestic,lr,0.00027621357121902865,0.0085993502315222
2025-05-16,domestic,lr,0.0006830130363626342,0.0093824416812147
2025-05-19,domestic,lr,0.0002280871032261955,0.0048520408637386
2025-05-20,domestic,lr,0.00019773966029145904,-0.0065313202824039
2025-05-21,domestic,lr,0.0006550897317262601,0.0067231657302215
2025-05-22,domestic,lr,0.0001033791844536402,0.0034271138890193
2025-05-23,domestic,lr,0.0007137685364971972,0.0065616891192679
2025-05-26,domestic,lr,0.000380542759071965,-0.0035841079461444
2025-05-27,domestic,lr,3.7481610761194294e-05,0.0014754341442824
2025-05-28,domestic,lr,0.0007631623238489452,-0.0032206350480148
2025-06-02,domestic,lr,-0.00036351140485042744,-0.015554119262596
2025-06-03,domestic,lr,0.0007378048615455635,-0.0028699137006142
2025-06-04,domestic,lr,0.0004260192385722334,0.0034314294887476
2025-06-05,domestic,lr,0.0005091290821209397,0.0062595394951845
2025-06-10,domestic,lr,0.00028783390992849196,0.0163582736823411
2025-06-11,domestic,lr,0.0003983051961417047,-0.0011470211076733
2025-06-12,domestic,lr,0.0012244876132197326,-0.0025072662218459
2025-06-13,domestic,lr,0.0008299809742401958,-0.0053311213400526
2025-06-16,domestic,lr,0.0005354896359985734,-0.0067873810453846
2025-06-17,domestic,lr,-0.00021626507534924195,0.0053611903529411
2025-06-18,domestic,lr,0.0008842204546043445,-0.0067392568009996
2025-06-19,domestic,lr,0.0005736142367135738,-0.0197712705179995
2025-06-20,domestic,lr,0.0007767214839044368,-0.0088645670465989
2025-06-23,domestic,lr,-0.0001108938534189739,-0.0175257308950307
2025-06-24,domestic,lr,0.00038446232908800166,0.0120137492667478
2025-06-25,domestic,lr,0.00041252517674975823,-0.0054050176897106
2025-06-26,domestic,lr,0.0003058466496923678,0.0095061179390167
2025-06-30,domestic,lr,0.00028350247595415183,0.004380350386107
2025-07-01,domestic,lr,-5.71178269611361e-05,-0.0017798604965406
2025-07-02,domestic,lr,0.00093713080395497,-0.0049453928224298
2025-07-03,domestic,lr,0.0005496157091238104,-0.0004643167816826
2025-07-04,domestic,lr,0.0004118931901422612,-0.0018713037053217
2025-07-07,domestic,lr,0.0002649309087212713,0.0051925022056593
2025-07-08,domestic,lr,-0.00024083562647947163,0.0005012502357963
2025-07-09,domestic,lr,0.0003885756629321127,0.0057089827138572
2025-07-10,domestic,lr,0.0004645458089995231,0.0088104273642795
2025-07-11,domestic,lr,0.0004628136406895128,0.0059869909197001
2025-07-14,domestic,lr,0.00021111700417645273,0.0070292739912503
2025-07-15,domestic,lr,0.00034137363788015154,0.0060857588114657
2025-07-16,domestic,lr,0.0003009002700806899,0.007192631518972
2025-07-17,domestic,lr,0.0006502643111483452,0.0131230108119364
2025-07-18,domestic,lr,0.00094654034807616,0.0034103947077941
2025-07-21,domestic,lr,0.0007833566114583458,0.0117304170776222
2025-07-22,domestic,lr,0.0003487120633229359,-0.0072517874216782
2025-07-23,domestic,lr,0.00042843055772313226,0.0168080678781752
2025-07-24,domestic,lr,0.0007037959370075398,0.0082228907284616
2025-07-25,domestic,lr,0.0003335118850895246,0.0016718507076642
2025-07-28,domestic,lr,0.0003368371858468084,0.0094028747482237
2025-07-29,domestic,lr,0.0003105106930025764,0.0004121613755039
2025-07-30,domestic,lr,0.0006952933709362804,-0.0089689367628551
2025-07-31,domestic,lr,0.0004148480582230674,-0.0087203277194465
2025-08-01,domestic,lr,0.00034201830700601916,0.0071137004747967
2025-08-04,domestic,lr,0.00042678741033744033,-0.0097482485675808
2025-08-05,domestic,lr,0.00011753736787999681,0.0067477709114527
2025-08-06,domestic,lr,0.0007513616488125158,-0.0015227525465348
2025-08-07,domestic,lr,0.0004279178241430151,-0.0018096516955576
2025-08-08,domestic,lr,0.0005120440507611301,0.0057512009938207
2025-08-11,domestic,lr,0.0006100812234032411,0.0095830782599382
2025-08-12,domestic,lr,8.315224275734287e-05,0.0241311278289817
2025-08-13,domestic,lr,0.0005065023783101865,0.0129063807043898
2025-08-14,domestic,lr,0.0004583253678829889,0.0048457439335116
2025-08-15,domestic,lr,0.00025759082726925416,-0.0041537334969223
2025-08-19,domestic,lr,0.0005456745876119463,-0.0044952873774004
2025-08-20,domestic,lr,0.0003327034222195439,0.0102331671478239
2025-08-21,domestic,lr,0.0008536089769777131,-0.0067081898930219
2025-08-22,domestic,lr,0.001331709717042865,-0.0040463099963083
2025-08-25,domestic,lr,0.0007450929056289452,0.0086225283194742
2025-08-26,domestic,lr,0.00026194021717257094,-0.0026717428125593
2025-08-27,domestic,lr,0.0003974389492505308,0.0038403120922723
2025-08-28,domestic,lr,0.0003302386253632119,0.0020030023448232
2025-08-29,domestic,lr,0.0001140030269840996,-0.0154090300018463
2025-09-01,domestic,lr,-0.00030733709533685037,-0.01213221288363
2025-09-02,domestic,lr,0.0008311805088709408,0.008433634121685
2025-09-03,domestic,lr,0.0006800279657087974,0.010744723318707
2025-09-04,domestic,lr,0.00041006648111489483,-0.0023505883385706
2025-09-08,domestic,lr,0.0002302364416961721,-0.0128564845395935
2025-09-09,domestic,lr,0.00041914156519902695,-0.0179595685239828
2025-09-10,domestic,lr,0.00022106986626706704,0.0091863431049699
2025-09-11,domestic,lr,0.00038840901325595074,0.0063311183166856
2025-09-12,domestic,lr,0.0004858405092447415,0.0136081464947483
2025-09-15,domestic,lr,0.000388923810834622,0.0105196547403974
2025-09-16,domestic,lr,0.0005199589368308902,0.0025892279406942
2025-09-17,domestic,lr,0.0003015057311044542,0.0084445132000361
2025-09-18,domestic,lr,0.0011009400837740534,-0.0020888742375611
2025-09-19,domestic,lr,0.0015927511086354573,0.005315859502522
2025-09-22,domestic,lr,0.00047684193131441,-0.0013770424534698
2025-09-23,domestic,lr,0.0003155044674565715,0.0105365458256976
2025-09-24,domestic,lr,0.0007126805069452029,0.0001669891331452
2025-09-25,domestic,lr,0.0008181082424709246,-0.0106256805864397
2025-09-26,domestic,lr,0.0005937813167319686,0.0072699175019987
2025-09-29,domestic,lr,0.0005748725676102354,0.0029480057372595
2025-09-30,domestic,lr,0.0005040251612801795,-0.0076844082315723
2025-10-01,domestic,lr,0.0005056902028569218,-0.0021409953882773
2025-10-02,domestic,lr,0.0003609021452411407,0.0033831173079352
2025-10-03,domestic,lr,0.0005760487593233459,0.0058334358833693
2025-10-06,domestic,lr,0.000314235668460039,0.0026562942133327
2025-10-07,domestic,lr,0.0005889928914540707,0.0036037078399111
2025-10-08,domestic,lr,0.000593795531013652,-0.0003981501732752
2025-10-09,domestic,lr,0.0005742157206479481,0.0103442278498011
2025-10-10,domestic,lr,0.00046907729708734304,0.0008384497654123
2025-10-13,domestic,lr,0.0003378570992270979,-0.0037193991495154
2025-10-14,domestic,lr,0.00043504340765916736,-0.0197235921681198
2025-10-15,domestic,lr,0.00042735976709256827,-0.0019043878066504
2025-10-16,domestic,lr,0.0005672057376188344,0.009097780630352
2025-10-17,domestic,lr,0.0003516633500710814,-0.0260732594808548
2025-10-20,domestic,lr,0.00027222981709372853,0.021659857267144
2025-10-21,domestic,lr,0.0005030029663578236,0.0182653930452687
2025-10-22,domestic,lr,0.0005017717616613439,-0.0104366336701708
2025-10-23,domestic,lr,0.0007336742402856315,0.014829400120826
2025-10-24,domestic,lr,9.274704523815758e-06,-0.0003178860381147
2025-10-27,domestic,lr,0.0004291063656252321,-0.0188634555075708
2025-10-28,domestic,lr,0.0003815074277956343,-0.0030255798274509
2025-10-29,domestic,lr,0.0007266986334506138,0.0090530023680397
2025-10-30,domestic,lr,0.00016124211583392765,0.0021822062994498
2025-10-31,domestic,lr,0.0004026295586885779,-0.0024699107515218
2025-11-03,domestic,lr,0.0006642695478759396,0.0135301366724256
2025-11-04,domestic,lr,5.842448142146485e-05,-0.0040168197581156
2025-11-05,domestic,lr,0.0004980301561914083,0.009252869194519
2025-11-06,domestic,lr,0.00036839987481172463,0.0022252306090333
2025-11-07,domestic,lr,0.0005623268281707215,0.0068770817030365
2025-11-10,domestic,lr,0.00020937643424168547,-0.0003990996458167
2025-11-11,domestic,lr,0.0005287003295586471,-0.0029509446883668
2025-11-12,domestic,lr,0.0003746298550903346,0.0026322487456909
2025-11-13,domestic,lr,0.0004708505075084621,-0.0019769486033034
2025-11-14,domestic,lr,0.00039437011604377713,-0.0001867681262819
2025-11-17,domestic,lr,0.00015144606533805873,0.0055335115811274
2025-11-18,domestic,lr,0.0004112970460123449,-0.0065506742148784
2025-11-19,domestic,lr,0.00023050747539207658,0.005325636153648
2025-11-20,domestic,lr,0.0003495193219940851,0.0015855764645049
2025-11-21,domestic,lr,0.00022522088593566125,-0.0006612024599927
2025-11-24,domestic,lr,-0.00023622439709294627,0.0183585921689175
2025-11-25,domestic,lr,0.0006016148135091434,-0.0056598265054432
2025-11-26,domestic,lr,0.0004232432229345324,0.0093723003896553
2025-11-27,domestic,lr,6.068132783171277e-05,-0.0065622657301673
2025-11-28,domestic,lr,0.0005313605307712922,-0.0043576866120282
2025-12-01,domestic,lr,0.00010354732134237551,0.0046996475206491
2025-12-02,domestic,lr,0.0003292052464980081,0.0079524541872277
2025-12-03,domestic,lr,0.00020894564642941752,-0.0006101237883484
2025-12-04,domestic,lr,0.0006343117210099164,0.0032934422333177
2025-12-05,domestic,lr,0.00042597934538306627,-0.0008609466602429
2025-12-08,domestic,lr,3.794834147613014e-06,0.0089872623583673
2025-12-09,domestic,lr,0.000569427895408205,-0.0061627313587031
2025-12-10,domestic,lr,0.0002965610616472058,0.0050403216250725
2025-12-11,domestic,lr,0.0002686856400060971,-0.0092882719235358
2025-12-12,domestic,lr,0.00031413077806027097,0.0046314096273185
2025-12-15,domestic,lr,0.00017003730491149422,-0.00125208718684
2025-12-16,domestic,lr,0.00021627994841887094,0.0042462411281096
2025-12-17,domestic,lr,0.00012220081436899164,-0.0010509240138478
2025-12-18,domestic,lr,9.311081322070759e-05,-0.0068398725372968
2025-12-19,domestic,lr,0.00012057801687926453,-0.0010035592501171
2025-12-22,domestic,lr,0.0002788565619959083,0.0042065711336825
2025-12-23,domestic,lr,0.00016115520382060467,-0.0070875868507034
2025-12-24,domestic,lr,0.0003607449583524925,-0.0054747474404788
2025-12-29,domestic,lr,-0.00014090253631543478,0.0123786580064475
2025-12-30,domestic,lr,0.0006235038904718319,0.0003102870925975
2026-01-02,domestic,lr,0.0003151468191082039,0.0116348481606927
2026-01-05,domestic,lr,0.0007452209989677679,0.0126153239393822
2026-01-06,domestic,lr,0.0005900726101754465,0.0083650015085705
2026-01-07,domestic,lr,0.00044247427744239067,0.0012533659285551
2026-01-08,domestic,lr,0.00035808271213612114,-0.0021647983654791
2026-01-09,domestic,lr,0.00024484791226620374,0.0012633593936364
2026-01-12,domestic,lr,0.00029077575538649484,-0.0058391792235212
2026-01-13,domestic,lr,0.0002774420569877131,0.0071306293947106
2026-01-14,domestic,lr,0.00023443502795967983,0.009374606331697
2026-01-15,domestic,lr,0.00028463655620608754,0.004729662971707
2026-01-19,domestic,lr,0.00031127463098770724,0.0064216707143742
2026-01-20,domestic,lr,0.0003210201684833476,9.055424603765516e-05
2026-01-21,domestic,lr,0.0002984159055336264,-0.0137086643583064
2026-01-22,domestic,lr,0.00028498122445395945,-0.0020161037952419
2026-01-23,domestic,lr,0.0003292262398670459,-0.0045892528984463
2026-01-26,domestic,lr,0.00016813048121936295,0.0027137975281075
2026-01-27,domestic,lr,0.00022020110015932956,0.0005454002305693
2026-01-28,domestic,lr,0.00023452981402994244,-0.0762965075072994
2026-01-29,domestic,lr,0.0001513871901930758,-0.0106753658730536
2026-01-30,domestic,lr,3.379679728144266e-05,0.0117625363260511
2026-02-02,domestic,lr,-9.850700657986045e-05,-0.0500802454046525
2026-02-03,domestic,lr,0.0002509944156855984,0.0249139871077321
2026-02-04,domestic,lr,0.0004495835750236763,0.002965047773868
2026-02-05,domestic,lr,2.308451451638025e-05,-0.0052721747108535
2026-02-06,domestic,lr,5.727045533697955e-06,-0.0210267342368002
2026-02-09,domestic,lr,0.000289744603723628,0.0121017883621323
2026-02-10,domestic,lr,0.0002563924695016535,0.0123567728975704
2026-02-11,domestic,lr,0.00033130078934016954,0.0193918152297971
2026-02-12,domestic,lr,0.0001941270418508086,-0.0030941999547735
2026-02-13,domestic,lr,0.00019763603158239832,-0.0064427085848546
2026-02-18,domestic,lr,-3.263645433866644e-05,0.0118573142533211
2026-02-19,domestic,lr,0.00033789544267161383,-0.0043590080309741
2026-02-20,domestic,lr,2.038465997728734e-05,-0.000279762413891
2026-02-23,domestic,lr,0.00016863194695568848,0.0149170702985834
2026-02-24,domestic,lr,-0.0001487530490432551,-0.0138216040430538
2026-02-25,domestic,lr,0.0001938191887242596,0.0049865012581733
2026-02-26,domestic,lr,2.9356913523919455e-06,-0.0105049250097266
2026-02-27,domestic,lr,0.0002648746463043375,2.715515107531985e-05
2026-03-02,domestic,lr,-4.360889575695203e-05,-0.0269088424609638
2026-03-03,domestic,lr,0.00031823380489519305,-0.0096595160277015
2026-03-04,domestic,lr,0.00012693914222387364,-0.0467581561674794
2026-03-05,domestic,lr,0.00032666054214889587,0.0174620642518892
2026-03-06,domestic,lr,0.0002995083948352271,-0.0163246653962403
2026-03-09,domestic,lr,0.0008321704542467409,-0.0332828330760488
2026-03-10,domestic,lr,-0.0004927146350307451,0.0140132172511151
2026-03-11,domestic,lr,0.0005687542606430111,-0.0069471724265692
2026-03-12,domestic,lr,0.0006229995476159152,-0.003698842773339
2026-03-13,domestic,lr,0.000246466546023601,-0.0310253408547289
2026-03-16,domestic,lr,0.0002709001285825625,-0.016233108765423
2026-03-17,domestic,lr,-0.0003553377617697114,0.0119684380793412
2026-03-25,domestic,lr,-0.001954942443953302,0.0271073255589158
2026-03-26,domestic,lr,0.003061914033917855,-0.019083705300412
2026-03-27,domestic,lr,0.0002485211164635028,-0.0094009522004299
2026-03-30,domestic,lr,0.0005412266016262636,-0.0007593644265408
2026-03-31,domestic,lr,0.00021999029546974994,-0.0061454345434519
2026-04-01,domestic,lr,0.0004788094199312155,0.0191418860632737
2026-04-02,domestic,lr,-0.0003204861794656276,-0.022188415554547
2026-04-06,domestic,lr,-0.00018040795826245313,-0.0053304765091102
2026-04-07,domestic,lr,0.00015367381353672876,-0.0026358653136373
2026-04-08,domestic,lr,0.000332427995940313,0.0432596613601088
2026-04-09,domestic,lr,0.00010211717504146776,0.0038911787097148
2026-04-10,domestic,lr,0.00015654776795576402,0.0204404188580227
2026-04-13,domestic,lr,0.0003156714467522888,0.0055741572468317
2026-04-14,domestic,lr,-2.9722833174535126e-05,0.023164261856122
2026-04-15,domestic,lr,7.876034402771964e-05,-0.0068453625076774
2026-04-16,domestic,lr,0.0011499463736385303,-0.0002891579189423
2026-04-17,domestic,lr,-8.220074358466207e-05,0.0016547694572945
2026-04-20,domestic,lr,0.0008148500739542125,-0.0052394085980331
2026-04-21,domestic,lr,-0.00036354939165590553,-0.0045838966718765
2026-04-22,domestic,lr,0.0001494825510271132,-0.0023532328153912
2026-04-23,domestic,lr,0.0002274365666115871,-0.02185120187041
2026-04-24,domestic,lr,3.8802701427826655e-05,-0.0343449900681473
2026-04-27,domestic,lr,-0.00023467744977071633,-0.0032270607239279
2026-04-28,domestic,lr,-0.00012034600343390837,-0.0048139088993757
2026-04-29,domestic,lr,-8.764165661279586e-05,0.0040686892814907
2026-04-30,domestic,lr,-0.0005949918189637763,-0.020547253530287
2026-05-04,domestic,lr,-0.0006645478819484094,0.0021752021952465
2026-05-05,domestic,lr,0.0008155878562306002,0.0121396420508261
2026-05-06,domestic,lr,0.0011625599176679582,0.0049981598841082
2026-05-07,domestic,lr,0.0016068334655048478,0.0114748890046936
2026-05-08,domestic,lr,0.00023013135867490953,-0.0289795318978036
2026-05-11,domestic,lr,6.384010895346547e-05,-0.0091929735476501
2026-05-12,domestic,lr,-5.76653825555858e-05,-0.0067886673981139
2026-05-13,domestic,lr,0.0003606507664288668,-0.0199648684016189
2026-05-18,domestic,lr,-0.0032930573515234703,-0.0186275276055187
2026-05-19,domestic,lr,0.0022941476695378903,-0.0352484378210498
2026-05-20,domestic,lr,-6.570139908977101e-05,-0.0082242503645879
2026-05-21,domestic,lr,-0.0020908961988878334,-0.0360227688547514
2026-05-22,domestic,lr,-0.0004763455008260485,0.0109496209313011
2026-05-25,domestic,lr,0.0004158944505259897,0.007164129563872
2026-05-26,domestic,lr,-0.00034031245239086853,-0.0123470848414299
2026-05-29,domestic,lr,-4.974006458777832e-06,-0.0004583423789394
2026-06-02,domestic,lr,-0.00103872333502778,0.011044007531467
2026-06-03,domestic,lr,-4.381389868401197e-05,-0.0419228354228486
2026-06-04,domestic,lr,0.000986800146313983,-0.0171945568951965
2026-06-05,domestic,lr,0.0004310680871715839,-0.0428626443186885
2026-06-08,domestic,lr,-0.0002571989850218801,-0.0462055645925421
2026-06-09,domestic,lr,-9.754664488915345e-05,0.0729909205267862
2026-06-10,domestic,lr,-0.0014422677863194123,0.0267382582729336
2026-06-11,domestic,lr,-0.0010009504059013163,-0.00277285282122
2026-06-12,domestic,lr,-0.0001161521121638748,0.0204524912516355
2026-06-15,domestic,lr,-8.855806398627516e-05,0.04034106335647
2026-06-17,domestic,lr,-0.000556878747056687,-0.005486771113377
2026-06-18,domestic,lr,-0.000590234536830098,-0.0078109132510668
2026-06-19,domestic,lr,-0.0012842055595153913,0.000777250059917
2026-06-22,domestic,lr,0.001677489680177836,-0.0098341542611528
2026-06-23,domestic,lr,0.0008476520908789698,-0.0025138177829013
2026-06-24,domestic,lr,0.0009633596853527764,-0.0362907188794174
2026-06-25,domestic,lr,-0.00024750493958638966,0.0193825830677241
2026-06-26,domestic,lr,-0.00047564590278117405,-0.0173022912392326
2026-06-29,domestic,lr,-0.0020746820475559045,-0.0128608480518011
2025-01-02,domestic,rf,0.0004814834709274097,0.0116970582318742
2025-01-03,domestic,rf,-0.0006097594516438353,0.0001708755364671
2025-01-06,domestic,rf,-5.63805363872948e-05,-0.0117875212396114
2025-01-07,domestic,rf,0.0002623769966056797,0.0003967956203343
2025-01-08,domestic,rf,0.0005413162566708918,-0.0004140361839883
2025-01-09,domestic,rf,0.0003761785109098146,-0.0022289478425765
2025-01-10,domestic,rf,0.0003026414760552194,0.0034307306119174
2025-01-13,domestic,rf,0.0002134178989245914,-0.0102068950009197
2025-01-14,domestic,rf,0.00027969996422935945,-0.008618320466688
2025-01-15,domestic,rf,-0.000599491297845859,0.017511844582712
2025-01-16,domestic,rf,-0.00042925716658452265,0.0039412007770192
2025-01-17,domestic,rf,-0.0009879043508876542,0.0066103976969955
2025-01-20,domestic,rf,0.0002652939018711465,0.0022447716116733
2025-01-21,domestic,rf,0.0002377840770085136,0.0015443952311642
2025-01-22,domestic,rf,-0.0008971399327582687,0.0104313402368703
2025-01-23,domestic,rf,0.00022160099823072534,-0.0033796098769087
2025-01-24,domestic,rf,-5.603546872711037e-05,-0.0092490839255319
2025-01-30,domestic,rf,-0.0010786470283826624,-0.0130031542140969
2025-01-31,domestic,rf,-0.0004369986576341846,0.005036828651999
2025-02-03,domestic,rf,5.343602058587829e-05,-0.0111941580829419
2025-02-04,domestic,rf,4.4131884645121414e-05,0.0061546372624921
2025-02-05,domestic,rf,3.265377224850279e-05,-0.0069842885737472
2025-02-06,domestic,rf,8.528918094999176e-05,-0.0213956963687795
2025-02-07,domestic,rf,0.0002458274393204024,-0.0195275502239837
2025-02-10,domestic,rf,-0.000830908802589388,-0.0141046425960791
2025-02-11,domestic,rf,0.00029584040004943185,-0.017625750583134
2025-02-12,domestic,rf,-0.0007884554407068304,0.017270060485508
2025-02-13,domestic,rf,0.0002450937255174472,-0.0048584636101125
2025-02-14,domestic,rf,5.2752817692965387e-05,0.0037565789481757
2025-02-17,domestic,rf,0.000926810964798135,0.0285739215045204
2025-02-18,domestic,rf,0.00019857601540402094,0.0062275457498319
2025-02-19,domestic,rf,-0.00011381582285642772,-0.0115136776304805
2025-02-20,domestic,rf,0.0002259126309214258,-0.0010051119194862
2025-02-21,domestic,rf,-0.001191944703622442,0.0022013013202872
2025-02-24,domestic,rf,-0.0003714225729156586,-0.0078804318894967
2025-02-25,domestic,rf,4.067114275590473e-05,-0.0243721986636309
2025-02-26,domestic,rf,0.00023483151240622773,0.0028941011525738
2025-02-27,domestic,rf,-0.0009626048123315415,-0.0184443702875487
2025-02-28,domestic,rf,4.5828376641357716e-06,-0.0336893430137443
2025-03-03,domestic,rf,0.000304413555087725,0.0389503595209799
2025-03-04,domestic,rf,-0.0011914230386225449,-0.0215910226637365
2025-03-05,domestic,rf,-0.0005651536117447093,0.0233902218715034
2025-03-06,domestic,rf,-0.0010167180447918148,0.0131489649077423
2025-03-07,domestic,rf,-0.0002510778053365387,0.002739256481842
2025-03-10,domestic,rf,-0.00028079482345020566,-0.0057106821135857
2025-03-11,domestic,rf,0.00013357608590879087,-0.0079674142364716
2025-03-12,domestic,rf,-0.00026218845341370237,0.018045417596058
2025-03-13,domestic,rf,-0.000680963993033554,-0.002648336589333
2025-03-14,domestic,rf,-0.0002780369676723208,-0.0200243192655662
2025-03-17,domestic,rf,0.00020485617689681198,-0.0067270815223015
2025-03-18,domestic,rf,-0.0007225612852376949,-0.0391624737037581
2025-03-19,domestic,rf,-0.00013049312707564295,0.0140842587025709
2025-03-20,domestic,rf,0.00044756033489928946,0.0110316772571863
2025-03-21,domestic,rf,0.0010900251875936057,-0.0195411383943717
2025-03-24,domestic,rf,0.0001325395339764887,-0.0156148315582882
2025-03-25,domestic,rf,-0.0010827202074146175,0.0120034265236341
2025-03-26,domestic,rf,-1.0624607686180475e-05,0.0372623027610927
2025-03-27,domestic,rf,3.3898235554310535e-06,0.0058945299952295
2025-04-08,domestic,rf,-0.0010523118946852003,-0.0823184303818056
2025-04-09,domestic,rf,-0.0004949561915538146,-0.0047064599132049
2025-04-10,domestic,rf,-0.0004949561915538146,0.0468152672196158
2025-04-11,domestic,rf,9.99402736245511e-05,0.0013106401057214
2025-04-14,domestic,rf,-0.0007992072496482216,0.0168309217293725
2025-04-15,domestic,rf,-0.001083692035749535,0.0114232112107028
2025-04-16,domestic,rf,-0.0010745313509710691,-0.0064833987929997
2025-04-17,domestic,rf,-0.0005252271803348098,0.0059532628824605
2025-04-21,domestic,rf,-0.0001888960192029832,0.0011949105741084
2025-04-22,domestic,rf,-0.0010740675019016085,0.0142173776108567
2025-04-23,domestic,rf,-0.0002508419385392054,0.0145927502790428
2025-04-24,domestic,rf,9.30038191173857e-06,-0.0031550682202539
2025-04-25,domestic,rf,0.0004466850350239698,0.0098458629711792
2025-04-28,domestic,rf,0.0005566408785149704,0.006573844425505
2025-04-29,domestic,rf,0.00021955419852596268,0.0038760879155237
2025-04-30,domestic,rf,0.00029568812751206477,0.0026220637755631
2025-05-02,domestic,rf,0.00038197039119497694,0.0072056220290583
2025-05-05,domestic,rf,-0.001160245544020934,0.0023772792266765
2025-05-06,domestic,rf,0.0010401158944049727,0.009649588404585
2025-05-07,domestic,rf,0.0002773780946304713,0.0040549050036204
2025-05-08,domestic,rf,0.00047926298764233455,-0.0143197555163254
2025-05-09,domestic,rf,0.00022511296046619548,0.000739826975435
2025-05-14,domestic,rf,-0.0003860386731565325,0.0212966905653591
2025-05-15,domestic,rf,0.000335517472879569,0.0085993502315222
2025-05-16,domestic,rf,-0.000835546787080114,0.0093824416812147
2025-05-19,domestic,rf,0.00034369310050297736,0.0048520408637386
2025-05-20,domestic,rf,0.00024453281333408,-0.0065313202824039
2025-05-21,domestic,rf,-0.0005584168711551274,0.0067231657302215
2025-05-22,domestic,rf,0.00010132551109166607,0.0034271138890193
2025-05-23,domestic,rf,-0.0007819327851306179,0.0065616891192679
2025-05-26,domestic,rf,0.0002706239299722665,-0.0035841079461444
2025-05-27,domestic,rf,0.0010124614420526836,0.0014754341442824
2025-05-28,domestic,rf,-0.0009797407920594072,-0.0032206350480148
2025-06-02,domestic,rf,-0.0012271919265265964,-0.015554119262596
2025-06-03,domestic,rf,-0.0010050320808689178,-0.0028699137006142
2025-06-04,domestic,rf,0.00013105600656066708,0.0034314294887476
2025-06-05,domestic,rf,-0.0004219549093259283,0.0062595394951845
2025-06-10,domestic,rf,0.00015232001508762235,0.0163582736823411
2025-06-11,domestic,rf,0.000288308308966092,-0.0011470211076733
2025-06-12,domestic,rf,-0.0010489628561562792,-0.0025072662218459
2025-06-13,domestic,rf,0.0004766679942164821,-0.0053311213400526
2025-06-16,domestic,rf,-0.0004949561915538146,-0.0067873810453846
2025-06-17,domestic,rf,-0.0009389152725702228,0.0053611903529411
2025-06-18,domestic,rf,0.0002368858991913172,-0.0067392568009996
2025-06-19,domestic,rf,-0.0004949561915538146,-0.0197712705179995
2025-06-20,domestic,rf,0.0009196424428034466,-0.0088645670465989
2025-06-23,domestic,rf,0.00030316479115718715,-0.0175257308950307
2025-06-24,domestic,rf,3.413074414566344e-05,0.0120137492667478
2025-06-25,domestic,rf,0.00028290917397736504,-0.0054050176897106
2025-06-26,domestic,rf,0.0001478820238279906,0.0095061179390167
2025-06-30,domestic,rf,0.00023248596625239984,0.004380350386107
2025-07-01,domestic,rf,-0.0002194892249718023,-0.0017798604965406
2025-07-02,domestic,rf,-0.0008211289472706976,-0.0049453928224298
2025-07-03,domestic,rf,-0.0002587342733085069,-0.0004643167816826
2025-07-04,domestic,rf,0.00025425683291706156,-0.0018713037053217
2025-07-07,domestic,rf,0.00011038020602497724,0.0051925022056593
2025-07-08,domestic,rf,-0.0012267505952090274,0.0005012502357963
2025-07-09,domestic,rf,0.00017413457586016947,0.0057089827138572
2025-07-10,domestic,rf,0.00036171678693325737,0.0088104273642795
2025-07-11,domestic,rf,8.612281904168454e-05,0.0059869909197001
2025-07-14,domestic,rf,9.096763617966026e-05,0.0070292739912503
2025-07-15,domestic,rf,0.00014932855536976084,0.0060857588114657
2025-07-16,domestic,rf,5.657632192094802e-05,0.007192631518972
2025-07-17,domestic,rf,-0.00048719299928966806,0.0131230108119364
2025-07-18,domestic,rf,-0.0008219180438443516,0.0034103947077941
2025-07-21,domestic,rf,-0.0008664489594569966,0.0117304170776222
2025-07-22,domestic,rf,0.00025174427707755955,-0.0072517874216782
2025-07-23,domestic,rf,0.00018209122421297154,0.0168080678781752
2025-07-24,domestic,rf,-0.0008223426094400387,0.0082228907284616
2025-07-25,domestic,rf,1.6313044403706895e-05,0.0016718507076642
2025-07-28,domestic,rf,-6.640208798998863e-06,0.0094028747482237
2025-07-29,domestic,rf,-2.096372416275363e-05,0.0004121613755039
2025-07-30,domestic,rf,-0.0006378125442639102,-0.0089689367628551
2025-07-31,domestic,rf,0.0001343481083504716,-0.0087203277194465
2025-08-01,domestic,rf,-8.2172530364673e-06,0.0071137004747967
2025-08-04,domestic,rf,-7.463619813535655e-05,-0.0097482485675808
2025-08-05,domestic,rf,0.00024236360348956753,0.0067477709114527
2025-08-06,domestic,rf,-0.0011142901053273892,-0.0015227525465348
2025-08-07,domestic,rf,0.00014562051789573254,-0.0018096516955576
2025-08-08,domestic,rf,0.00016136598939696083,0.0057512009938207
2025-08-11,domestic,rf,-0.00032991818165153367,0.0095830782599382
2025-08-12,domestic,rf,0.0003298552388571668,0.0241311278289817
2025-08-13,domestic,rf,-1.0003544241201238e-05,0.0129063807043898
2025-08-14,domestic,rf,0.00024494102683715304,0.0048457439335116
2025-08-15,domestic,rf,0.00022891739658618363,-0.0041537334969223
2025-08-19,domestic,rf,-0.00027087201521629157,-0.0044952873774004
2025-08-20,domestic,rf,1.6155295014470367e-06,0.0102331671478239
2025-08-21,domestic,rf,-0.0007619566825697054,-0.0067081898930219
2025-08-22,domestic,rf,-0.0007782368339823189,-0.0040463099963083
2025-08-25,domestic,rf,-0.0006639063750696164,0.0086225283194742
2025-08-26,domestic,rf,-0.0002454705023170171,-0.0026717428125593
2025-08-27,domestic,rf,1.5123382941101044e-05,0.0038403120922723
2025-08-28,domestic,rf,2.185557906857208e-05,0.0020030023448232
2025-08-29,domestic,rf,0.0002523323063261293,-0.0154090300018463
2025-09-01,domestic,rf,-0.001191944703622442,-0.01213221288363
2025-09-02,domestic,rf,-0.0008567622737720567,0.008433634121685
2025-09-03,domestic,rf,-0.000400558406001992,0.010744723318707
2025-09-04,domestic,rf,-7.442717976189203e-05,-0.0023505883385706
2025-09-08,domestic,rf,0.00020020371583791196,-0.0128564845395935
2025-09-09,domestic,rf,0.00021165048681125704,-0.0179595685239828
2025-09-10,domestic,rf,1.9322912342452063e-05,0.0091863431049699
2025-09-11,domestic,rf,0.00023149153630539027,0.0063311183166856
2025-09-12,domestic,rf,0.0002777236256946062,0.0136081464947483
2025-09-15,domestic,rf,8.209073059234954e-05,0.0105196547403974
2025-09-16,domestic,rf,0.00032336269409774884,0.0025892279406942
2025-09-17,domestic,rf,0.00011625407708018166,0.0084445132000361
2025-09-18,domestic,rf,-0.0009769461878647797,-0.0020888742375611
2025-09-19,domestic,rf,-0.0009467306132663008,0.005315859502522
2025-09-22,domestic,rf,0.0004125059497676328,-0.0013770424534698
2025-09-23,domestic,rf,3.597091641296065e-06,0.0105365458256976
2025-09-24,domestic,rf,-0.00016880887442308545,0.0001669891331452
2025-09-25,domestic,rf,-0.00088233109706191,-0.0106256805864397
2025-09-26,domestic,rf,2.1291856757680006e-06,0.0072699175019987
2025-09-29,domestic,rf,5.5281733855958276e-05,0.0029480057372595
2025-09-30,domestic,rf,9.233774588555267e-05,-0.0076844082315723
2025-10-01,domestic,rf,5.686701220416183e-05,-0.0021409953882773
2025-10-02,domestic,rf,2.8367006304197847e-05,0.0033831173079352
2025-10-03,domestic,rf,5.072059623814885e-05,0.0058334358833693
2025-10-06,domestic,rf,0.00018002913846814174,0.0026562942133327
2025-10-07,domestic,rf,0.00016136598939696083,0.0036037078399111
2025-10-08,domestic,rf,2.5813815776489957e-05,-0.0003981501732752
2025-10-09,domestic,rf,0.0002673147380050744,0.0103442278498011
2025-10-10,domestic,rf,9.243726381382347e-05,0.0008384497654123
2025-10-13,domestic,rf,-6.7067648766206e-07,-0.0037193991495154
2025-10-14,domestic,rf,0.00013178186721846688,-0.0197235921681198
2025-10-15,domestic,rf,0.0002557632573517269,-0.0019043878066504
2025-10-16,domestic,rf,-0.00034641653382084115,0.009097780630352
2025-10-17,domestic,rf,0.0002621531647670913,-0.0260732594808548
2025-10-20,domestic,rf,0.00029483966839957476,0.021659857267144
2025-10-21,domestic,rf,0.0002698858975378845,0.0182653930452687
2025-10-22,domestic,rf,8.347971157361835e-05,-0.0104366336701708
2025-10-23,domestic,rf,-0.0007954349211669448,0.014829400120826
2025-10-24,domestic,rf,-0.00037086594196062474,-0.0003178860381147
2025-10-27,domestic,rf,0.0001893557302160292,-0.0188634555075708
2025-10-28,domestic,rf,0.000246649470449281,-0.0030255798274509
2025-10-29,domestic,rf,0.0009606834190340352,0.0090530023680397
2025-10-30,domestic,rf,0.0003019083632450725,0.0021822062994498
2025-10-31,domestic,rf,0.0002964498020316025,-0.0024699107515218
2025-11-03,domestic,rf,0.0009841572026232047,0.0135301366724256
2025-11-04,domestic,rf,0.0002653981763197516,-0.0040168197581156
2025-11-05,domestic,rf,0.00030378032117358775,0.009252869194519
2025-11-06,domestic,rf,2.367295192224721e-05,0.0022252306090333
2025-11-07,domestic,rf,7.622820098968037e-05,0.0068770817030365
2025-11-10,domestic,rf,8.156254721001976e-06,-0.0003990996458167
2025-11-11,domestic,rf,0.00014728532424541286,-0.0029509446883668
2025-11-12,domestic,rf,3.9616669923682814e-05,0.0026322487456909
2025-11-13,domestic,rf,0.0002572002932692792,-0.0019769486033034
2025-11-14,domestic,rf,8.018688998237291e-05,-0.0001867681262819
2025-11-17,domestic,rf,0.00026385746495988867,0.0055335115811274
2025-11-18,domestic,rf,0.00010319823102852229,-0.0065506742148784
2025-11-19,domestic,rf,-1.915703787293386e-05,0.005325636153648
2025-11-20,domestic,rf,0.00020300522767962163,0.0015855764645049
2025-11-21,domestic,rf,0.0001252867851654155,-0.0006612024599927
2025-11-24,domestic,rf,-0.0012538416158548538,0.0183585921689175
2025-11-25,domestic,rf,-0.0005237596698006745,-0.0056598265054432
2025-11-26,domestic,rf,0.00030567831510392324,0.0093723003896553
2025-11-27,domestic,rf,0.0002852557167779461,-0.0065622657301673
2025-11-28,domestic,rf,-0.0001888960192029832,-0.0043576866120282
2025-12-01,domestic,rf,0.00028986228814761064,0.0046996475206491
2025-12-02,domestic,rf,-3.86003743773355e-05,0.0079524541872277
2025-12-03,domestic,rf,9.096763617966026e-05,-0.0006101237883484
2025-12-04,domestic,rf,-0.00045300265589606086,0.0032934422333177
2025-12-05,domestic,rf,0.00032336269409774884,-0.0008609466602429
2025-12-08,domestic,rf,6.410554647001055e-06,0.0089872623583673
2025-12-09,domestic,rf,-0.0004975723071009018,-0.0061627313587031
2025-12-10,domestic,rf,0.0002665318405772131,0.0050403216250725
2025-12-11,domestic,rf,0.00024371572777181396,-0.0092882719235358
2025-12-12,domestic,rf,0.0003473990114945992,0.0046314096273185
2025-12-15,domestic,rf,0.0004613200454311806,-0.00125208718684
2025-12-16,domestic,rf,0.0002434343946492096,0.0042462411281096
2025-12-17,domestic,rf,0.0002883204040263575,-0.0010509240138478
2025-12-18,domestic,rf,0.0004524962122594944,-0.0068398725372968
2025-12-19,domestic,rf,0.0004891797030802593,-0.0010035592501171
2025-12-22,domestic,rf,0.0004473589816614123,0.0042065711336825
2025-12-23,domestic,rf,0.0004416974617984591,-0.0070875868507034
2025-12-24,domestic,rf,0.00019212596535497534,-0.0054747474404788
2025-12-29,domestic,rf,-0.00035411824723223897,0.0123786580064475
2025-12-30,domestic,rf,-0.0003991991936470247,0.0003102870925975
2026-01-02,domestic,rf,0.0004640241001234353,0.0116348481606927
2026-01-05,domestic,rf,-0.0010079890944328048,0.0126153239393822
2026-01-06,domestic,rf,-0.0003453910956284267,0.0083650015085705
2026-01-07,domestic,rf,-0.0003581177141374986,0.0012533659285551
2026-01-08,domestic,rf,0.0005586980755833602,-0.0021647983654791
2026-01-09,domestic,rf,0.0004767436654212156,0.0012633593936364
2026-01-12,domestic,rf,0.0003655203340573186,-0.0058391792235212
2026-01-13,domestic,rf,0.0003933394182924428,0.0071306293947106
2026-01-14,domestic,rf,0.00027256927859530043,0.009374606331697
2026-01-15,domestic,rf,0.0004681625693159903,0.004729662971707
2026-01-19,domestic,rf,0.0005413162566708918,0.0064216707143742
2026-01-20,domestic,rf,0.00043529887705216487,9.055424603765516e-05
2026-01-21,domestic,rf,0.0003705718580112256,-0.0137086643583064
2026-01-22,domestic,rf,0.0005196406113934848,-0.0020161037952419
2026-01-23,domestic,rf,0.0006099485287532063,-0.0045892528984463
2026-01-26,domestic,rf,0.00044229812686733,0.0027137975281075
2026-01-27,domestic,rf,0.0003804113235927612,0.0005454002305693
2026-01-28,domestic,rf,0.0002766069615318267,-0.0762965075072994
2026-01-29,domestic,rf,0.0005446396114038576,-0.0106753658730536
2026-01-30,domestic,rf,0.00020806400799773503,0.0117625363260511
2026-02-02,domestic,rf,0.0002425104205530677,-0.0500802454046525
2026-02-03,domestic,rf,0.0004723186934449942,0.0249139871077321
2026-02-04,domestic,rf,5.905113432560952e-05,0.002965047773868
2026-02-05,domestic,rf,0.0004569367512907913,-0.0052721747108535
2026-02-06,domestic,rf,0.00024465670336498626,-0.0210267342368002
2026-02-09,domestic,rf,0.000507886719508205,0.0121017883621323
2026-02-10,domestic,rf,0.000344927719947819,0.0123567728975704
2026-02-11,domestic,rf,0.00043244225160436815,0.0193918152297971
2026-02-12,domestic,rf,0.0004594092704030639,-0.0030941999547735
2026-02-13,domestic,rf,0.0005191788849548857,-0.0064427085848546
2026-02-18,domestic,rf,0.0004773483236981228,0.0118573142533211
2026-02-19,domestic,rf,0.0004076766722427767,-0.0043590080309741
2026-02-20,domestic,rf,0.00023087883680136573,-0.000279762413891
2026-02-23,domestic,rf,0.00029568812751206477,0.0149170702985834
2026-02-24,domestic,rf,-0.0002932421337559315,-0.0138216040430538
2026-02-25,domestic,rf,0.00026981925423460133,0.0049865012581733
2026-02-26,domestic,rf,0.00047451157112648123,-0.0105049250097266
2026-02-27,domestic,rf,0.0005824904678656612,2.715515107531985e-05
2026-03-02,domestic,rf,0.0004444779886355682,-0.0269088424609638
2026-03-03,domestic,rf,0.0003269953547493612,-0.0096595160277015
2026-03-04,domestic,rf,0.00022329461412558683,-0.0467581561674794
2026-03-05,domestic,rf,0.0003734868552084167,0.0174620642518892
2026-03-06,domestic,rf,0.00028123102317072836,-0.0163246653962403
2026-03-09,domestic,rf,-0.0006916125935807171,-0.0332828330760488
2026-03-10,domestic,rf,-0.0009203094208630944,0.0140132172511151
2026-03-11,domestic,rf,-0.0004644538498827039,-0.0069471724265692
2026-03-12,domestic,rf,-0.0006832340036625023,-0.003698842773339
2026-03-13,domestic,rf,0.00027936427285073446,-0.0310253408547289
2026-03-16,domestic,rf,0.0003102580328973795,-0.016233108765423
2026-03-17,domestic,rf,-0.001090987100613261,0.0119684380793412
2026-03-25,domestic,rf,-0.0009378842406987841,0.0271073255589158
2026-03-26,domestic,rf,1.8468293086335434e-05,-0.019083705300412
2026-03-27,domestic,rf,0.00041525340950450905,-0.0094009522004299
2026-03-30,domestic,rf,-4.558550223193924e-05,-0.0007593644265408
2026-03-31,domestic,rf,0.00031251686310543905,-0.0061454345434519
2026-04-01,domestic,rf,-9.552201361953487e-05,0.0191418860632737
2026-04-02,domestic,rf,-0.0010990557044420555,-0.022188415554547
2026-04-06,domestic,rf,-0.0001663111822103272,-0.0053304765091102
2026-04-07,domestic,rf,0.00023112321774901981,-0.0026358653136373
2026-04-08,domestic,rf,0.0004547911619836805,0.0432596613601088
2026-04-09,domestic,rf,0.00047465055857623823,0.0038911787097148
2026-04-10,domestic,rf,0.0003163122763696103,0.0204404188580227
2026-04-13,domestic,rf,0.0003489476673876992,0.0055741572468317
2026-04-14,domestic,rf,0.0002506109444031584,0.023164261856122
2026-04-15,domestic,rf,0.00044037128940602784,-0.0068453625076774
2026-04-16,domestic,rf,-0.0006916125935807171,-0.0002891579189423
2026-04-17,domestic,rf,0.0004773483236981228,0.0016547694572945
2026-04-20,domestic,rf,-0.0007184190022441163,-0.0052394085980331
2026-04-21,domestic,rf,-0.0009129007549412386,-0.0045838966718765
2026-04-22,domestic,rf,0.0005046079606961932,-0.0023532328153912
2026-04-23,domestic,rf,0.0005216881159877726,-0.02185120187041
2026-04-24,domestic,rf,0.00023548006957526568,-0.0343449900681473
2026-04-27,domestic,rf,3.5960156425003773e-06,-0.0032270607239279
2026-04-28,domestic,rf,-0.0001903372939773374,-0.0048139088993757
2026-04-29,domestic,rf,0.00027226803411821687,0.0040686892814907
2026-04-30,domestic,rf,-0.0009996810974764797,-0.020547253530287
2026-05-04,domestic,rf,-0.0009334077521682793,0.0021752021952465
2026-05-05,domestic,rf,-0.0008107316696849838,0.0121396420508261
2026-05-06,domestic,rf,-0.0006097594516438353,0.0049981598841082
2026-05-07,domestic,rf,-0.0006784198842204142,0.0114748890046936
2026-05-08,domestic,rf,0.00027418894891493786,-0.0289795318978036
2026-05-11,domestic,rf,0.00044674992179021585,-0.0091929735476501
2026-05-12,domestic,rf,0.00022284603402501454,-0.0067886673981139
2026-05-13,domestic,rf,3.194504659407599e-05,-0.0199648684016189
2026-05-18,domestic,rf,-0.0006779404864867163,-0.0186275276055187
2026-05-19,domestic,rf,-0.0006473013245383824,-0.0352484378210498
2026-05-20,domestic,rf,0.00033636549165301966,-0.0082242503645879
2026-05-21,domestic,rf,-0.0011153780265600144,-0.0360227688547514
2026-05-22,domestic,rf,-0.0015293289871230068,0.0109496209313011
2026-05-25,domestic,rf,-0.0006333441524804622,0.007164129563872
2026-05-26,domestic,rf,-0.0002910035408367052,-0.0123470848414299
2026-05-29,domestic,rf,0.00016924973243641106,-0.0004583423789394
2026-06-02,domestic,rf,-0.0011153780265600144,0.011044007531467
2026-06-03,domestic,rf,0.00018647234142457627,-0.0419228354228486
2026-06-04,domestic,rf,-0.0006318740850162831,-0.0171945568951965
2026-06-05,domestic,rf,-0.00012350595046527302,-0.0428626443186885
2026-06-08,domestic,rf,0.00024323237437365837,-0.0462055645925421
2026-06-09,domestic,rf,0.00018803497234310359,0.0729909205267862
2026-06-10,domestic,rf,-0.0007217539167396639,0.0267382582729336
2026-06-11,domestic,rf,-0.0005156631142215523,-0.00277285282122
2026-06-12,domestic,rf,0.00026401012598032,0.0204524912516355
2026-06-15,domestic,rf,0.00013790808528605798,0.04034106335647
2026-06-17,domestic,rf,-0.0010953861078764437,-0.005486771113377
2026-06-18,domestic,rf,-0.0012276250989644488,-0.0078109132510668
2026-06-19,domestic,rf,-0.0007265625856144159,0.000777250059917
2026-06-22,domestic,rf,-0.001001525652293474,-0.0098341542611528
2026-06-23,domestic,rf,-0.0006553838684476005,-0.0025138177829013
2026-06-24,domestic,rf,-0.0005853640286139397,-0.0362907188794174
2026-06-25,domestic,rf,0.00014103837730245438,0.0193825830677241
2026-06-26,domestic,rf,0.00015148867471326562,-0.0173022912392326
2026-06-29,domestic,rf,-0.0010625721281936876,-0.0128608480518011
2025-01-02,domestic,xgb,0.00017440132796764374,0.0116970582318742
2025-01-03,domestic,xgb,0.00017440132796764374,0.0001708755364671
2025-01-06,domestic,xgb,0.00017440132796764374,-0.0117875212396114
2025-01-07,domestic,xgb,0.00017440132796764374,0.0003967956203343
2025-01-08,domestic,xgb,0.00017440132796764374,-0.0004140361839883
2025-01-09,domestic,xgb,0.00017440132796764374,-0.0022289478425765
2025-01-10,domestic,xgb,0.00017440132796764374,0.0034307306119174
2025-01-13,domestic,xgb,0.00017440132796764374,-0.0102068950009197
2025-01-14,domestic,xgb,0.00017440132796764374,-0.008618320466688
2025-01-15,domestic,xgb,0.00017440132796764374,0.017511844582712
2025-01-16,domestic,xgb,0.00017440132796764374,0.0039412007770192
2025-01-17,domestic,xgb,0.00017440132796764374,0.0066103976969955
2025-01-20,domestic,xgb,0.00017440132796764374,0.0022447716116733
2025-01-21,domestic,xgb,0.00017440132796764374,0.0015443952311642
2025-01-22,domestic,xgb,0.00017440132796764374,0.0104313402368703
2025-01-23,domestic,xgb,0.00017440132796764374,-0.0033796098769087
2025-01-24,domestic,xgb,0.00017440132796764374,-0.0092490839255319
2025-01-30,domestic,xgb,0.00017440132796764374,-0.0130031542140969
2025-01-31,domestic,xgb,0.00017440132796764374,0.005036828651999
2025-02-03,domestic,xgb,0.00017440132796764374,-0.0111941580829419
2025-02-04,domestic,xgb,0.00017440132796764374,0.0061546372624921
2025-02-05,domestic,xgb,0.00017440132796764374,-0.0069842885737472
2025-02-06,domestic,xgb,0.00017440132796764374,-0.0213956963687795
2025-02-07,domestic,xgb,0.00017440132796764374,-0.0195275502239837
2025-02-10,domestic,xgb,0.00017440132796764374,-0.0141046425960791
2025-02-11,domestic,xgb,0.00017440132796764374,-0.017625750583134
2025-02-12,domestic,xgb,0.00017440132796764374,0.017270060485508
2025-02-13,domestic,xgb,0.00017440132796764374,-0.0048584636101125
2025-02-14,domestic,xgb,0.00017440132796764374,0.0037565789481757
2025-02-17,domestic,xgb,0.00017440132796764374,0.0285739215045204
2025-02-18,domestic,xgb,0.00017440132796764374,0.0062275457498319
2025-02-19,domestic,xgb,0.00017440132796764374,-0.0115136776304805
2025-02-20,domestic,xgb,0.00017440132796764374,-0.0010051119194862
2025-02-21,domestic,xgb,0.00017440132796764374,0.0022013013202872
2025-02-24,domestic,xgb,0.00017440132796764374,-0.0078804318894967
2025-02-25,domestic,xgb,0.00017440132796764374,-0.0243721986636309
2025-02-26,domestic,xgb,0.00017440132796764374,0.0028941011525738
2025-02-27,domestic,xgb,0.00017440132796764374,-0.0184443702875487
2025-02-28,domestic,xgb,0.00017440132796764374,-0.0336893430137443
2025-03-03,domestic,xgb,0.00017440132796764374,0.0389503595209799
2025-03-04,domestic,xgb,0.00017440132796764374,-0.0215910226637365
2025-03-05,domestic,xgb,0.00017440132796764374,0.0233902218715034
2025-03-06,domestic,xgb,0.00017440132796764374,0.0131489649077423
2025-03-07,domestic,xgb,0.00017440132796764374,0.002739256481842
2025-03-10,domestic,xgb,0.00017440132796764374,-0.0057106821135857
2025-03-11,domestic,xgb,0.00017440132796764374,-0.0079674142364716
2025-03-12,domestic,xgb,0.00017440132796764374,0.018045417596058
2025-03-13,domestic,xgb,0.00017440132796764374,-0.002648336589333
2025-03-14,domestic,xgb,0.00017440132796764374,-0.0200243192655662
2025-03-17,domestic,xgb,0.00017440132796764374,-0.0067270815223015
2025-03-18,domestic,xgb,0.00017440132796764374,-0.0391624737037581
2025-03-19,domestic,xgb,0.00017440132796764374,0.0140842587025709
2025-03-20,domestic,xgb,0.00017440132796764374,0.0110316772571863
2025-03-21,domestic,xgb,0.00017440132796764374,-0.0195411383943717
2025-03-24,domestic,xgb,0.00017440132796764374,-0.0156148315582882
2025-03-25,domestic,xgb,0.00017440132796764374,0.0120034265236341
2025-03-26,domestic,xgb,0.00017440132796764374,0.0372623027610927
2025-03-27,domestic,xgb,0.00017440132796764374,0.0058945299952295
2025-04-08,domestic,xgb,0.00017440132796764374,-0.0823184303818056
2025-04-09,domestic,xgb,0.00017440132796764374,-0.0047064599132049
2025-04-10,domestic,xgb,0.00017440132796764374,0.0468152672196158
2025-04-11,domestic,xgb,0.00017440132796764374,0.0013106401057214
2025-04-14,domestic,xgb,0.00017440132796764374,0.0168309217293725
2025-04-15,domestic,xgb,0.00017440132796764374,0.0114232112107028
2025-04-16,domestic,xgb,0.00017440132796764374,-0.0064833987929997
2025-04-17,domestic,xgb,0.00017440132796764374,0.0059532628824605
2025-04-21,domestic,xgb,0.00017440132796764374,0.0011949105741084
2025-04-22,domestic,xgb,0.00017440132796764374,0.0142173776108567
2025-04-23,domestic,xgb,0.00017440132796764374,0.0145927502790428
2025-04-24,domestic,xgb,0.00017440132796764374,-0.0031550682202539
2025-04-25,domestic,xgb,0.00017440132796764374,0.0098458629711792
2025-04-28,domestic,xgb,0.00017440132796764374,0.006573844425505
2025-04-29,domestic,xgb,0.00017440132796764374,0.0038760879155237
2025-04-30,domestic,xgb,0.00017440132796764374,0.0026220637755631
2025-05-02,domestic,xgb,0.00017440132796764374,0.0072056220290583
2025-05-05,domestic,xgb,0.00017440132796764374,0.0023772792266765
2025-05-06,domestic,xgb,0.00017440132796764374,0.009649588404585
2025-05-07,domestic,xgb,0.00017440132796764374,0.0040549050036204
2025-05-08,domestic,xgb,0.00017440132796764374,-0.0143197555163254
2025-05-09,domestic,xgb,0.00017440132796764374,0.000739826975435
2025-05-14,domestic,xgb,0.00017440132796764374,0.0212966905653591
2025-05-15,domestic,xgb,0.00017440132796764374,0.0085993502315222
2025-05-16,domestic,xgb,0.00017440132796764374,0.0093824416812147
2025-05-19,domestic,xgb,0.00017440132796764374,0.0048520408637386
2025-05-20,domestic,xgb,0.00017440132796764374,-0.0065313202824039
2025-05-21,domestic,xgb,0.00017440132796764374,0.0067231657302215
2025-05-22,domestic,xgb,0.00017440132796764374,0.0034271138890193
2025-05-23,domestic,xgb,0.00017440132796764374,0.0065616891192679
2025-05-26,domestic,xgb,0.00017440132796764374,-0.0035841079461444
2025-05-27,domestic,xgb,0.00017440132796764374,0.0014754341442824
2025-05-28,domestic,xgb,0.00017440132796764374,-0.0032206350480148
2025-06-02,domestic,xgb,0.00017440132796764374,-0.015554119262596
2025-06-03,domestic,xgb,0.00017440132796764374,-0.0028699137006142
2025-06-04,domestic,xgb,0.00017440132796764374,0.0034314294887476
2025-06-05,domestic,xgb,0.00017440132796764374,0.0062595394951845
2025-06-10,domestic,xgb,0.00017440132796764374,0.0163582736823411
2025-06-11,domestic,xgb,0.00017440132796764374,-0.0011470211076733
2025-06-12,domestic,xgb,0.00017440132796764374,-0.0025072662218459
2025-06-13,domestic,xgb,0.00017440132796764374,-0.0053311213400526
2025-06-16,domestic,xgb,0.00017440132796764374,-0.0067873810453846
2025-06-17,domestic,xgb,0.00017440132796764374,0.0053611903529411
2025-06-18,domestic,xgb,0.00017440132796764374,-0.0067392568009996
2025-06-19,domestic,xgb,0.00017440132796764374,-0.0197712705179995
2025-06-20,domestic,xgb,0.00017440132796764374,-0.0088645670465989
2025-06-23,domestic,xgb,0.00017440132796764374,-0.0175257308950307
2025-06-24,domestic,xgb,0.00017440132796764374,0.0120137492667478
2025-06-25,domestic,xgb,0.00017440132796764374,-0.0054050176897106
2025-06-26,domestic,xgb,0.00017440132796764374,0.0095061179390167
2025-06-30,domestic,xgb,0.00017440132796764374,0.004380350386107
2025-07-01,domestic,xgb,0.00017440132796764374,-0.0017798604965406
2025-07-02,domestic,xgb,0.00017440132796764374,-0.0049453928224298
2025-07-03,domestic,xgb,0.00017440132796764374,-0.0004643167816826
2025-07-04,domestic,xgb,0.00017440132796764374,-0.0018713037053217
2025-07-07,domestic,xgb,0.00017440132796764374,0.0051925022056593
2025-07-08,domestic,xgb,0.00017440132796764374,0.0005012502357963
2025-07-09,domestic,xgb,0.00017440132796764374,0.0057089827138572
2025-07-10,domestic,xgb,0.00017440132796764374,0.0088104273642795
2025-07-11,domestic,xgb,0.00017440132796764374,0.0059869909197001
2025-07-14,domestic,xgb,0.00017440132796764374,0.0070292739912503
2025-07-15,domestic,xgb,0.00017440132796764374,0.0060857588114657
2025-07-16,domestic,xgb,0.00017440132796764374,0.007192631518972
2025-07-17,domestic,xgb,0.00017440132796764374,0.0131230108119364
2025-07-18,domestic,xgb,0.00017440132796764374,0.0034103947077941
2025-07-21,domestic,xgb,0.00017440132796764374,0.0117304170776222
2025-07-22,domestic,xgb,0.00017440132796764374,-0.0072517874216782
2025-07-23,domestic,xgb,0.00017440132796764374,0.0168080678781752
2025-07-24,domestic,xgb,0.00017440132796764374,0.0082228907284616
2025-07-25,domestic,xgb,0.00017440132796764374,0.0016718507076642
2025-07-28,domestic,xgb,0.00017440132796764374,0.0094028747482237
2025-07-29,domestic,xgb,0.00017440132796764374,0.0004121613755039
2025-07-30,domestic,xgb,0.00017440132796764374,-0.0089689367628551
2025-07-31,domestic,xgb,0.00017440132796764374,-0.0087203277194465
2025-08-01,domestic,xgb,0.00017440132796764374,0.0071137004747967
2025-08-04,domestic,xgb,0.00017440132796764374,-0.0097482485675808
2025-08-05,domestic,xgb,0.00017440132796764374,0.0067477709114527
2025-08-06,domestic,xgb,0.00017440132796764374,-0.0015227525465348
2025-08-07,domestic,xgb,0.00017440132796764374,-0.0018096516955576
2025-08-08,domestic,xgb,0.00017440132796764374,0.0057512009938207
2025-08-11,domestic,xgb,0.00017440132796764374,0.0095830782599382
2025-08-12,domestic,xgb,0.00017440132796764374,0.0241311278289817
2025-08-13,domestic,xgb,0.00017440132796764374,0.0129063807043898
2025-08-14,domestic,xgb,0.00017440132796764374,0.0048457439335116
2025-08-15,domestic,xgb,0.00017440132796764374,-0.0041537334969223
2025-08-19,domestic,xgb,0.00017440132796764374,-0.0044952873774004
2025-08-20,domestic,xgb,0.00017440132796764374,0.0102331671478239
2025-08-21,domestic,xgb,0.00017440132796764374,-0.0067081898930219
2025-08-22,domestic,xgb,0.00017440132796764374,-0.0040463099963083
2025-08-25,domestic,xgb,0.00017440132796764374,0.0086225283194742
2025-08-26,domestic,xgb,0.00017440132796764374,-0.0026717428125593
2025-08-27,domestic,xgb,0.00017440132796764374,0.0038403120922723
2025-08-28,domestic,xgb,0.00017440132796764374,0.0020030023448232
2025-08-29,domestic,xgb,0.00017440132796764374,-0.0154090300018463
2025-09-01,domestic,xgb,0.00017440132796764374,-0.01213221288363
2025-09-02,domestic,xgb,0.00017440132796764374,0.008433634121685
2025-09-03,domestic,xgb,0.00017440132796764374,0.010744723318707
2025-09-04,domestic,xgb,0.00017440132796764374,-0.0023505883385706
2025-09-08,domestic,xgb,0.00017440132796764374,-0.0128564845395935
2025-09-09,domestic,xgb,0.00017440132796764374,-0.0179595685239828
2025-09-10,domestic,xgb,0.00017440132796764374,0.0091863431049699
2025-09-11,domestic,xgb,0.00017440132796764374,0.0063311183166856
2025-09-12,domestic,xgb,0.00017440132796764374,0.0136081464947483
2025-09-15,domestic,xgb,0.00017440132796764374,0.0105196547403974
2025-09-16,domestic,xgb,0.00017440132796764374,0.0025892279406942
2025-09-17,domestic,xgb,0.00017440132796764374,0.0084445132000361
2025-09-18,domestic,xgb,0.00017440132796764374,-0.0020888742375611
2025-09-19,domestic,xgb,0.00017440132796764374,0.005315859502522
2025-09-22,domestic,xgb,0.00017440132796764374,-0.0013770424534698
2025-09-23,domestic,xgb,0.00017440132796764374,0.0105365458256976
2025-09-24,domestic,xgb,0.00017440132796764374,0.0001669891331452
2025-09-25,domestic,xgb,0.00017440132796764374,-0.0106256805864397
2025-09-26,domestic,xgb,0.00017440132796764374,0.0072699175019987
2025-09-29,domestic,xgb,0.00017440132796764374,0.0029480057372595
2025-09-30,domestic,xgb,0.00017440132796764374,-0.0076844082315723
2025-10-01,domestic,xgb,0.00017440132796764374,-0.0021409953882773
2025-10-02,domestic,xgb,0.00017440132796764374,0.0033831173079352
2025-10-03,domestic,xgb,0.00017440132796764374,0.0058334358833693
2025-10-06,domestic,xgb,0.00017440132796764374,0.0026562942133327
2025-10-07,domestic,xgb,0.00017440132796764374,0.0036037078399111
2025-10-08,domestic,xgb,0.00017440132796764374,-0.0003981501732752
2025-10-09,domestic,xgb,0.00017440132796764374,0.0103442278498011
2025-10-10,domestic,xgb,0.00017440132796764374,0.0008384497654123
2025-10-13,domestic,xgb,0.00017440132796764374,-0.0037193991495154
2025-10-14,domestic,xgb,0.00017440132796764374,-0.0197235921681198
2025-10-15,domestic,xgb,0.00017440132796764374,-0.0019043878066504
2025-10-16,domestic,xgb,0.00017440132796764374,0.009097780630352
2025-10-17,domestic,xgb,0.00017440132796764374,-0.0260732594808548
2025-10-20,domestic,xgb,0.00017440132796764374,0.021659857267144
2025-10-21,domestic,xgb,0.00017440132796764374,0.0182653930452687
2025-10-22,domestic,xgb,0.00017440132796764374,-0.0104366336701708
2025-10-23,domestic,xgb,0.00017440132796764374,0.014829400120826
2025-10-24,domestic,xgb,0.00017440132796764374,-0.0003178860381147
2025-10-27,domestic,xgb,0.00017440132796764374,-0.0188634555075708
2025-10-28,domestic,xgb,0.00017440132796764374,-0.0030255798274509
2025-10-29,domestic,xgb,0.00017440132796764374,0.0090530023680397
2025-10-30,domestic,xgb,0.00017440132796764374,0.0021822062994498
2025-10-31,domestic,xgb,0.00017440132796764374,-0.0024699107515218
2025-11-03,domestic,xgb,0.00017440132796764374,0.0135301366724256
2025-11-04,domestic,xgb,0.00017440132796764374,-0.0040168197581156
2025-11-05,domestic,xgb,0.00017440132796764374,0.009252869194519
2025-11-06,domestic,xgb,0.00017440132796764374,0.0022252306090333
2025-11-07,domestic,xgb,0.00017440132796764374,0.0068770817030365
2025-11-10,domestic,xgb,0.00017440132796764374,-0.0003990996458167
2025-11-11,domestic,xgb,0.00017440132796764374,-0.0029509446883668
2025-11-12,domestic,xgb,0.00017440132796764374,0.0026322487456909
2025-11-13,domestic,xgb,0.00017440132796764374,-0.0019769486033034
2025-11-14,domestic,xgb,0.00017440132796764374,-0.0001867681262819
2025-11-17,domestic,xgb,0.00017440132796764374,0.0055335115811274
2025-11-18,domestic,xgb,0.00017440132796764374,-0.0065506742148784
2025-11-19,domestic,xgb,0.00017440132796764374,0.005325636153648
2025-11-20,domestic,xgb,0.00017440132796764374,0.0015855764645049
2025-11-21,domestic,xgb,0.00017440132796764374,-0.0006612024599927
2025-11-24,domestic,xgb,0.00017440132796764374,0.0183585921689175
2025-11-25,domestic,xgb,0.00017440132796764374,-0.0056598265054432
2025-11-26,domestic,xgb,0.00017440132796764374,0.0093723003896553
2025-11-27,domestic,xgb,0.00017440132796764374,-0.0065622657301673
2025-11-28,domestic,xgb,0.00017440132796764374,-0.0043576866120282
2025-12-01,domestic,xgb,0.00017440132796764374,0.0046996475206491
2025-12-02,domestic,xgb,0.00017440132796764374,0.0079524541872277
2025-12-03,domestic,xgb,0.00017440132796764374,-0.0006101237883484
2025-12-04,domestic,xgb,0.00017440132796764374,0.0032934422333177
2025-12-05,domestic,xgb,0.00017440132796764374,-0.0008609466602429
2025-12-08,domestic,xgb,0.00017440132796764374,0.0089872623583673
2025-12-09,domestic,xgb,0.00017440132796764374,-0.0061627313587031
2025-12-10,domestic,xgb,0.00017440132796764374,0.0050403216250725
2025-12-11,domestic,xgb,0.00017440132796764374,-0.0092882719235358
2025-12-12,domestic,xgb,0.00017440132796764374,0.0046314096273185
2025-12-15,domestic,xgb,0.00017440132796764374,-0.00125208718684
2025-12-16,domestic,xgb,0.00017440132796764374,0.0042462411281096
2025-12-17,domestic,xgb,0.00017440132796764374,-0.0010509240138478
2025-12-18,domestic,xgb,0.00017440132796764374,-0.0068398725372968
2025-12-19,domestic,xgb,0.00017440132796764374,-0.0010035592501171
2025-12-22,domestic,xgb,0.00017440132796764374,0.0042065711336825
2025-12-23,domestic,xgb,0.00017440132796764374,-0.0070875868507034
2025-12-24,domestic,xgb,0.00017440132796764374,-0.0054747474404788
2025-12-29,domestic,xgb,0.00017440132796764374,0.0123786580064475
2025-12-30,domestic,xgb,0.00017440132796764374,0.0003102870925975
2026-01-02,domestic,xgb,0.00017440132796764374,0.0116348481606927
2026-01-05,domestic,xgb,0.00017440132796764374,0.0126153239393822
2026-01-06,domestic,xgb,0.00017440132796764374,0.0083650015085705
2026-01-07,domestic,xgb,0.00017440132796764374,0.0012533659285551
2026-01-08,domestic,xgb,0.00017440132796764374,-0.0021647983654791
2026-01-09,domestic,xgb,0.00017440132796764374,0.0012633593936364
2026-01-12,domestic,xgb,0.00017440132796764374,-0.0058391792235212
2026-01-13,domestic,xgb,0.00017440132796764374,0.0071306293947106
2026-01-14,domestic,xgb,0.00017440132796764374,0.009374606331697
2026-01-15,domestic,xgb,0.00017440132796764374,0.004729662971707
2026-01-19,domestic,xgb,0.00017440132796764374,0.0064216707143742
2026-01-20,domestic,xgb,0.00017440132796764374,9.055424603765516e-05
2026-01-21,domestic,xgb,0.00017440132796764374,-0.0137086643583064
2026-01-22,domestic,xgb,0.00017440132796764374,-0.0020161037952419
2026-01-23,domestic,xgb,0.00017440132796764374,-0.0045892528984463
2026-01-26,domestic,xgb,0.00017440132796764374,0.0027137975281075
2026-01-27,domestic,xgb,0.00017440132796764374,0.0005454002305693
2026-01-28,domestic,xgb,0.00017440132796764374,-0.0762965075072994
2026-01-29,domestic,xgb,0.00017440132796764374,-0.0106753658730536
2026-01-30,domestic,xgb,0.00017440132796764374,0.0117625363260511
2026-02-02,domestic,xgb,0.00017440132796764374,-0.0500802454046525
2026-02-03,domestic,xgb,0.00017440132796764374,0.0249139871077321
2026-02-04,domestic,xgb,0.00017440132796764374,0.002965047773868
2026-02-05,domestic,xgb,0.00017440132796764374,-0.0052721747108535
2026-02-06,domestic,xgb,0.00017440132796764374,-0.0210267342368002
2026-02-09,domestic,xgb,0.00017440132796764374,0.0121017883621323
2026-02-10,domestic,xgb,0.00017440132796764374,0.0123567728975704
2026-02-11,domestic,xgb,0.00017440132796764374,0.0193918152297971
2026-02-12,domestic,xgb,0.00017440132796764374,-0.0030941999547735
2026-02-13,domestic,xgb,0.00017440132796764374,-0.0064427085848546
2026-02-18,domestic,xgb,0.00017440132796764374,0.0118573142533211
2026-02-19,domestic,xgb,0.00017440132796764374,-0.0043590080309741
2026-02-20,domestic,xgb,0.00017440132796764374,-0.000279762413891
2026-02-23,domestic,xgb,0.00017440132796764374,0.0149170702985834
2026-02-24,domestic,xgb,0.00017440132796764374,-0.0138216040430538
2026-02-25,domestic,xgb,0.00017440132796764374,0.0049865012581733
2026-02-26,domestic,xgb,0.00017440132796764374,-0.0105049250097266
2026-02-27,domestic,xgb,0.00017440132796764374,2.715515107531985e-05
2026-03-02,domestic,xgb,0.00017440132796764374,-0.0269088424609638
2026-03-03,domestic,xgb,0.00017440132796764374,-0.0096595160277015
2026-03-04,domestic,xgb,0.00017440132796764374,-0.0467581561674794
2026-03-05,domestic,xgb,0.00017440132796764374,0.0174620642518892
2026-03-06,domestic,xgb,0.00017440132796764374,-0.0163246653962403
2026-03-09,domestic,xgb,0.00017440132796764374,-0.0332828330760488
2026-03-10,domestic,xgb,0.00017440132796764374,0.0140132172511151
2026-03-11,domestic,xgb,0.00017440132796764374,-0.0069471724265692
2026-03-12,domestic,xgb,0.00017440132796764374,-0.003698842773339
2026-03-13,domestic,xgb,0.00017440132796764374,-0.0310253408547289
2026-03-16,domestic,xgb,0.00017440132796764374,-0.016233108765423
2026-03-17,domestic,xgb,0.00017440132796764374,0.0119684380793412
2026-03-25,domestic,xgb,0.00017440132796764374,0.0271073255589158
2026-03-26,domestic,xgb,0.00017440132796764374,-0.019083705300412
2026-03-27,domestic,xgb,0.00017440132796764374,-0.0094009522004299
2026-03-30,domestic,xgb,0.00017440132796764374,-0.0007593644265408
2026-03-31,domestic,xgb,0.00017440132796764374,-0.0061454345434519
2026-04-01,domestic,xgb,0.00017440132796764374,0.0191418860632737
2026-04-02,domestic,xgb,0.00017440132796764374,-0.022188415554547
2026-04-06,domestic,xgb,0.00017440132796764374,-0.0053304765091102
2026-04-07,domestic,xgb,0.00017440132796764374,-0.0026358653136373
2026-04-08,domestic,xgb,0.00017440132796764374,0.0432596613601088
2026-04-09,domestic,xgb,0.00017440132796764374,0.0038911787097148
2026-04-10,domestic,xgb,0.00017440132796764374,0.0204404188580227
2026-04-13,domestic,xgb,0.00017440132796764374,0.0055741572468317
2026-04-14,domestic,xgb,0.00017440132796764374,0.023164261856122
2026-04-15,domestic,xgb,0.00017440132796764374,-0.0068453625076774
2026-04-16,domestic,xgb,0.00017440132796764374,-0.0002891579189423
2026-04-17,domestic,xgb,0.00017440132796764374,0.0016547694572945
2026-04-20,domestic,xgb,0.00017440132796764374,-0.0052394085980331
2026-04-21,domestic,xgb,0.00017440132796764374,-0.0045838966718765
2026-04-22,domestic,xgb,0.00017440132796764374,-0.0023532328153912
2026-04-23,domestic,xgb,0.00017440132796764374,-0.02185120187041
2026-04-24,domestic,xgb,0.00017440132796764374,-0.0343449900681473
2026-04-27,domestic,xgb,0.00017440132796764374,-0.0032270607239279
2026-04-28,domestic,xgb,0.00017440132796764374,-0.0048139088993757
2026-04-29,domestic,xgb,0.00017440132796764374,0.0040686892814907
2026-04-30,domestic,xgb,0.00017440132796764374,-0.020547253530287
2026-05-04,domestic,xgb,0.00017440132796764374,0.0021752021952465
2026-05-05,domestic,xgb,0.00017440132796764374,0.0121396420508261
2026-05-06,domestic,xgb,0.00017440132796764374,0.0049981598841082
2026-05-07,domestic,xgb,0.00017440132796764374,0.0114748890046936
2026-05-08,domestic,xgb,0.00017440132796764374,-0.0289795318978036
2026-05-11,domestic,xgb,0.00017440132796764374,-0.0091929735476501
2026-05-12,domestic,xgb,0.00017440132796764374,-0.0067886673981139
2026-05-13,domestic,xgb,0.00017440132796764374,-0.0199648684016189
2026-05-18,domestic,xgb,0.00017440132796764374,-0.0186275276055187
2026-05-19,domestic,xgb,0.00017440132796764374,-0.0352484378210498
2026-05-20,domestic,xgb,0.00017440132796764374,-0.0082242503645879
2026-05-21,domestic,xgb,0.00017440132796764374,-0.0360227688547514
2026-05-22,domestic,xgb,0.00017440132796764374,0.0109496209313011
2026-05-25,domestic,xgb,0.00017440132796764374,0.007164129563872
2026-05-26,domestic,xgb,0.00017440132796764374,-0.0123470848414299
2026-05-29,domestic,xgb,0.00017440132796764374,-0.0004583423789394
2026-06-02,domestic,xgb,0.00017440132796764374,0.011044007531467
2026-06-03,domestic,xgb,0.00017440132796764374,-0.0419228354228486
2026-06-04,domestic,xgb,0.00017440132796764374,-0.0171945568951965
2026-06-05,domestic,xgb,0.00017440132796764374,-0.0428626443186885
2026-06-08,domestic,xgb,0.00017440132796764374,-0.0462055645925421
2026-06-09,domestic,xgb,0.00017440132796764374,0.0729909205267862
2026-06-10,domestic,xgb,0.00017440132796764374,0.0267382582729336
2026-06-11,domestic,xgb,0.00017440132796764374,-0.00277285282122
2026-06-12,domestic,xgb,0.00017440132796764374,0.0204524912516355
2026-06-15,domestic,xgb,0.00017440132796764374,0.04034106335647
2026-06-17,domestic,xgb,0.00017440132796764374,-0.005486771113377
2026-06-18,domestic,xgb,0.00017440132796764374,-0.0078109132510668
2026-06-19,domestic,xgb,0.00017440132796764374,0.000777250059917
2026-06-22,domestic,xgb,0.00017440132796764374,-0.0098341542611528
2026-06-23,domestic,xgb,0.00017440132796764374,-0.0025138177829013
2026-06-24,domestic,xgb,0.00017440132796764374,-0.0362907188794174
2026-06-25,domestic,xgb,0.00017440132796764374,0.0193825830677241
2026-06-26,domestic,xgb,0.00017440132796764374,-0.0173022912392326
2026-06-29,domestic,xgb,0.00017440132796764374,-0.0128608480518011
2025-01-02,global,lr,-0.0013878627400297496,0.0116970582318742
2025-01-03,global,lr,-0.0026026343671055174,0.0001708755364671
2025-01-06,global,lr,0.00260648110255203,-0.0117875212396114
2025-01-07,global,lr,0.002114520060720018,0.0003967956203343
2025-01-08,global,lr,-0.0013189234893773425,-0.0004140361839883
2025-01-09,global,lr,-0.0006502129578445977,-0.0022289478425765
2025-01-10,global,lr,0.00014031294546851242,0.0034307306119174
2025-01-13,global,lr,-0.001763885255957512,-0.0102068950009197
2025-01-14,global,lr,5.533459676767877e-05,-0.008618320466688
2025-01-15,global,lr,0.001489265019162689,0.017511844582712
2025-01-16,global,lr,0.0024490003087284298,0.0039412007770192
2025-01-17,global,lr,-2.940100786082847e-05,0.0066103976969955
2025-01-20,global,lr,0.0005155155691771627,0.0022447716116733
2025-01-21,global,lr,0.00022924761981381412,0.0015443952311642
2025-01-22,global,lr,0.0032842585218087906,0.0104313402368703
2025-01-23,global,lr,0.000849672209518996,-0.0033796098769087
2025-01-24,global,lr,0.0010945707026516112,-0.0092490839255319
2025-01-30,global,lr,0.001009939639896083,-0.0130031542140969
2025-01-31,global,lr,-0.0015580277122658032,0.005036828651999
2025-02-03,global,lr,-0.0013646754038536201,-0.0111941580829419
2025-02-04,global,lr,-0.0016851221585041237,0.0061546372624921
2025-02-05,global,lr,0.002788759049220417,-0.0069842885737472
2025-02-06,global,lr,0.0010908143695754914,-0.0213956963687795
2025-02-07,global,lr,0.0003467574858618416,-0.0195275502239837
2025-02-10,global,lr,-0.0012600838428542425,-0.0141046425960791
2025-02-11,global,lr,0.0006661201425317052,-0.017625750583134
2025-02-12,global,lr,0.0011803553949946903,0.017270060485508
2025-02-13,global,lr,-7.33015223996594e-06,-0.0048584636101125
2025-02-14,global,lr,0.0022549942738199,0.0037565789481757
2025-02-17,global,lr,0.0013565416655084816,0.0285739215045204
2025-02-18,global,lr,0.00016159175213925248,0.0062275457498319
2025-02-19,global,lr,-1.1128343832267893e-06,-0.0115136776304805
2025-02-20,global,lr,0.00017685686981878056,-0.0010051119194862
2025-02-21,global,lr,0.0012254319040726582,0.0022013013202872
2025-02-24,global,lr,-0.002627919150747944,-0.0078804318894967
2025-02-25,global,lr,-0.00033839565976921345,-0.0243721986636309
2025-02-26,global,lr,-0.0001291953703561391,0.0028941011525738
2025-02-27,global,lr,-0.00020527255084214742,-0.0184443702875487
2025-02-28,global,lr,-0.002826385330453498,-0.0336893430137443
2025-03-03,global,lr,0.0009750553246712461,0.0389503595209799
2025-03-04,global,lr,-0.0005692193342311568,-0.0215910226637365
2025-03-05,global,lr,0.000926251436993333,0.0233902218715034
2025-03-06,global,lr,0.001458334989705461,0.0131489649077423
2025-03-07,global,lr,0.001222795111920039,0.002739256481842
2025-03-10,global,lr,0.0015121963159379418,-0.0057106821135857
2025-03-11,global,lr,-0.003231352871582538,-0.0079674142364716
2025-03-12,global,lr,0.0002329529174086206,0.018045417596058
2025-03-13,global,lr,0.0008635162645432342,-0.002648336589333
2025-03-14,global,lr,-0.0020535753578132636,-0.0200243192655662
2025-03-17,global,lr,0.002910195973622324,-0.0067270815223015
2025-03-18,global,lr,0.001454903571913834,-0.0391624737037581
2025-03-19,global,lr,-0.0008164485888196671,0.0140842587025709
2025-03-20,global,lr,0.0009450194937761144,0.0110316772571863
2025-03-21,global,lr,-0.0006968089080277374,-0.0195411383943717
2025-03-24,global,lr,-8.272749478123705e-05,-0.0156148315582882
2025-03-25,global,lr,0.0020347115423328802,0.0120034265236341
2025-03-26,global,lr,0.00042876539391476984,0.0372623027610927
2025-03-27,global,lr,-0.0014529151526647846,0.0058945299952295
2025-04-08,global,lr,0.000866021626204383,-0.0823184303818056
2025-04-09,global,lr,-0.013914655751042485,-0.0047064599132049
2025-04-10,global,lr,0.010691947268887001,0.0468152672196158
2025-04-11,global,lr,0.00020199041452174574,0.0013106401057214
2025-04-14,global,lr,0.004495267946329073,0.0168309217293725
2025-04-15,global,lr,0.0012469620584571364,0.0114232112107028
2025-04-16,global,lr,-0.0012345566190143501,-0.0064833987929997
2025-04-17,global,lr,-0.0008232840886213233,0.0059532628824605
2025-04-21,global,lr,0.0006588409618711251,0.0011949105741084
2025-04-22,global,lr,-6.156499415162827e-05,0.0142173776108567
2025-04-23,global,lr,0.0016054367767538472,0.0145927502790428
2025-04-24,global,lr,-6.887252505377836e-05,-0.0031550682202539
2025-04-25,global,lr,0.0031971988048453167,0.0098458629711792
2025-04-28,global,lr,0.0004492333388287775,0.006573844425505
2025-04-29,global,lr,0.0006627528848114678,0.0038760879155237
2025-04-30,global,lr,0.00020241066148603533,0.0026220637755631
2025-05-02,global,lr,-0.0003294632008192922,0.0072056220290583
2025-05-05,global,lr,0.0017562949970793525,0.0023772792266765
2025-05-06,global,lr,-3.133956480434952e-05,0.009649588404585
2025-05-07,global,lr,0.000371524979723749,0.0040549050036204
2025-05-08,global,lr,-0.0002476758905858204,-0.0143197555163254
2025-05-09,global,lr,-0.0008503531153335971,0.000739826975435
2025-05-14,global,lr,0.0008337793196592292,0.0212966905653591
2025-05-15,global,lr,0.0036996156386535774,0.0085993502315222
2025-05-16,global,lr,0.0007947514203390548,0.0093824416812147
2025-05-19,global,lr,0.0005156550618533881,0.0048520408637386
2025-05-20,global,lr,0.0018117642575983359,-0.0065313202824039
2025-05-21,global,lr,0.00041507120060674696,0.0067231657302215
2025-05-22,global,lr,-0.00019227615675356058,0.0034271138890193
2025-05-23,global,lr,-0.0008171167379246529,0.0065616891192679
2025-05-26,global,lr,0.001059329621265357,-0.0035841079461444
2025-05-27,global,lr,0.0005617871500058843,0.0014754341442824
2025-05-28,global,lr,0.0007855118018129947,-0.0032206350480148
2025-06-02,global,lr,-0.000838919617259074,-0.015554119262596
2025-06-03,global,lr,0.0033621263302891775,-0.0028699137006142
2025-06-04,global,lr,-0.00024199218185685063,0.0034314294887476
2025-06-05,global,lr,0.0008370378684539841,0.0062595394951845
2025-06-10,global,lr,-8.765004754883657e-05,0.0163582736823411
2025-06-11,global,lr,0.0017966981887116314,-0.0011470211076733
2025-06-12,global,lr,0.0008473474793040255,-0.0025072662218459
2025-06-13,global,lr,0.001729450446580376,-0.0053311213400526
2025-06-16,global,lr,-0.000838199407900206,-0.0067873810453846
2025-06-17,global,lr,0.0015639617107925535,0.0053611903529411
2025-06-18,global,lr,-0.002465866820988586,-0.0067392568009996
2025-06-19,global,lr,-7.396537816752234e-05,-0.0197712705179995
2025-06-20,global,lr,0.00030290864858532396,-0.0088645670465989
2025-06-23,global,lr,0.00031692060109788495,-0.0175257308950307
2025-06-24,global,lr,0.0012039949572387203,0.0120137492667478
2025-06-25,global,lr,0.001950939264438681,-0.0054050176897106
2025-06-26,global,lr,0.0005663003484974235,0.0095061179390167
2025-06-30,global,lr,0.00217628223275472,0.004380350386107
2025-07-01,global,lr,0.0015886353767615416,-0.0017798604965406
2025-07-02,global,lr,0.00033618985528544926,-0.0049453928224298
2025-07-03,global,lr,0.001154734456854043,-0.0004643167816826
2025-07-04,global,lr,7.856860040375907e-05,-0.0018713037053217
2025-07-07,global,lr,0.00023435713009393192,0.0051925022056593
2025-07-08,global,lr,-0.0008338265199489476,0.0005012502357963
2025-07-09,global,lr,0.000287877406309509,0.0057089827138572
2025-07-10,global,lr,0.0006528007996143973,0.0088104273642795
2025-07-11,global,lr,-0.0002343990241677479,0.0059869909197001
2025-07-14,global,lr,9.448930304097871e-06,0.0070292739912503
2025-07-15,global,lr,-0.0003170025249525925,0.0060857588114657
2025-07-16,global,lr,-0.0013371027953754562,0.007192631518972
2025-07-17,global,lr,0.0009504553357000383,0.0131230108119364
2025-07-18,global,lr,0.0002347505765038137,0.0034103947077941
2025-07-21,global,lr,0.0005901853971614687,0.0117304170776222
2025-07-22,global,lr,0.0015447614557774197,-0.0072517874216782
2025-07-23,global,lr,0.0010752254309597392,0.0168080678781752
2025-07-24,global,lr,0.0014675805354715887,0.0082228907284616
2025-07-25,global,lr,2.811932907426112e-05,0.0016718507076642
2025-07-28,global,lr,-5.0338566895115816e-05,0.0094028747482237
2025-07-29,global,lr,-0.0016987099748902756,0.0004121613755039
2025-07-30,global,lr,-0.0005972453510201734,-0.0089689367628551
2025-07-31,global,lr,-0.001900084843995957,-0.0087203277194465
2025-08-01,global,lr,-0.0005803062935522572,0.0071137004747967
2025-08-04,global,lr,0.0003735946745409455,-0.0097482485675808
2025-08-05,global,lr,0.0017102064383844426,0.0067477709114527
2025-08-06,global,lr,-0.000451009157169846,-0.0015227525465348
2025-08-07,global,lr,0.002146942099776945,-0.0018096516955576
2025-08-08,global,lr,-0.0004077495813661629,0.0057512009938207
2025-08-11,global,lr,0.00164848221322992,0.0095830782599382
2025-08-12,global,lr,-0.0008313444543074314,0.0241311278289817
2025-08-13,global,lr,0.0022984908536922348,0.0129063807043898
2025-08-14,global,lr,0.0009017527055648161,0.0048457439335116
2025-08-15,global,lr,-0.0002995267850853553,-0.0041537334969223
2025-08-19,global,lr,0.0006088575537909905,-0.0044952873774004
2025-08-20,global,lr,-0.0013803017614811067,0.0102331671478239
2025-08-21,global,lr,0.00011172206619050181,-0.0067081898930219
2025-08-22,global,lr,-0.0009012839037733104,-0.0040463099963083
2025-08-25,global,lr,0.0034894263465684527,0.0086225283194742
2025-08-26,global,lr,-0.0018092909501744106,-0.0026717428125593
2025-08-27,global,lr,0.0008609281298453576,0.0038403120922723
2025-08-28,global,lr,0.000616773594103535,0.0020030023448232
2025-08-29,global,lr,0.0013763991624703628,-0.0154090300018463
2025-09-01,global,lr,-0.0004312228332700696,-0.01213221288363
2025-09-02,global,lr,0.00021224859613058072,0.008433634121685
2025-09-03,global,lr,-0.001772604156996405,0.010744723318707
2025-09-04,global,lr,0.0011745823936580241,-0.0023505883385706
2025-09-08,global,lr,0.00030261617211504814,-0.0128564845395935
2025-09-09,global,lr,0.0014902918008055219,-0.0179595685239828
2025-09-10,global,lr,-2.6836468092420482e-05,0.0091863431049699
2025-09-11,global,lr,0.00048616365903402555,0.0063311183166856
2025-09-12,global,lr,0.001364798378078734,0.0136081464947483
2025-09-15,global,lr,0.00034128216336699765,0.0105196547403974
2025-09-16,global,lr,0.001245788442192357,0.0025892279406942
2025-09-17,global,lr,0.0015530156720439195,0.0084445132000361
2025-09-18,global,lr,-0.0005247930845093388,-0.0020888742375611
2025-09-19,global,lr,-5.723989307940131e-05,0.005315859502522
2025-09-22,global,lr,0.00021950182257607836,-0.0013770424534698
2025-09-23,global,lr,0.001091369377860333,0.0105365458256976
2025-09-24,global,lr,-2.231976633072346e-05,0.0001669891331452
2025-09-25,global,lr,-0.0011645383488414355,-0.0106256805864397
2025-09-26,global,lr,-0.001539779342051612,0.0072699175019987
2025-09-29,global,lr,0.0016409471338260904,0.0029480057372595
2025-09-30,global,lr,0.000721640983324819,-0.0076844082315723
2025-10-01,global,lr,0.0007742343744088446,-0.0021409953882773
2025-10-02,global,lr,0.0006045701483945201,0.0033831173079352
2025-10-03,global,lr,-0.0003080742530297639,0.0058334358833693
2025-10-06,global,lr,0.0007284150115640839,0.0026562942133327
2025-10-07,global,lr,3.1308805489237016e-05,0.0036037078399111
2025-10-08,global,lr,-0.0012100658980684768,-0.0003981501732752
2025-10-09,global,lr,0.00024639801195991607,0.0103442278498011
2025-10-10,global,lr,-0.001595802003863353,0.0008384497654123
2025-10-13,global,lr,-0.0021600187693552974,-0.0037193991495154
2025-10-14,global,lr,0.0012991363824100858,-0.0197235921681198
2025-10-15,global,lr,0.0002941421667471951,-0.0019043878066504
2025-10-16,global,lr,0.001410134743367904,0.009097780630352
2025-10-17,global,lr,-0.0001253436231254936,-0.0260732594808548
2025-10-20,global,lr,0.0006421604900574626,0.021659857267144
2025-10-21,global,lr,0.0011425401266563994,0.0182653930452687
2025-10-22,global,lr,-0.0004662219210877362,-0.0104366336701708
2025-10-23,global,lr,-0.00044395188965888697,0.014829400120826
2025-10-24,global,lr,0.0014395854845447775,-0.0003178860381147
2025-10-27,global,lr,0.0009733059862551326,-0.0188634555075708
2025-10-28,global,lr,0.0017971733101017134,-0.0030255798274509
2025-10-29,global,lr,0.0005554656286936345,0.0090530023680397
2025-10-30,global,lr,-0.0005551442986472644,0.0021822062994498
2025-10-31,global,lr,-0.0013925117769511305,-0.0024699107515218
2025-11-03,global,lr,-0.00010864667279404078,0.0135301366724256
2025-11-04,global,lr,0.0006975140454515384,-0.0040168197581156
2025-11-05,global,lr,-0.0021318307471924597,0.009252869194519
2025-11-06,global,lr,0.0007776252039468074,0.0022252306090333
2025-11-07,global,lr,-0.0002680035737720228,0.0068770817030365
2025-11-10,global,lr,0.000647995711413053,-0.0003990996458167
2025-11-11,global,lr,0.0018585115243856202,-0.0029509446883668
2025-11-12,global,lr,0.0009931423149874248,0.0026322487456909
2025-11-13,global,lr,-7.339786363248218e-05,-0.0019769486033034
2025-11-14,global,lr,-0.0010742224225893716,-0.0001867681262819
2025-11-17,global,lr,0.0003677624003162557,0.0055335115811274
2025-11-18,global,lr,-0.0017043209280795575,-0.0065506742148784
2025-11-19,global,lr,-0.0005926700483365611,0.005325636153648
2025-11-20,global,lr,-0.0005447021424348934,0.0015855764645049
2025-11-21,global,lr,-0.0015625956699524277,-0.0006612024599927
2025-11-24,global,lr,0.0010395205470540415,0.0183585921689175
2025-11-25,global,lr,0.0020559883522961323,-0.0056598265054432
2025-11-26,global,lr,0.0018977444532029366,0.0093723003896553
2025-11-27,global,lr,0.0012264592737723564,-0.0065622657301673
2025-11-28,global,lr,0.0001534925687212538,-0.0043576866120282
2025-12-01,global,lr,0.0011648722537075766,0.0046996475206491
2025-12-02,global,lr,0.00010378241535595097,0.0079524541872277
2025-12-03,global,lr,0.0005062618199729302,-0.0006101237883484
2025-12-04,global,lr,0.0014893297009308931,0.0032934422333177
2025-12-05,global,lr,0.00017384498751312692,-0.0008609466602429
2025-12-08,global,lr,0.0008135755690835194,0.0089872623583673
2025-12-09,global,lr,-0.0005780198606588051,-0.0061627313587031
2025-12-10,global,lr,-0.00024164412340903931,0.0050403216250725
2025-12-11,global,lr,0.0019141010660705816,-0.0092882719235358
2025-12-12,global,lr,0.0011584646067030872,0.0046314096273185
2025-12-15,global,lr,-0.0007623739700220207,-0.00125208718684
2025-12-16,global,lr,0.0005568705750842218,0.0042462411281096
2025-12-17,global,lr,-0.0002928995859138078,-0.0010509240138478
2025-12-18,global,lr,-0.001362671758822083,-0.0068398725372968
2025-12-19,global,lr,0.0007812204367564511,-0.0010035592501171
2025-12-22,global,lr,0.00106452833315929,0.0042065711336825
2025-12-23,global,lr,0.0018206973529262813,-0.0070875868507034
2025-12-24,global,lr,0.0015124203923728118,-0.0054747474404788
2025-12-29,global,lr,0.00046859463991190484,0.0123786580064475
2025-12-30,global,lr,-0.0006077565290599909,0.0003102870925975
2026-01-02,global,lr,-0.0001571381377131079,0.0116348481606927
2026-01-05,global,lr,-0.0006310500758728321,0.0126153239393822
2026-01-06,global,lr,0.0010963330152687575,0.0083650015085705
2026-01-07,global,lr,0.0004152948205023767,0.0012533659285551
2026-01-08,global,lr,-0.00055990518546118,-0.0021647983654791
2026-01-09,global,lr,-0.0001156640717082171,0.0012633593936364
2026-01-12,global,lr,0.0008519195458626233,-0.0058391792235212
2026-01-13,global,lr,0.0009972683231030811,0.0071306293947106
2026-01-14,global,lr,-0.00044127144028067436,0.009374606331697
2026-01-15,global,lr,-0.00035882095777596394,0.004729662971707
2026-01-19,global,lr,-0.00012599340424028708,0.0064216707143742
2026-01-20,global,lr,0.00031732925340669513,9.055424603765516e-05
2026-01-21,global,lr,-0.0002447082512474994,-0.0137086643583064
2026-01-22,global,lr,0.0010130585609785941,-0.0020161037952419
2026-01-23,global,lr,0.0015809125884971601,-0.0045892528984463
2026-01-26,global,lr,0.002089897540103321,0.0027137975281075
2026-01-27,global,lr,0.001856397694946405,0.0005454002305693
2026-01-28,global,lr,0.0025505546341095687,-0.0762965075072994
2026-01-29,global,lr,-5.8248530199155523e-05,-0.0106753658730536
2026-01-30,global,lr,0.0006552205377795832,0.0117625363260511
2026-02-02,global,lr,-0.0016729441716825811,-0.0500802454046525
2026-02-03,global,lr,-0.0006821038679010506,0.0249139871077321
2026-02-04,global,lr,-0.0003860546272279594,0.002965047773868
2026-02-05,global,lr,-0.0004879813294600434,-0.0052721747108535
2026-02-06,global,lr,-0.0019845178231181326,-0.0210267342368002
2026-02-09,global,lr,0.002871299210498997,0.0121017883621323
2026-02-10,global,lr,0.0024451629544650594,0.0123567728975704
2026-02-11,global,lr,-0.00032416988403653724,0.0193918152297971
2026-02-12,global,lr,0.00023226835612593434,-0.0030941999547735
2026-02-13,global,lr,-0.002337722502533846,-0.0064427085848546
2026-02-18,global,lr,0.0002885806400871609,0.0118573142533211
2026-02-19,global,lr,-0.0003184364135250865,-0.0043590080309741
2026-02-20,global,lr,-0.0006975462300527103,-0.000279762413891
2026-02-23,global,lr,0.001241187549855844,0.0149170702985834
2026-02-24,global,lr,-0.0010748921689175427,-0.0138216040430538
2026-02-25,global,lr,0.0006497419706498913,0.0049865012581733
2026-02-26,global,lr,0.0017177686144484961,-0.0105049250097266
2026-02-27,global,lr,-0.0006402967867948368,2.715515107531985e-05
2026-03-02,global,lr,0.00011480484210950678,-0.0269088424609638
2026-03-03,global,lr,-0.0008089591390239897,-0.0096595160277015
2026-03-04,global,lr,-0.001979924694160075,-0.0467581561674794
2026-03-05,global,lr,0.001965961605857775,0.0174620642518892
2026-03-06,global,lr,-0.0010370748064889206,-0.0163246653962403
2026-03-09,global,lr,0.00010461922517518208,-0.0332828330760488
2026-03-10,global,lr,0.0008593995868486222,0.0140132172511151
2026-03-11,global,lr,0.00011290831651907673,-0.0069471724265692
2026-03-12,global,lr,-0.000356787621339582,-0.003698842773339
2026-03-13,global,lr,-0.0017176745375192583,-0.0310253408547289
2026-03-16,global,lr,-0.0015813891273320003,-0.016233108765423
2026-03-17,global,lr,0.0022442681463244866,0.0119684380793412
2026-03-25,global,lr,0.0007231550242158278,0.0271073255589158
2026-03-26,global,lr,-0.0018746818153234414,-0.019083705300412
2026-03-27,global,lr,-0.002000878641879415,-0.0094009522004299
2026-03-30,global,lr,-0.0016478895948504088,-0.0007593644265408
2026-03-31,global,lr,-0.0011594153908645508,-0.0061454345434519
2026-04-01,global,lr,0.004152726074535121,0.0191418860632737
2026-04-02,global,lr,0.00160008300818873,-0.022188415554547
2026-04-06,global,lr,0.00020477587247836606,-0.0053304765091102
2026-04-07,global,lr,0.0008962595719320168,-0.0026358653136373
2026-04-08,global,lr,0.0009348220849302916,0.0432596613601088
2026-04-09,global,lr,0.0026614599004344376,0.0038911787097148
2026-04-10,global,lr,0.0016683771897388925,0.0204404188580227
2026-04-13,global,lr,0.00040011356417732135,0.0055741572468317
2026-04-14,global,lr,0.0018946836736423345,0.023164261856122
2026-04-15,global,lr,0.0013117928161673483,-0.0068453625076774
2026-04-16,global,lr,0.0013743744922079164,-0.0002891579189423
2026-04-17,global,lr,0.0004713167859461973,0.0016547694572945
2026-04-20,global,lr,0.0007853731452841692,-0.0052394085980331
2026-04-21,global,lr,0.00038861091807075555,-0.0045838966718765
2026-04-22,global,lr,-0.0008550305770697751,-0.0023532328153912
2026-04-23,global,lr,0.000994517285812879,-0.02185120187041
2026-04-24,global,lr,-0.0005840861253702892,-0.0343449900681473
2026-04-27,global,lr,0.001613545478557974,-0.0032270607239279
2026-04-28,global,lr,0.0005632065351799823,-0.0048139088993757
2026-04-29,global,lr,-0.00042155754730541424,0.0040686892814907
2026-04-30,global,lr,0.00021510911815571942,-0.020547253530287
2026-05-04,global,lr,0.0027666320612112195,0.0021752021952465
2026-05-05,global,lr,-0.0004939181382129713,0.0121396420508261
2026-05-06,global,lr,0.0006059982129969458,0.0049981598841082
2026-05-07,global,lr,0.002241115868041878,0.0114748890046936
2026-05-08,global,lr,-0.0006032050379721301,-0.0289795318978036
2026-05-11,global,lr,0.0019343231074773499,-0.0091929735476501
2026-05-12,global,lr,0.000433018953820029,-0.0067886673981139
2026-05-13,global,lr,-0.0003097747773147275,-0.0199648684016189
2026-05-18,global,lr,0.0004058788075059175,-0.0186275276055187
2026-05-19,global,lr,-0.0005692169581740823,-0.0352484378210498
2026-05-20,global,lr,-0.0011478422611374964,-0.0082242503645879
2026-05-21,global,lr,0.000837773670398235,-0.0360227688547514
2026-05-22,global,lr,0.00024620646909584274,0.0109496209313011
2026-05-25,global,lr,0.0002524257308612203,0.007164129563872
2026-05-26,global,lr,0.00018009990398333944,-0.0123470848414299
2026-05-29,global,lr,0.000895825538960901,-0.0004583423789394
2026-06-02,global,lr,0.0008675135855500916,0.011044007531467
2026-06-03,global,lr,0.0005652791230498298,-0.0419228354228486
2026-06-04,global,lr,-0.0011924619385524045,-0.0171945568951965
2026-06-05,global,lr,0.0006937802119140681,-0.0428626443186885
2026-06-08,global,lr,-0.003907236615735202,-0.0462055645925421
2026-06-09,global,lr,0.0005116505161373245,0.0729909205267862
2026-06-10,global,lr,-5.122870192427346e-05,0.0267382582729336
2026-06-11,global,lr,-0.0014323702812007553,-0.00277285282122
2026-06-12,global,lr,0.0017275630940345546,0.0204524912516355
2026-06-15,global,lr,0.0008710229262039167,0.04034106335647
2026-06-17,global,lr,0.0017540846142346748,-0.005486771113377
2026-06-18,global,lr,-0.0029240680890577206,-0.0078109132510668
2026-06-19,global,lr,-0.0003401736567316773,0.000777250059917
2026-06-22,global,lr,8.22135967381864e-05,-0.0098341542611528
2026-06-23,global,lr,-0.00040417289492234235,-0.0025138177829013
2026-06-24,global,lr,-0.002369895333293983,-0.0362907188794174
2026-06-25,global,lr,-0.0009056465587724757,0.0193825830677241
2026-06-26,global,lr,0.0007862762962587821,-0.0173022912392326
2026-06-29,global,lr,-1.5412554568042632e-05,-0.0128608480518011
2025-01-02,global,rf,-0.0010248868607890841,0.0116970582318742
2025-01-03,global,rf,-0.0015163994143592681,0.0001708755364671
2025-01-06,global,rf,0.0023635046730381866,-0.0117875212396114
2025-01-07,global,rf,0.0019645506489289906,0.0003967956203343
2025-01-08,global,rf,-0.0010808249166144772,-0.0004140361839883
2025-01-09,global,rf,-0.00019824658134917923,-0.0022289478425765
2025-01-10,global,rf,-4.794473220056105e-05,0.0034307306119174
2025-01-13,global,rf,-0.002627861140275549,-0.0102068950009197
2025-01-14,global,rf,0.0006119570859615199,-0.008618320466688
2025-01-15,global,rf,0.0018138523922422592,0.017511844582712
2025-01-16,global,rf,0.0013197532939907375,0.0039412007770192
2025-01-17,global,rf,-0.0005523317338905872,0.0066103976969955
2025-01-20,global,rf,0.001171413382948572,0.0022447716116733
2025-01-21,global,rf,-5.0271168318677864e-05,0.0015443952311642
2025-01-22,global,rf,0.0026989524647136804,0.0104313402368703
2025-01-23,global,rf,0.0006256162325657208,-0.0033796098769087
2025-01-24,global,rf,0.0006699623235968408,-0.0092490839255319
2025-01-30,global,rf,0.0004405588435175565,-0.0130031542140969
2025-01-31,global,rf,-0.0009806238298781184,0.005036828651999
2025-02-03,global,rf,-0.0012565371923331297,-0.0111941580829419
2025-02-04,global,rf,-0.0013991173301934425,0.0061546372624921
2025-02-05,global,rf,0.002081285788314354,-0.0069842885737472
2025-02-06,global,rf,0.0012483554918846598,-0.0213956963687795
2025-02-07,global,rf,0.0006720366970077497,-0.0195275502239837
2025-02-10,global,rf,-0.0010478306242282923,-0.0141046425960791
2025-02-11,global,rf,0.0008072869615538667,-0.017625750583134
2025-02-12,global,rf,0.0007567684669260926,0.017270060485508
2025-02-13,global,rf,-0.0006568613539729424,-0.0048584636101125
2025-02-14,global,rf,0.0026671892454332574,0.0037565789481757
2025-02-17,global,rf,0.0005864669947258261,0.0285739215045204
2025-02-18,global,rf,-2.6663346645838643e-05,0.0062275457498319
2025-02-19,global,rf,4.0189552214737104e-05,-0.0115136776304805
2025-02-20,global,rf,0.000682555563426485,-0.0010051119194862
2025-02-21,global,rf,0.00027748869001107844,0.0022013013202872
2025-02-24,global,rf,-0.0029486947470670865,-0.0078804318894967
2025-02-25,global,rf,-0.0005749972726288033,-0.0243721986636309
2025-02-26,global,rf,-0.00021119707813537704,0.0028941011525738
2025-02-27,global,rf,-0.00019169170745406494,-0.0184443702875487
2025-02-28,global,rf,-0.0034614323884317065,-0.0336893430137443
2025-03-03,global,rf,0.0012329348465603665,0.0389503595209799
2025-03-04,global,rf,-0.0023776177681677723,-0.0215910226637365
2025-03-05,global,rf,-0.00044419318171732484,0.0233902218715034
2025-03-06,global,rf,0.0012984064023035696,0.0131489649077423
2025-03-07,global,rf,-0.001955250983993721,0.002739256481842
2025-03-10,global,rf,0.0013069253659384048,-0.0057106821135857
2025-03-11,global,rf,-0.0026128316775371222,-0.0079674142364716
2025-03-12,global,rf,-8.998627430455722e-05,0.018045417596058
2025-03-13,global,rf,0.0009366155011222641,-0.002648336589333
2025-03-14,global,rf,-0.0020098777253202763,-0.0200243192655662
2025-03-17,global,rf,0.0013203453991917895,-0.0067270815223015
2025-03-18,global,rf,0.001750228934720934,-0.0391624737037581
2025-03-19,global,rf,-0.0011466409527562,0.0140842587025709
2025-03-20,global,rf,0.0013067320790650788,0.0110316772571863
2025-03-21,global,rf,-0.0006519095460610937,-0.0195411383943717
2025-03-24,global,rf,0.0003529112070609689,-0.0156148315582882
2025-03-25,global,rf,0.0014059052044016267,0.0120034265236341
2025-03-26,global,rf,0.000726966587846411,0.0372623027610927
2025-03-27,global,rf,-0.0007496336512355931,0.0058945299952295
2025-04-08,global,rf,0.00027762217807712053,-0.0823184303818056
2025-04-09,global,rf,-0.002648135182121502,-0.0047064599132049
2025-04-10,global,rf,0.0009351055526443107,0.0468152672196158
2025-04-11,global,rf,-0.002386514762153115,0.0013106401057214
2025-04-14,global,rf,0.003188284195667428,0.0168309217293725
2025-04-15,global,rf,0.0009803071880329433,0.0114232112107028
2025-04-16,global,rf,-0.0011014906657851014,-0.0064833987929997
2025-04-17,global,rf,-0.002008020591866409,0.0059532628824605
2025-04-21,global,rf,0.00075141641667914,0.0011949105741084
2025-04-22,global,rf,-0.001835850163064005,0.0142173776108567
2025-04-23,global,rf,-0.0006531439920650474,0.0145927502790428
2025-04-24,global,rf,-0.00016155140659333453,-0.0031550682202539
2025-04-25,global,rf,0.003012506590355901,0.0098458629711792
2025-04-28,global,rf,0.0011228014088155705,0.006573844425505
2025-04-29,global,rf,0.001271476920543336,0.0038760879155237
2025-04-30,global,rf,0.0008369860171597589,0.0026220637755631
2025-05-02,global,rf,0.0006290173339157045,0.0072056220290583
2025-05-05,global,rf,6.210795211340019e-05,0.0023772792266765
2025-05-06,global,rf,-0.00042436929628431356,0.009649588404585
2025-05-07,global,rf,0.00035448882978906713,0.0040549050036204
2025-05-08,global,rf,0.0006875734871456938,-0.0143197555163254
2025-05-09,global,rf,-0.0003567593230453839,0.000739826975435
2025-05-14,global,rf,0.0004467468878626783,0.0212966905653591
2025-05-15,global,rf,-0.0005373973023034415,0.0085993502315222
2025-05-16,global,rf,0.0007335202996062146,0.0093824416812147
2025-05-19,global,rf,0.0009169889678275851,0.0048520408637386
2025-05-20,global,rf,0.0019485483332750228,-0.0065313202824039
2025-05-21,global,rf,9.419929280816818e-05,0.0067231657302215
2025-05-22,global,rf,-0.0014780687323574181,0.0034271138890193
2025-05-23,global,rf,-0.0006588900382725834,0.0065616891192679
2025-05-26,global,rf,0.0003107988775276273,-0.0035841079461444
2025-05-27,global,rf,0.00011397377896727903,0.0014754341442824
2025-05-28,global,rf,-0.00021646953968077284,-0.0032206350480148
2025-06-02,global,rf,-0.00042200963598398156,-0.015554119262596
2025-06-03,global,rf,0.0030275500268705053,-0.0028699137006142
2025-06-04,global,rf,-8.08267201745284e-05,0.0034314294887476
2025-06-05,global,rf,0.000607178976739766,0.0062595394951845
2025-06-10,global,rf,-0.0004319067320060217,0.0163582736823411
2025-06-11,global,rf,0.0013745552110357823,-0.0011470211076733
2025-06-12,global,rf,0.0004250422319027012,-0.0025072662218459
2025-06-13,global,rf,0.0023025211840888705,-0.0053311213400526
2025-06-16,global,rf,-0.0006877590689328869,-0.0067873810453846
2025-06-17,global,rf,0.0013600439812842978,0.0053611903529411
2025-06-18,global,rf,-0.0015638760853102418,-0.0067392568009996
2025-06-19,global,rf,-0.0001681548685212175,-0.0197712705179995
2025-06-20,global,rf,0.00016371059006569722,-0.0088645670465989
2025-06-23,global,rf,-0.00026426058832418374,-0.0175257308950307
2025-06-24,global,rf,0.001863932527775094,0.0120137492667478
2025-06-25,global,rf,0.002483440426008423,-0.0054050176897106
2025-06-26,global,rf,0.00014184389127614084,0.0095061179390167
2025-06-30,global,rf,0.0024329257689977178,0.004380350386107
2025-07-01,global,rf,0.0022125556333291584,-0.0017798604965406
2025-07-02,global,rf,-0.0001721935504192007,-0.0049453928224298
2025-07-03,global,rf,0.0009329744676721173,-0.0004643167816826
2025-07-04,global,rf,0.00048060972673614235,-0.0018713037053217
2025-07-07,global,rf,-3.0182356424132904e-05,0.0051925022056593
2025-07-08,global,rf,-0.0005895451282183214,0.0005012502357963
2025-07-09,global,rf,-8.78611588762419e-05,0.0057089827138572
2025-07-10,global,rf,0.0008838566380917791,0.0088104273642795
2025-07-11,global,rf,0.0006010313795231262,0.0059869909197001
2025-07-14,global,rf,-0.00029276152597441663,0.0070292739912503
2025-07-15,global,rf,0.0005279431953157445,0.0060857588114657
2025-07-16,global,rf,-0.0012513161945724629,0.007192631518972
2025-07-17,global,rf,0.0010765158237824083,0.0131230108119364
2025-07-18,global,rf,0.0008882242380515312,0.0034103947077941
2025-07-21,global,rf,0.00022468485051824666,0.0117304170776222
2025-07-22,global,rf,0.001968598233991314,-0.0072517874216782
2025-07-23,global,rf,0.0010784202406709344,0.0168080678781752
2025-07-24,global,rf,0.0009398271584237619,0.0082228907284616
2025-07-25,global,rf,0.0003605321820732092,0.0016718507076642
2025-07-28,global,rf,0.0006146525293892528,0.0094028747482237
2025-07-29,global,rf,-0.0009222718446120818,0.0004121613755039
2025-07-30,global,rf,-0.0003909638972515405,-0.0089689367628551
2025-07-31,global,rf,-0.0009978877991052436,-0.0087203277194465
2025-08-01,global,rf,-0.0005749734122503758,0.0071137004747967
2025-08-04,global,rf,-0.0019091367638295218,-0.0097482485675808
2025-08-05,global,rf,0.001239606559704075,0.0067477709114527
2025-08-06,global,rf,-0.0006504610271046864,-0.0015227525465348
2025-08-07,global,rf,0.00194141397634336,-0.0018096516955576
2025-08-08,global,rf,-0.0003893910021329988,0.0057512009938207
2025-08-11,global,rf,0.0012874208563044118,0.0095830782599382
2025-08-12,global,rf,-0.000399285904878903,0.0241311278289817
2025-08-13,global,rf,0.0022254072625414105,0.0129063807043898
2025-08-14,global,rf,0.001185667668321823,0.0048457439335116
2025-08-15,global,rf,-0.0005707713598149733,-0.0041537334969223
2025-08-19,global,rf,0.00014581058964919312,-0.0044952873774004
2025-08-20,global,rf,-0.0010306391641321192,0.0102331671478239
2025-08-21,global,rf,-0.00028764781694204296,-0.0067081898930219
2025-08-22,global,rf,-0.0007828683904375096,-0.0040463099963083
2025-08-25,global,rf,0.0029438633108328565,0.0086225283194742
2025-08-26,global,rf,-0.0010209359667606344,-0.0026717428125593
2025-08-27,global,rf,0.000804985287875247,0.0038403120922723
2025-08-28,global,rf,0.0007116121555882747,0.0020030023448232
2025-08-29,global,rf,0.0017869860013987199,-0.0154090300018463
2025-09-01,global,rf,-0.0006560680842887643,-0.01213221288363
2025-09-02,global,rf,6.719321362059217e-05,0.008433634121685
2025-09-03,global,rf,-0.0012756363868160106,0.010744723318707
2025-09-04,global,rf,0.0010191177131086363,-0.0023505883385706
2025-09-08,global,rf,0.0010925654340617776,-0.0128564845395935
2025-09-09,global,rf,0.0002643681751761006,-0.0179595685239828
2025-09-10,global,rf,0.000663196552472755,0.0091863431049699
2025-09-11,global,rf,0.0008168714231197173,0.0063311183166856
2025-09-12,global,rf,0.001401896018399467,0.0136081464947483
2025-09-15,global,rf,-0.00017203005086629953,0.0105196547403974
2025-09-16,global,rf,0.0013084893391479455,0.0025892279406942
2025-09-17,global,rf,0.0007568086069569991,0.0084445132000361
2025-09-18,global,rf,-0.00035242915309788894,-0.0020888742375611
2025-09-19,global,rf,-0.00016854622575571135,0.005315859502522
2025-09-22,global,rf,0.0005986804711641537,-0.0013770424534698
2025-09-23,global,rf,0.0015517256515526696,0.0105365458256976
2025-09-24,global,rf,-0.000399500460190661,0.0001669891331452
2025-09-25,global,rf,-0.0013499933852653024,-0.0106256805864397
2025-09-26,global,rf,-0.00106478246687789,0.0072699175019987
2025-09-29,global,rf,0.001863945969874013,0.0029480057372595
2025-09-30,global,rf,0.0007997338365687626,-0.0076844082315723
2025-10-01,global,rf,0.0007711054661072695,-0.0021409953882773
2025-10-02,global,rf,0.0006212828124561987,0.0033831173079352
2025-10-03,global,rf,0.00023069837511487102,0.0058334358833693
2025-10-06,global,rf,7.521030625196707e-05,0.0026562942133327
2025-10-07,global,rf,0.0005295256446361908,0.0036037078399111
2025-10-08,global,rf,-0.001047147486602693,-0.0003981501732752
2025-10-09,global,rf,0.0008985588063723019,0.0103442278498011
2025-10-10,global,rf,-0.0012780311210961572,0.0008384497654123
2025-10-13,global,rf,-0.0020729004008250554,-0.0037193991495154
2025-10-14,global,rf,0.001394766757386917,-0.0197235921681198
2025-10-15,global,rf,-0.00023427445300198025,-0.0019043878066504
2025-10-16,global,rf,0.0010101601329253506,0.009097780630352
2025-10-17,global,rf,-7.589317998252843e-05,-0.0260732594808548
2025-10-20,global,rf,0.0009427619774439817,0.021659857267144
2025-10-21,global,rf,0.001225405164103115,0.0182653930452687
2025-10-22,global,rf,-9.844285049504084e-05,-0.0104366336701708
2025-10-23,global,rf,-0.0004927501478018104,0.014829400120826
2025-10-24,global,rf,0.0008571700267082355,-0.0003178860381147
2025-10-27,global,rf,0.0010394506385845784,-0.0188634555075708
2025-10-28,global,rf,0.001370119344524561,-0.0030255798274509
2025-10-29,global,rf,0.0005413022734998481,0.0090530023680397
2025-10-30,global,rf,-0.0009458937432306495,0.0021822062994498
2025-10-31,global,rf,-0.0010878480359500708,-0.0024699107515218
2025-11-03,global,rf,0.000735309068624283,0.0135301366724256
2025-11-04,global,rf,0.0005958309154846794,-0.0040168197581156
2025-11-05,global,rf,-0.0012473640573727686,0.009252869194519
2025-11-06,global,rf,0.0006587094606264623,0.0022252306090333
2025-11-07,global,rf,-0.0005188644943723181,0.0068770817030365
2025-11-10,global,rf,0.0007244101494831774,-0.0003990996458167
2025-11-11,global,rf,0.0014247322083230068,-0.0029509446883668
2025-11-12,global,rf,0.0007282589927385738,0.0026322487456909
2025-11-13,global,rf,0.0001461768244644835,-0.0019769486033034
2025-11-14,global,rf,-0.0020347916048391278,-0.0001867681262819
2025-11-17,global,rf,-0.0001974674407374955,0.0055335115811274
2025-11-18,global,rf,-0.0011399470941233208,-0.0065506742148784
2025-11-19,global,rf,-0.0007896719173265663,0.005325636153648
2025-11-20,global,rf,-0.00013576575538999853,0.0015855764645049
2025-11-21,global,rf,-0.00212222401839282,-0.0006612024599927
2025-11-24,global,rf,0.0014419698587907154,0.0183585921689175
2025-11-25,global,rf,0.0013940483602600095,-0.0056598265054432
2025-11-26,global,rf,0.002136645131299432,0.0093723003896553
2025-11-27,global,rf,0.0009015160749479647,-0.0065622657301673
2025-11-28,global,rf,6.882402679369698e-06,-0.0043576866120282
2025-12-01,global,rf,0.0008465679176669497,0.0046996475206491
2025-12-02,global,rf,-0.0005575081138571227,0.0079524541872277
2025-12-03,global,rf,0.000563855277067413,-0.0006101237883484
2025-12-04,global,rf,0.0017873650424005245,0.0032934422333177
2025-12-05,global,rf,0.0007011099839959336,-0.0008609466602429
2025-12-08,global,rf,0.0006114359791652193,0.0089872623583673
2025-12-09,global,rf,-0.0006938609377445315,-0.0061627313587031
2025-12-10,global,rf,-0.00042826101723535993,0.0050403216250725
2025-12-11,global,rf,0.0017156420918810222,-0.0092882719235358
2025-12-12,global,rf,0.0014632053629421865,0.0046314096273185
2025-12-15,global,rf,-0.0008154862399133122,-0.00125208718684
2025-12-16,global,rf,-7.468668719489154e-05,0.0042462411281096
2025-12-17,global,rf,-0.000601733660346955,-0.0010509240138478
2025-12-18,global,rf,-0.0010018939732935037,-0.0068398725372968
2025-12-19,global,rf,0.0011488560201194408,-0.0010035592501171
2025-12-22,global,rf,0.0011478779485141549,0.0042065711336825
2025-12-23,global,rf,0.0015383406232473216,-0.0070875868507034
2025-12-24,global,rf,0.0015799763656867603,-0.0054747474404788
2025-12-29,global,rf,0.000760046006613775,0.0123786580064475
2025-12-30,global,rf,-0.0006296624859504185,0.0003102870925975
2026-01-02,global,rf,-0.000286096158721671,0.0116348481606927
2026-01-05,global,rf,-0.0008243947369942089,0.0126153239393822
2026-01-06,global,rf,0.0010168760776840037,0.0083650015085705
2026-01-07,global,rf,0.0005637387474087185,0.0012533659285551
2026-01-08,global,rf,-0.0007571323154258798,-0.0021647983654791
2026-01-09,global,rf,-3.289863037653257e-05,0.0012633593936364
2026-01-12,global,rf,0.0007378599866058997,-0.0058391792235212
2026-01-13,global,rf,0.001263139734318161,0.0071306293947106
2026-01-14,global,rf,-0.0002986631912785412,0.009374606331697
2026-01-15,global,rf,-0.0005560215254831587,0.004729662971707
2026-01-19,global,rf,0.0004187205987364938,0.0064216707143742
2026-01-20,global,rf,-0.00029611135825785236,9.055424603765516e-05
2026-01-21,global,rf,-0.001704617976353981,-0.0137086643583064
2026-01-22,global,rf,0.0013820338671684978,-0.0020161037952419
2026-01-23,global,rf,0.0014944958581941217,-0.0045892528984463
2026-01-26,global,rf,0.0012823320721523197,0.0027137975281075
2026-01-27,global,rf,0.0018457510197563704,0.0005454002305693
2026-01-28,global,rf,0.002190537270008144,-0.0762965075072994
2026-01-29,global,rf,-0.0001903660353883574,-0.0106753658730536
2026-01-30,global,rf,-0.0001164271405356955,0.0117625363260511
2026-02-02,global,rf,-0.0012800199627305425,-0.0500802454046525
2026-02-03,global,rf,-0.000437092202881999,0.0249139871077321
2026-02-04,global,rf,-0.0006723102795789481,0.002965047773868
2026-02-05,global,rf,-0.0005661181461059661,-0.0052721747108535
2026-02-06,global,rf,-0.001497437542868868,-0.0210267342368002
2026-02-09,global,rf,0.0014039681196208313,0.0121017883621323
2026-02-10,global,rf,0.0022812249243334445,0.0123567728975704
2026-02-11,global,rf,-0.0006787957102174689,0.0193918152297971
2026-02-12,global,rf,-0.00013649753033847446,-0.0030941999547735
2026-02-13,global,rf,-0.0024026991155745646,-0.0064427085848546
2026-02-18,global,rf,0.00036868400973961773,0.0118573142533211
2026-02-19,global,rf,-0.0005299465934318202,-0.0043590080309741
2026-02-20,global,rf,-0.00045153261027004564,-0.000279762413891
2026-02-23,global,rf,0.0009218057984884452,0.0149170702985834
2026-02-24,global,rf,-0.0009834478496209297,-0.0138216040430538
2026-02-25,global,rf,0.0007829304711665649,0.0049865012581733
2026-02-26,global,rf,0.0011191047946306385,-0.0105049250097266
2026-02-27,global,rf,-0.000710889274850222,2.715515107531985e-05
2026-03-02,global,rf,-0.00043526072852613404,-0.0269088424609638
2026-03-03,global,rf,-0.0007533733054936008,-0.0096595160277015
2026-03-04,global,rf,-0.0018424383605041236,-0.0467581561674794
2026-03-05,global,rf,0.001625965214572481,0.0174620642518892
2026-03-06,global,rf,-0.0014326556601471808,-0.0163246653962403
2026-03-09,global,rf,-0.0013883245680301126,-0.0332828330760488
2026-03-10,global,rf,0.001324332223931621,0.0140132172511151
2026-03-11,global,rf,0.00011680985279580332,-0.0069471724265692
2026-03-12,global,rf,-0.0006220060831274426,-0.003698842773339
2026-03-13,global,rf,-0.0030210887933694646,-0.0310253408547289
2026-03-16,global,rf,-0.001541238181111487,-0.016233108765423
2026-03-17,global,rf,0.002749526954388963,0.0119684380793412
2026-03-25,global,rf,0.0009634944232171876,0.0271073255589158
2026-03-26,global,rf,-0.002735179842321633,-0.019083705300412
2026-03-27,global,rf,-0.002814738818305922,-0.0094009522004299
2026-03-30,global,rf,-0.002530312186363308,-0.0007593644265408
2026-03-31,global,rf,-0.0006157537438890615,-0.0061454345434519
2026-04-01,global,rf,0.002717562586621193,0.0191418860632737
2026-04-02,global,rf,0.0015797838226518555,-0.022188415554547
2026-04-06,global,rf,0.0007063079534896512,-0.0053304765091102
2026-04-07,global,rf,0.0010879008276486858,-0.0026358653136373
2026-04-08,global,rf,0.0013185988067834825,0.0432596613601088
2026-04-09,global,rf,0.002287131999660465,0.0038911787097148
2026-04-10,global,rf,0.0016853250788127203,0.0204404188580227
2026-04-13,global,rf,-0.0003213853541130577,0.0055741572468317
2026-04-14,global,rf,0.002293733596281934,0.023164261856122
2026-04-15,global,rf,0.0016204204968080593,-0.0068453625076774
2026-04-16,global,rf,0.0011111253987266924,-0.0002891579189423
2026-04-17,global,rf,0.0007099459956383006,0.0016547694572945
2026-04-20,global,rf,0.0011807665677858138,-0.0052394085980331
2026-04-21,global,rf,-0.00022555067832072384,-0.0045838966718765
2026-04-22,global,rf,-0.0003830161860089366,-0.0023532328153912
2026-04-23,global,rf,0.0014267603963073678,-0.02185120187041
2026-04-24,global,rf,-0.0003732139365682872,-0.0343449900681473
2026-04-27,global,rf,0.0016403358831304634,-0.0032270607239279
2026-04-28,global,rf,0.0008303901119520471,-0.0048139088993757
2026-04-29,global,rf,-0.000388038280665302,0.0040686892814907
2026-04-30,global,rf,-0.00012763023077834012,-0.020547253530287
2026-05-04,global,rf,0.0028098447866770015,0.0021752021952465
2026-05-05,global,rf,-0.0004358670013416171,0.0121396420508261
2026-05-06,global,rf,0.0011432038703717876,0.0049981598841082
2026-05-07,global,rf,0.0022147206069886407,0.0114748890046936
2026-05-08,global,rf,-0.0006040420498071699,-0.0289795318978036
2026-05-11,global,rf,0.002273435629562934,-0.0091929735476501
2026-05-12,global,rf,0.0007342463562354428,-0.0067886673981139
2026-05-13,global,rf,-0.0002526406904047523,-0.0199648684016189
2026-05-18,global,rf,0.0007177744695292779,-0.0186275276055187
2026-05-19,global,rf,-0.0011935258931769373,-0.0352484378210498
2026-05-20,global,rf,-0.0007897193217838344,-0.0082242503645879
2026-05-21,global,rf,0.001254433732381816,-0.0360227688547514
2026-05-22,global,rf,0.0005154110438230718,0.0109496209313011
2026-05-25,global,rf,0.0008686265611056631,0.007164129563872
2026-05-26,global,rf,3.986138694228213e-05,-0.0123470848414299
2026-05-29,global,rf,0.0007882848023417875,-0.0004583423789394
2026-06-02,global,rf,0.0013724516547959564,0.011044007531467
2026-06-03,global,rf,0.0007547260087399976,-0.0419228354228486
2026-06-04,global,rf,-0.0007691358410947769,-0.0171945568951965
2026-06-05,global,rf,0.0006917156569188308,-0.0428626443186885
2026-06-08,global,rf,-0.0032917017682086137,-0.0462055645925421
2026-06-09,global,rf,0.0009168579033018338,0.0729909205267862
2026-06-10,global,rf,-0.0005172770700198076,0.0267382582729336
2026-06-11,global,rf,-0.0023034632215568024,-0.00277285282122
2026-06-12,global,rf,0.0012879981244036723,0.0204524912516355
2026-06-15,global,rf,0.0007641563390314587,0.04034106335647
2026-06-17,global,rf,0.0012801170580501748,-0.005486771113377
2026-06-18,global,rf,-0.0032882782166086945,-0.0078109132510668
2026-06-19,global,rf,-4.747545030239499e-05,0.000777250059917
2026-06-22,global,rf,9.245031775998839e-05,-0.0098341542611528
2026-06-23,global,rf,-0.0005905392083530238,-0.0025138177829013
2026-06-24,global,rf,-0.0021919295791725207,-0.0362907188794174
2026-06-25,global,rf,-0.0004983072630341297,0.0193825830677241
2026-06-26,global,rf,7.381857684472417e-05,-0.0173022912392326
2026-06-29,global,rf,-0.00039387944005537774,-0.0128608480518011
2025-01-02,global,xgb,-0.0012500600423663855,0.0116970582318742
2025-01-03,global,xgb,-0.0007208480383269489,0.0001708755364671
2025-01-06,global,xgb,0.0008838934008963406,-0.0117875212396114
2025-01-07,global,xgb,-0.000505007104948163,0.0003967956203343
2025-01-08,global,xgb,-0.0025440759491175413,-0.0004140361839883
2025-01-09,global,xgb,-0.0008502760902047157,-0.0022289478425765
2025-01-10,global,xgb,-0.0009219750063493848,0.0034307306119174
2025-01-13,global,xgb,-0.0029933140613138676,-0.0102068950009197
2025-01-14,global,xgb,0.0005176825798116624,-0.008618320466688
2025-01-15,global,xgb,0.0002752035215962678,0.017511844582712
2025-01-16,global,xgb,0.00023263154434971511,0.0039412007770192
2025-01-17,global,xgb,-0.0017631992232054472,0.0066103976969955
2025-01-20,global,xgb,-0.0007937467307783663,0.0022447716116733
2025-01-21,global,xgb,-0.0007056961767375469,0.0015443952311642
2025-01-22,global,xgb,0.0012523670447990298,0.0104313402368703
2025-01-23,global,xgb,-0.0010570964077487588,-0.0033796098769087
2025-01-24,global,xgb,-0.0012657975312322378,-0.0092490839255319
2025-01-30,global,xgb,-0.0002374917094130069,-0.0130031542140969
2025-01-31,global,xgb,-0.0011002300307154655,0.005036828651999
2025-02-03,global,xgb,-0.0022098093759268522,-0.0111941580829419
2025-02-04,global,xgb,-0.00033516742405481637,0.0061546372624921
2025-02-05,global,xgb,0.0007897834875620902,-0.0069842885737472
2025-02-06,global,xgb,0.0008127762121148407,-0.0213956963687795
2025-02-07,global,xgb,-0.001114959130063653,-0.0195275502239837
2025-02-10,global,xgb,-0.001478106714785099,-0.0141046425960791
2025-02-11,global,xgb,-0.00036426872247830033,-0.017625750583134
2025-02-12,global,xgb,0.0012300817761570215,0.017270060485508
2025-02-13,global,xgb,-0.0017278154846280813,-0.0048584636101125
2025-02-14,global,xgb,0.002424112055450678,0.0037565789481757
2025-02-17,global,xgb,-0.0013169636949896812,0.0285739215045204
2025-02-18,global,xgb,0.00014640716835856438,0.0062275457498319
2025-02-19,global,xgb,-0.0007223500870168209,-0.0115136776304805
2025-02-20,global,xgb,0.0003072510298807174,-0.0010051119194862
2025-02-21,global,xgb,0.0005463730194605887,0.0022013013202872
2025-02-24,global,xgb,-0.0030248346738517284,-0.0078804318894967
2025-02-25,global,xgb,-0.0010638980893418193,-0.0243721986636309
2025-02-26,global,xgb,0.0009568564710207283,0.0028941011525738
2025-02-27,global,xgb,-0.0014516825322061777,-0.0184443702875487
2025-02-28,global,xgb,-0.004427090287208557,-0.0336893430137443
2025-03-03,global,xgb,0.0015465884935110807,0.0389503595209799
2025-03-04,global,xgb,-0.0028434735722839832,-0.0215910226637365
2025-03-05,global,xgb,-0.00020578078692778945,0.0233902218715034
2025-03-06,global,xgb,0.0012508437503129244,0.0131489649077423
2025-03-07,global,xgb,-0.001917574554681778,0.002739256481842
2025-03-10,global,xgb,0.002813309896737337,-0.0057106821135857
2025-03-11,global,xgb,-0.00036893883952870965,-0.0079674142364716
2025-03-12,global,xgb,0.0001310771913267672,0.018045417596058
2025-03-13,global,xgb,0.002286995528265834,-0.002648336589333
2025-03-14,global,xgb,-0.002837051171809435,-0.0200243192655662
2025-03-17,global,xgb,0.0007716259569860995,-0.0067270815223015
2025-03-18,global,xgb,0.0025201630778610706,-0.0391624737037581
2025-03-19,global,xgb,-0.00238066166639328,0.0140842587025709
2025-03-20,global,xgb,0.001646419521421194,0.0110316772571863
2025-03-21,global,xgb,-0.0007167485309764743,-0.0195411383943717
2025-03-24,global,xgb,0.0012291984166949987,-0.0156148315582882
2025-03-25,global,xgb,0.0022342107258737087,0.0120034265236341
2025-03-26,global,xgb,0.0017440838273614645,0.0372623027610927
2025-03-27,global,xgb,6.512782420031726e-07,0.0058945299952295
2025-04-08,global,xgb,0.001213912502862513,-0.0823184303818056
2025-04-09,global,xgb,-0.0010669067269191146,-0.0047064599132049
2025-04-10,global,xgb,0.0011427956633269787,0.0468152672196158
2025-04-11,global,xgb,-0.0014911186881363392,0.0013106401057214
2025-04-14,global,xgb,0.0031980066560208797,0.0168309217293725
2025-04-15,global,xgb,0.0006442496669478714,0.0114232112107028
2025-04-16,global,xgb,-0.0015792329795658588,-0.0064833987929997
2025-04-17,global,xgb,0.0001558219373691827,0.0059532628824605
2025-04-21,global,xgb,0.0006543187773786485,0.0011949105741084
2025-04-22,global,xgb,0.0004893759614787996,0.0142173776108567
2025-04-23,global,xgb,-0.0023430415894836187,0.0145927502790428
2025-04-24,global,xgb,-0.0004186384903732687,-0.0031550682202539
2025-04-25,global,xgb,0.004779467824846506,0.0098458629711792
2025-04-28,global,xgb,0.0028906583320349455,0.006573844425505
2025-04-29,global,xgb,0.002255132421851158,0.0038760879155237
2025-04-30,global,xgb,0.0021925470791757107,0.0026220637755631
2025-05-02,global,xgb,0.002073819050565362,0.0072056220290583
2025-05-05,global,xgb,0.00047913589514791965,0.0023772792266765
2025-05-06,global,xgb,0.00020556039817165583,0.009649588404585
2025-05-07,global,xgb,0.0011590005597099662,0.0040549050036204
2025-05-08,global,xgb,0.0022018318995833397,-0.0143197555163254
2025-05-09,global,xgb,0.0010676392121240497,0.000739826975435
2025-05-14,global,xgb,0.001025864272378385,0.0212966905653591
2025-05-15,global,xgb,0.0003668082063086331,0.0085993502315222
2025-05-16,global,xgb,0.0006193768349476159,0.0093824416812147
2025-05-19,global,xgb,0.0007382840267382562,0.0048520408637386
2025-05-20,global,xgb,0.002981920028105378,-0.0065313202824039
2025-05-21,global,xgb,-0.00045675423461943865,0.0067231657302215
2025-05-22,global,xgb,-0.0016605615383014083,0.0034271138890193
2025-05-23,global,xgb,-0.0023423628881573677,0.0065616891192679
2025-05-26,global,xgb,0.0007153649348765612,-0.0035841079461444
2025-05-27,global,xgb,0.00029688095673918724,0.0014754341442824
2025-05-28,global,xgb,4.5765642425976694e-05,-0.0032206350480148
2025-06-02,global,xgb,0.00029234655085019767,-0.015554119262596
2025-06-03,global,xgb,0.00400210078805685,-0.0028699137006142
2025-06-04,global,xgb,-0.0010816146386787295,0.0034314294887476
2025-06-05,global,xgb,7.640031981281936e-05,0.0062595394951845
2025-06-10,global,xgb,-0.00025918404571712017,0.0163582736823411
2025-06-11,global,xgb,0.0011617164127528667,-0.0011470211076733
2025-06-12,global,xgb,0.0004969301517121494,-0.0025072662218459
2025-06-13,global,xgb,0.003743239911273122,-0.0053311213400526
2025-06-16,global,xgb,-0.00041541142854839563,-0.0067873810453846
2025-06-17,global,xgb,0.0012914672261103988,0.0053611903529411
2025-06-18,global,xgb,-0.0006901638698764145,-0.0067392568009996
2025-06-19,global,xgb,2.1547639335040003e-05,-0.0197712705179995
2025-06-20,global,xgb,0.0006187310791574419,-0.0088645670465989
2025-06-23,global,xgb,-0.0020293728448450565,-0.0175257308950307
2025-06-24,global,xgb,0.003196131670847535,0.0120137492667478
2025-06-25,global,xgb,0.003404805203899741,-0.0054050176897106
2025-06-26,global,xgb,-0.0007165187271311879,0.0095061179390167
2025-06-30,global,xgb,0.0035617256071418524,0.004380350386107
2025-07-01,global,xgb,0.0033852250780910254,-0.0017798604965406
2025-07-02,global,xgb,-0.0002331185678485781,-0.0049453928224298
2025-07-03,global,xgb,0.00040500829345546663,-0.0004643167816826
2025-07-04,global,xgb,-0.001359824906103313,-0.0018713037053217
2025-07-07,global,xgb,-0.000525493873283267,0.0051925022056593
2025-07-08,global,xgb,-0.0003928069199901074,0.0005012502357963
2025-07-09,global,xgb,0.0004210731422062963,0.0057089827138572
2025-07-10,global,xgb,0.0008152843802236021,0.0088104273642795
2025-07-11,global,xgb,-0.00019967227126471698,0.0059869909197001
2025-07-14,global,xgb,-0.00041173436329700053,0.0070292739912503
2025-07-15,global,xgb,-7.573449693154544e-06,0.0060857588114657
2025-07-16,global,xgb,-0.0026037574280053377,0.007192631518972
2025-07-17,global,xgb,0.0015888389898464084,0.0131230108119364
2025-07-18,global,xgb,0.0006783622084185481,0.0034103947077941
2025-07-21,global,xgb,-0.00020746001973748207,0.0117304170776222
2025-07-22,global,xgb,0.002822583308443427,-0.0072517874216782
2025-07-23,global,xgb,0.002469140337780118,0.0168080678781752
2025-07-24,global,xgb,-0.0013610078021883965,0.0082228907284616
2025-07-25,global,xgb,0.0011952334316447377,0.0016718507076642
2025-07-28,global,xgb,0.0005744238151237369,0.0094028747482237
2025-07-29,global,xgb,-0.00028784351889044046,0.0004121613755039
2025-07-30,global,xgb,-0.00010909085540333763,-0.0089689367628551
2025-07-31,global,xgb,-1.0254807421006262e-05,-0.0087203277194465
2025-08-01,global,xgb,-0.0011983098229393363,0.0071137004747967
2025-08-04,global,xgb,-0.0027031758800148964,-0.0097482485675808
2025-08-05,global,xgb,0.0009692494058981538,0.0067477709114527
2025-08-06,global,xgb,-0.0014212247915565968,-0.0015227525465348
2025-08-07,global,xgb,0.0017667553620412946,-0.0018096516955576
2025-08-08,global,xgb,-0.0023807031102478504,0.0057512009938207
2025-08-11,global,xgb,0.0010226970771327615,0.0095830782599382
2025-08-12,global,xgb,0.0006973135750740767,0.0241311278289817
2025-08-13,global,xgb,0.00209969375282526,0.0129063807043898
2025-08-14,global,xgb,0.002135412534698844,0.0048457439335116
2025-08-15,global,xgb,-0.002469567582011223,-0.0041537334969223
2025-08-19,global,xgb,-0.0015512247337028384,-0.0044952873774004
2025-08-20,global,xgb,-0.0009525195928290486,0.0102331671478239
2025-08-21,global,xgb,-5.946456076344475e-05,-0.0067081898930219
2025-08-22,global,xgb,-0.001973530277609825,-0.0040463099963083
2025-08-25,global,xgb,0.0041656955145299435,0.0086225283194742
2025-08-26,global,xgb,-0.0004734504036605358,-0.0026717428125593
2025-08-27,global,xgb,0.00039699210901744664,0.0038403120922723
2025-08-28,global,xgb,0.0008650730014778674,0.0020030023448232
2025-08-29,global,xgb,0.002935593482106924,-0.0154090300018463
2025-09-01,global,xgb,-0.0013815565034747124,-0.01213221288363
2025-09-02,global,xgb,6.130224937805906e-05,0.008433634121685
2025-09-03,global,xgb,-0.001144559821113944,0.010744723318707
2025-09-04,global,xgb,0.0019884000066667795,-0.0023505883385706
2025-09-08,global,xgb,0.001692789839580655,-0.0128564845395935
2025-09-09,global,xgb,0.00022236755467019975,-0.0179595685239828
2025-09-10,global,xgb,0.0004190705658402294,0.0091863431049699
2025-09-11,global,xgb,0.0005650515086017549,0.0063311183166856
2025-09-12,global,xgb,0.0020630862563848495,0.0136081464947483
2025-09-15,global,xgb,-0.00017335877055302262,0.0105196547403974
2025-09-16,global,xgb,0.001258299220353365,0.0025892279406942
2025-09-17,global,xgb,0.000965437269769609,0.0084445132000361
2025-09-18,global,xgb,-0.002120210789144039,-0.0020888742375611
2025-09-19,global,xgb,-0.0018096682615578175,0.005315859502522
2025-09-22,global,xgb,-0.0011437388602644205,-0.0013770424534698
2025-09-23,global,xgb,0.0021296250633895397,0.0105365458256976
2025-09-24,global,xgb,0.00025707989698275924,0.0001669891331452
2025-09-25,global,xgb,-0.0007956441259011626,-0.0106256805864397
2025-09-26,global,xgb,-0.0005173691897653043,0.0072699175019987
2025-09-29,global,xgb,0.0025390347000211477,0.0029480057372595
2025-09-30,global,xgb,0.00042318861233070493,-0.0076844082315723
2025-10-01,global,xgb,-0.0004095291078556329,-0.0021409953882773
2025-10-02,global,xgb,0.00013056094758212566,0.0033831173079352
2025-10-03,global,xgb,0.00021818192908540368,0.0058334358833693
2025-10-06,global,xgb,-0.0001016182141029276,0.0026562942133327
2025-10-07,global,xgb,-0.0010646949522197247,0.0036037078399111
2025-10-08,global,xgb,-0.000535451399628073,-0.0003981501732752
2025-10-09,global,xgb,0.00043702602852135897,0.0103442278498011
2025-10-10,global,xgb,-0.0016738014528527856,0.0008384497654123
2025-10-13,global,xgb,-0.000740189803764224,-0.0037193991495154
2025-10-14,global,xgb,0.0013148393481969833,-0.0197235921681198
2025-10-15,global,xgb,-0.002577998209744692,-0.0019043878066504
2025-10-16,global,xgb,0.0012686335248872638,0.009097780630352
2025-10-17,global,xgb,-0.0010832198895514011,-0.0260732594808548
2025-10-20,global,xgb,0.0015277774073183537,0.021659857267144
2025-10-21,global,xgb,0.0012420043349266052,0.0182653930452687
2025-10-22,global,xgb,-0.00022778124548494816,-0.0104366336701708
2025-10-23,global,xgb,-0.0004137746582273394,0.014829400120826
2025-10-24,global,xgb,0.0006193226436153054,-0.0003178860381147
2025-10-27,global,xgb,-0.00018014013767242432,-0.0188634555075708
2025-10-28,global,xgb,0.0001286697806790471,-0.0030255798274509
2025-10-29,global,xgb,0.00011262444604653865,0.0090530023680397
2025-10-30,global,xgb,-0.002175569301471114,0.0021822062994498
2025-10-31,global,xgb,-0.0014069557655602694,-0.0024699107515218
2025-11-03,global,xgb,0.0008595962426625192,0.0135301366724256
2025-11-04,global,xgb,0.0006229740683920681,-0.0040168197581156
2025-11-05,global,xgb,-0.0017825814429670572,0.009252869194519
2025-11-06,global,xgb,-0.0006635810132138431,0.0022252306090333
2025-11-07,global,xgb,-0.001078031025826931,0.0068770817030365
2025-11-10,global,xgb,0.0007125454139895737,-0.0003990996458167
2025-11-11,global,xgb,0.0005345481913536787,-0.0029509446883668
2025-11-12,global,xgb,0.0005824420368298888,0.0026322487456909
2025-11-13,global,xgb,0.0008673503180034459,-0.0019769486033034
2025-11-14,global,xgb,-0.0018783456180244684,-0.0001867681262819
2025-11-17,global,xgb,-0.0004089315189048648,0.0055335115811274
2025-11-18,global,xgb,-0.001381377223879099,-0.0065506742148784
2025-11-19,global,xgb,-0.001524166902527213,0.005325636153648
2025-11-20,global,xgb,0.0013117764610797167,0.0015855764645049
2025-11-21,global,xgb,-0.002981628989800811,-0.0006612024599927
2025-11-24,global,xgb,0.001664724899455905,0.0183585921689175
2025-11-25,global,xgb,0.0013760714791715145,-0.0056598265054432
2025-11-26,global,xgb,0.0012646783143281937,0.0093723003896553
2025-11-27,global,xgb,0.0005294310976751149,-0.0065622657301673
2025-11-28,global,xgb,2.6891051675193012e-05,-0.0043576866120282
2025-12-01,global,xgb,-0.00064435153035447,0.0046996475206491
2025-12-02,global,xgb,-0.0006805278244428337,0.0079524541872277
2025-12-03,global,xgb,-0.0002474210923537612,-0.0006101237883484
2025-12-04,global,xgb,0.001306676072999835,0.0032934422333177
2025-12-05,global,xgb,-2.3748623789288104e-05,-0.0008609466602429
2025-12-08,global,xgb,-6.9358829932753e-05,0.0089872623583673
2025-12-09,global,xgb,-0.0020077042281627655,-0.0061627313587031
2025-12-10,global,xgb,-0.0014757569879293442,0.0050403216250725
2025-12-11,global,xgb,0.0016228232998400927,-0.0092882719235358
2025-12-12,global,xgb,0.00027556961867958307,0.0046314096273185
2025-12-15,global,xgb,-0.0008185750339180231,-0.00125208718684
2025-12-16,global,xgb,-0.0005167166818864644,0.0042462411281096
2025-12-17,global,xgb,-0.001458234852179885,-0.0010509240138478
2025-12-18,global,xgb,-0.002354095224291086,-0.0068398725372968
2025-12-19,global,xgb,0.0011604726314544678,-0.0010035592501171
2025-12-22,global,xgb,-0.0006132961134426296,0.0042065711336825
2025-12-23,global,xgb,0.0005855401395820081,-0.0070875868507034
2025-12-24,global,xgb,0.0011012379545718431,-0.0054747474404788
2025-12-29,global,xgb,0.0006634422461502254,0.0123786580064475
2025-12-30,global,xgb,-0.0008268862147815526,0.0003102870925975
2026-01-02,global,xgb,-0.0005265565705485642,0.0116348481606927
2026-01-05,global,xgb,-0.0023160302080214024,0.0126153239393822
2026-01-06,global,xgb,0.0013247551396489143,0.0083650015085705
2026-01-07,global,xgb,-0.0002984102175105363,0.0012533659285551
2026-01-08,global,xgb,-0.0015208488330245018,-0.0021647983654791
2026-01-09,global,xgb,0.0004997929208911955,0.0012633593936364
2026-01-12,global,xgb,9.34465424506925e-06,-0.0058391792235212
2026-01-13,global,xgb,0.0010257461108267307,0.0071306293947106
2026-01-14,global,xgb,0.0007058932678773999,0.009374606331697
2026-01-15,global,xgb,-0.0011844949331134558,0.004729662971707
2026-01-19,global,xgb,-0.001048458507284522,0.0064216707143742
2026-01-20,global,xgb,-0.001097426051273942,9.055424603765516e-05
2026-01-21,global,xgb,-0.0015925384359434247,-0.0137086643583064
2026-01-22,global,xgb,0.000831332930829376,-0.0020161037952419
2026-01-23,global,xgb,0.0005576676921918988,-0.0045892528984463
2026-01-26,global,xgb,0.0009460223373025656,0.0027137975281075
2026-01-27,global,xgb,0.0006580675253644586,0.0005454002305693
2026-01-28,global,xgb,0.0015550738899037242,-0.0762965075072994
2026-01-29,global,xgb,-0.0008911144686862826,-0.0106753658730536
2026-01-30,global,xgb,0.0002827431890182197,0.0117625363260511
2026-02-02,global,xgb,-0.0027021742425858974,-0.0500802454046525
2026-02-03,global,xgb,-0.0010280614951625466,0.0249139871077321
2026-02-04,global,xgb,-0.0015649814158678055,0.002965047773868
2026-02-05,global,xgb,-0.0008876600186340511,-0.0052721747108535
2026-02-06,global,xgb,-0.002326346468180418,-0.0210267342368002
2026-02-09,global,xgb,0.00119685847312212,0.0121017883621323
2026-02-10,global,xgb,0.002342330291867256,0.0123567728975704
2026-02-11,global,xgb,-0.0011016621720045805,0.0193918152297971
2026-02-12,global,xgb,-0.0012845692690461874,-0.0030941999547735
2026-02-13,global,xgb,-0.0032162433490157127,-0.0064427085848546
2026-02-18,global,xgb,0.0015255194157361984,0.0118573142533211
2026-02-19,global,xgb,-1.0586230928311124e-05,-0.0043590080309741
2026-02-20,global,xgb,-0.0002714223228394985,-0.000279762413891
2026-02-23,global,xgb,-7.213208300527185e-05,0.0149170702985834
2026-02-24,global,xgb,-0.0018034959211945534,-0.0138216040430538
2026-02-25,global,xgb,-3.096955333603546e-05,0.0049865012581733
2026-02-26,global,xgb,0.0002145672624465078,-0.0105049250097266
2026-02-27,global,xgb,-0.000923900690395385,2.715515107531985e-05
2026-03-02,global,xgb,-0.00028335489332675934,-0.0269088424609638
2026-03-03,global,xgb,0.0008709497633390129,-0.0096595160277015
2026-03-04,global,xgb,-0.0004751816741190851,-0.0467581561674794
2026-03-05,global,xgb,0.002410972723737359,0.0174620642518892
2026-03-06,global,xgb,0.00011698989692376927,-0.0163246653962403
2026-03-09,global,xgb,-0.00044371490366756916,-0.0332828330760488
2026-03-10,global,xgb,0.0014449035516008735,0.0140132172511151
2026-03-11,global,xgb,0.0013729446800425649,-0.0069471724265692
2026-03-12,global,xgb,0.00020467073773033917,-0.003698842773339
2026-03-13,global,xgb,-0.003613642416894436,-0.0310253408547289
2026-03-16,global,xgb,0.00045270047849044204,-0.016233108765423
2026-03-17,global,xgb,0.003837777767330408,0.0119684380793412
2026-03-25,global,xgb,0.0030108343344181776,0.0271073255589158
2026-03-26,global,xgb,-0.0018860835116356611,-0.019083705300412
2026-03-27,global,xgb,-0.0016238463576883078,-0.0094009522004299
2026-03-30,global,xgb,-0.0018227377440780401,-0.0007593644265408
2026-03-31,global,xgb,0.0015805773437023163,-0.0061454345434519
2026-04-01,global,xgb,0.004267923068255186,0.0191418860632737
2026-04-02,global,xgb,0.0017827455885708332,-0.022188415554547
2026-04-06,global,xgb,0.002066140528768301,-0.0053304765091102
2026-04-07,global,xgb,0.0029168357141315937,-0.0026358653136373
2026-04-08,global,xgb,0.0043968199752271175,0.0432596613601088
2026-04-09,global,xgb,0.0030915632378309965,0.0038911787097148
2026-04-10,global,xgb,0.0011963600991293788,0.0204404188580227
2026-04-13,global,xgb,-0.0018305570119991899,0.0055741572468317
2026-04-14,global,xgb,0.0038115079514682293,0.023164261856122
2026-04-15,global,xgb,0.002152631524950266,-0.0068453625076774
2026-04-16,global,xgb,0.0008519344846718013,-0.0002891579189423
2026-04-17,global,xgb,2.1564224880421534e-05,0.0016547694572945
2026-04-20,global,xgb,0.0018511988455429673,-0.0052394085980331
2026-04-21,global,xgb,0.00041892752051353455,-0.0045838966718765
2026-04-22,global,xgb,-0.0004089315189048648,-0.0023532328153912
2026-04-23,global,xgb,0.0018349065212532878,-0.02185120187041
2026-04-24,global,xgb,0.0004998634685762227,-0.0343449900681473
2026-04-27,global,xgb,0.0022662475239485502,-0.0032270607239279
2026-04-28,global,xgb,0.0018751486204564571,-0.0048139088993757
2026-04-29,global,xgb,-0.0007383647025562823,0.0040686892814907
2026-04-30,global,xgb,-0.0005146350595168769,-0.020547253530287
2026-05-04,global,xgb,0.003053931286558509,0.0021752021952465
2026-05-05,global,xgb,-0.0020341938361525536,0.0121396420508261
2026-05-06,global,xgb,0.0018642458599060774,0.0049981598841082
2026-05-07,global,xgb,0.003196131670847535,0.0114748890046936
2026-05-08,global,xgb,-0.0022304176818579435,-0.0289795318978036
2026-05-11,global,xgb,0.003916343208402395,-0.0091929735476501
2026-05-12,global,xgb,0.0011190685909241438,-0.0067886673981139
2026-05-13,global,xgb,-0.0005605731275863945,-0.0199648684016189
2026-05-18,global,xgb,8.761306526139379e-05,-0.0186275276055187
2026-05-19,global,xgb,0.00026649117353372276,-0.0352484378210498
2026-05-20,global,xgb,-0.0018918460700660944,-0.0082242503645879
2026-05-21,global,xgb,0.0011715058935806155,-0.0360227688547514
2026-05-22,global,xgb,0.0002506463788449764,0.0109496209313011
2026-05-25,global,xgb,0.002158205024898052,0.007164129563872
2026-05-26,global,xgb,-0.0003619137278292328,-0.0123470848414299
2026-05-29,global,xgb,0.0008312255376949906,-0.0004583423789394
2026-06-02,global,xgb,0.002232102444395423,0.011044007531467
2026-06-03,global,xgb,-3.836035466520116e-05,-0.0419228354228486
2026-06-04,global,xgb,-0.0007173838675953448,-0.0171945568951965
2026-06-05,global,xgb,0.00020452539320103824,-0.0428626443186885
2026-06-08,global,xgb,-0.0005171898519620299,-0.0462055645925421
2026-06-09,global,xgb,0.0017819314962252975,0.0729909205267862
2026-06-10,global,xgb,0.00016011865227483213,0.0267382582729336
2026-06-11,global,xgb,-0.0025153006426990032,-0.00277285282122
2026-06-12,global,xgb,0.0020075764041393995,0.0204524912516355
2026-06-15,global,xgb,0.0004464912344701588,0.04034106335647
2026-06-17,global,xgb,0.00033364532282575965,-0.005486771113377
2026-06-18,global,xgb,-0.003354760818183422,-0.0078109132510668
2026-06-19,global,xgb,0.001055765664204955,0.000777250059917
2026-06-22,global,xgb,0.0005769933923147619,-0.0098341542611528
2026-06-23,global,xgb,-0.0002511951024644077,-0.0025138177829013
2026-06-24,global,xgb,-0.002926840912550688,-0.0362907188794174
2026-06-25,global,xgb,-0.0012395493686199188,0.0193825830677241
2026-06-26,global,xgb,-0.00010624565038597211,-0.0173022912392326
2026-06-29,global,xgb,-0.0012491268571466208,-0.0128608480518011
2025-01-02,full,lr,-0.0016263106433827992,0.0116970582318742
2025-01-03,full,lr,-0.0019839096565998134,0.0001708755364671
2025-01-06,full,lr,0.0027467937753084823,-0.0117875212396114
2025-01-07,full,lr,0.001346624999490854,0.0003967956203343
2025-01-08,full,lr,-0.0014668398642175811,-0.0004140361839883
2025-01-09,full,lr,-0.0007648722273034126,-0.0022289478425765
2025-01-10,full,lr,-0.00012787095018748347,0.0034307306119174
2025-01-13,full,lr,-0.0021033371260774777,-0.0102068950009197
2025-01-14,full,lr,-0.0007562853829578197,-0.008618320466688
2025-01-15,full,lr,0.002059451318426832,0.017511844582712
2025-01-16,full,lr,0.002834150225891705,0.0039412007770192
2025-01-17,full,lr,0.0013610094390866026,0.0066103976969955
2025-01-20,full,lr,0.0006709697277136847,0.0022447716116733
2025-01-21,full,lr,-0.00022607182245448255,0.0015443952311642
2025-01-22,full,lr,0.003669959010748518,0.0104313402368703
2025-01-23,full,lr,0.0011023468316593214,-0.0033796098769087
2025-01-24,full,lr,0.0011303418881432755,-0.0092490839255319
2025-01-30,full,lr,-0.0002481430065158084,-0.0130031542140969
2025-01-31,full,lr,-0.001161391632672977,0.005036828651999
2025-02-03,full,lr,-0.0011539004239398533,-0.0111941580829419
2025-02-04,full,lr,-0.0015453588516177142,0.0061546372624921
2025-02-05,full,lr,0.002879021276554673,-0.0069842885737472
2025-02-06,full,lr,0.0012544613540655023,-0.0213956963687795
2025-02-07,full,lr,0.00022968730738799712,-0.0195275502239837
2025-02-10,full,lr,-0.0007201869584375303,-0.0141046425960791
2025-02-11,full,lr,0.00015797293535409234,-0.017625750583134
2025-02-12,full,lr,0.0020625164246544985,0.017270060485508
2025-02-13,full,lr,-0.00011882638189256015,-0.0048584636101125
2025-02-14,full,lr,0.002521874945811164,0.0037565789481757
2025-02-17,full,lr,0.0014909899419561993,0.0285739215045204
2025-02-18,full,lr,-0.000177336372695395,0.0062275457498319
2025-02-19,full,lr,0.00019528648783863329,-0.0115136776304805
2025-02-20,full,lr,0.0005627468262827727,-0.0010051119194862
2025-02-21,full,lr,0.00036957046868562585,0.0022013013202872
2025-02-24,full,lr,-0.0025759052822156726,-0.0078804318894967
2025-02-25,full,lr,-0.0004815332098215922,-0.0243721986636309
2025-02-26,full,lr,5.9530703575445e-06,0.0028941011525738
2025-02-27,full,lr,0.0010267590608056842,-0.0184443702875487
2025-02-28,full,lr,-0.0028105911275785366,-0.0336893430137443
2025-03-03,full,lr,0.0005981638983113041,0.0389503595209799
2025-03-04,full,lr,-0.0015972394190537232,-0.0215910226637365
2025-03-05,full,lr,0.0013398390020225974,0.0233902218715034
2025-03-06,full,lr,0.0024603467473528753,0.0131489649077423
2025-03-07,full,lr,0.0009588203005081048,0.002739256481842
2025-03-10,full,lr,0.0018298186913393829,-0.0057106821135857
2025-03-11,full,lr,-0.004022878650112924,-0.0079674142364716
2025-03-12,full,lr,0.0005607804588358093,0.018045417596058
2025-03-13,full,lr,0.001606332884957469,-0.002648336589333
2025-03-14,full,lr,-0.0019115648456426682,-0.0200243192655662
2025-03-17,full,lr,0.002461146165729816,-0.0067270815223015
2025-03-18,full,lr,0.0009055273015814752,-0.0391624737037581
2025-03-19,full,lr,-0.0007590546214243559,0.0140842587025709
2025-03-20,full,lr,0.0012711754180375948,0.0110316772571863
2025-03-21,full,lr,-0.001080377438914959,-0.0195411383943717
2025-03-24,full,lr,9.837400914463804e-05,-0.0156148315582882
2025-03-25,full,lr,0.0011341106780788904,0.0120034265236341
2025-03-26,full,lr,0.0006722867185546395,0.0372623027610927
2025-03-27,full,lr,-0.0019502040816872918,0.0058945299952295
2025-04-08,full,lr,-0.0027095968791225793,-0.0823184303818056
2025-04-09,full,lr,-0.010093140535979928,-0.0047064599132049
2025-04-10,full,lr,0.012868796547215402,0.0468152672196158
2025-04-11,full,lr,0.0005339997545958945,0.0013106401057214
2025-04-14,full,lr,0.005325276225744029,0.0168309217293725
2025-04-15,full,lr,0.002150180528423036,0.0114232112107028
2025-04-16,full,lr,-0.002083429113772829,-0.0064833987929997
2025-04-17,full,lr,-0.0014670255396796044,0.0059532628824605
2025-04-21,full,lr,0.0011196906459057959,0.0011949105741084
2025-04-22,full,lr,-0.0010667757102235836,0.0142173776108567
2025-04-23,full,lr,0.002214227234336309,0.0145927502790428
2025-04-24,full,lr,0.00011192047076642695,-0.0031550682202539
2025-04-25,full,lr,0.0032940990553591426,0.0098458629711792
2025-04-28,full,lr,6.215338736114263e-05,0.006573844425505
2025-04-29,full,lr,0.0004891539836673526,0.0038760879155237
2025-04-30,full,lr,-3.527404490707563e-05,0.0026220637755631
2025-05-02,full,lr,-0.0009029139889941175,0.0072056220290583
2025-05-05,full,lr,0.0024370880775445494,0.0023772792266765
2025-05-06,full,lr,-0.0003816208526994947,0.009649588404585
2025-05-07,full,lr,0.0003966383785619773,0.0040549050036204
2025-05-08,full,lr,-0.0004269433475940248,-0.0143197555163254
2025-05-09,full,lr,-0.0010371404362925156,0.000739826975435
2025-05-14,full,lr,0.0001481468252327037,0.0212966905653591
2025-05-15,full,lr,0.0041309150616970726,0.0085993502315222
2025-05-16,full,lr,0.0014228652491813309,0.0093824416812147
2025-05-19,full,lr,0.0005012440134481529,0.0048520408637386
2025-05-20,full,lr,0.0016945705205823973,-0.0065313202824039
2025-05-21,full,lr,0.0010280336800510739,0.0067231657302215
2025-05-22,full,lr,-0.0005190068262262325,0.0034271138890193
2025-05-23,full,lr,-7.821895635785669e-05,0.0065616891192679
2025-05-26,full,lr,0.0013117989483470095,-0.0035841079461444
2025-05-27,full,lr,4.332317249728854e-05,0.0014754341442824
2025-05-28,full,lr,0.0018796127301849276,-0.0032206350480148
2025-06-02,full,lr,-0.001810947818999655,-0.015554119262596
2025-06-03,full,lr,0.004395587547847802,-0.0028699137006142
2025-06-04,full,lr,0.00011936370093386466,0.0034314294887476
2025-06-05,full,lr,0.001386364573439595,0.0062595394951845
2025-06-10,full,lr,-5.6050821167488805e-05,0.0163582736823411
2025-06-11,full,lr,0.0021789938220474966,-0.0011470211076733
2025-06-12,full,lr,0.0024993617251386586,-0.0025072662218459
2025-06-13,full,lr,0.00219974853378635,-0.0053311213400526
2025-06-16,full,lr,0.00011284028493083011,-0.0067873810453846
2025-06-17,full,lr,0.00108232400907131,0.0053611903529411
2025-06-18,full,lr,-0.002040114410360625,-0.0067392568009996
2025-06-19,full,lr,0.0011806918440375206,-0.0197712705179995
2025-06-20,full,lr,0.0002590037026540046,-0.0088645670465989
2025-06-23,full,lr,0.0008521195816296281,-0.0175257308950307
2025-06-24,full,lr,0.00155720978450339,0.0120137492667478
2025-06-25,full,lr,0.002296207475767513,-0.0054050176897106
2025-06-26,full,lr,0.0006402207143451188,0.0095061179390167
2025-06-30,full,lr,0.002329721509315372,0.004380350386107
2025-07-01,full,lr,0.0012059936157189665,-0.0017798604965406
2025-07-02,full,lr,0.0015428247216521908,-0.0049453928224298
2025-07-03,full,lr,0.0017565698790670545,-0.0004643167816826
2025-07-04,full,lr,0.0005794763996801067,-0.0018713037053217
2025-07-07,full,lr,0.0002693350385475784,0.0051925022056593
2025-07-08,full,lr,-0.0017109113035864334,0.0005012502357963
2025-07-09,full,lr,0.000740175507813452,0.0057089827138572
2025-07-10,full,lr,0.0010605496742059485,0.0088104273642795
2025-07-11,full,lr,0.00026213005510603417,0.0059869909197001
2025-07-14,full,lr,-7.612175226481594e-05,0.0070292739912503
2025-07-15,full,lr,-4.686071266070597e-05,0.0060857588114657
2025-07-16,full,lr,-0.001092401440129905,0.007192631518972
2025-07-17,full,lr,0.0017215466417741525,0.0131230108119364
2025-07-18,full,lr,0.0015716092728886076,0.0034103947077941
2025-07-21,full,lr,0.0016818011775091692,0.0117304170776222
2025-07-22,full,lr,0.001793133105678555,-0.0072517874216782
2025-07-23,full,lr,0.0014963686193923604,0.0168080678781752
2025-07-24,full,lr,0.0022929445068259014,0.0082228907284616
2025-07-25,full,lr,0.0003571526354023776,0.0016718507076642
2025-07-28,full,lr,0.0002862296141834061,0.0094028747482237
2025-07-29,full,lr,-0.001380749343767752,0.0004121613755039
2025-07-30,full,lr,0.00029872262848179034,-0.0089689367628551
2025-07-31,full,lr,-0.0015168692744457382,-0.0087203277194465
2025-08-01,full,lr,-0.0002121227031034134,0.0071137004747967
2025-08-04,full,lr,0.0008084588451697208,-0.0097482485675808
2025-08-05,full,lr,0.0015989648359696635,0.0067477709114527
2025-08-06,full,lr,0.00031270522188121266,-0.0015227525465348
2025-08-07,full,lr,0.002623539881113847,-0.0018096516955576
2025-08-08,full,lr,0.00010911197867837397,0.0057512009938207
2025-08-11,full,lr,0.002372148058145461,0.0095830782599382
2025-08-12,full,lr,-0.001042027087624635,0.0241311278289817
2025-08-13,full,lr,0.002984323028064094,0.0129063807043898
2025-08-14,full,lr,0.001330148628351135,0.0048457439335116
2025-08-15,full,lr,-0.0003422064061884496,-0.0041537334969223
2025-08-19,full,lr,0.0013449057558133717,-0.0044952873774004
2025-08-20,full,lr,-0.0011210443468070452,0.0102331671478239
2025-08-21,full,lr,0.0013688156212110275,-0.0067081898930219
2025-08-22,full,lr,0.0009889249802823039,-0.0040463099963083
2025-08-25,full,lr,0.004639466455679706,0.0086225283194742
2025-08-26,full,lr,-0.0017353160328107528,-0.0026717428125593
2025-08-27,full,lr,0.00131554156429968,0.0038403120922723
2025-08-28,full,lr,0.0008997359747231742,0.0020030023448232
2025-08-29,full,lr,0.0013343502916267822,-0.0154090300018463
2025-09-01,full,lr,-0.0012224486557894005,-0.01213221288363
2025-09-02,full,lr,0.001397759939054464,0.008433634121685
2025-09-03,full,lr,-0.0008965773258487108,0.010744723318707
2025-09-04,full,lr,0.0015608050292399453,-0.0023505883385706
2025-09-08,full,lr,0.0005281269266380786,-0.0128564845395935
2025-09-09,full,lr,0.001787399733734582,-0.0179595685239828
2025-09-10,full,lr,0.00013073795731250544,0.0091863431049699
2025-09-11,full,lr,0.0008844027343639296,0.0063311183166856
2025-09-12,full,lr,0.0019350362849846479,0.0136081464947483
2025-09-15,full,lr,0.0006692929141371965,0.0105196547403974
2025-09-16,full,lr,0.0018405325623090905,0.0025892279406942
2025-09-17,full,lr,0.0017088694025224611,0.0084445132000361
2025-09-18,full,lr,0.0011549628976111777,-0.0020888742375611
2025-09-19,full,lr,0.002269797639058129,0.005315859502522
2025-09-22,full,lr,0.0008718198957631686,-0.0013770424534698
2025-09-23,full,lr,0.0014815291753979924,0.0105365458256976
2025-09-24,full,lr,0.00063092356083116,0.0001669891331452
2025-09-25,full,lr,-6.270459891646811e-05,-0.0106256805864397
2025-09-26,full,lr,-0.0008918245586396621,0.0072699175019987
2025-09-29,full,lr,0.002438106207028357,0.0029480057372595
2025-09-30,full,lr,0.0011420503965691863,-0.0076844082315723
2025-10-01,full,lr,0.001199690558856341,-0.0021409953882773
2025-10-02,full,lr,0.0009187179801315786,0.0033831173079352
2025-10-03,full,lr,0.0002874867086017483,0.0058334358833693
2025-10-06,full,lr,0.0008122329423167819,0.0026562942133327
2025-10-07,full,lr,0.0006336560287593283,0.0036037078399111
2025-10-08,full,lr,-0.0005749019019808376,-0.0003981501732752
2025-10-09,full,lr,0.0009127923629613536,0.0103442278498011
2025-10-10,full,lr,-0.0012060499515186283,0.0008384497654123
2025-10-13,full,lr,-0.0021622490042556017,-0.0037193991495154
2025-10-14,full,lr,0.0017467211699816305,-0.0197235921681198
2025-10-15,full,lr,0.0005225795581759892,-0.0019043878066504
2025-10-16,full,lr,0.001929627347658317,0.009097780630352
2025-10-17,full,lr,1.8442123502964986e-05,-0.0260732594808548
2025-10-20,full,lr,0.0007434426282833667,0.021659857267144
2025-10-21,full,lr,0.0015829393788094333,0.0182653930452687
2025-10-22,full,lr,-7.418070558283817e-05,-0.0104366336701708
2025-10-23,full,lr,0.00048676676193310344,0.014829400120826
2025-10-24,full,lr,0.0010249338755470615,-0.0003178860381147
2025-10-27,full,lr,0.0013702879964834981,-0.0188634555075708
2025-10-28,full,lr,0.002142859166571482,-0.0030255798274509
2025-10-29,full,lr,0.000773680780322462,0.0090530023680397
2025-10-30,full,lr,-0.00012526149212444665,0.0021822062994498
2025-10-31,full,lr,-0.0012575440298362565,-0.0024699107515218
2025-11-03,full,lr,1.105608803888972e-06,0.0135301366724256
2025-11-04,full,lr,0.0008350454294615091,-0.0040168197581156
2025-11-05,full,lr,-0.0017803910370508692,0.009252869194519
2025-11-06,full,lr,0.0010044393776196502,0.0022252306090333
2025-11-07,full,lr,5.3673109172931884e-05,0.0068770817030365
2025-11-10,full,lr,0.000535570540068463,-0.0003990996458167
2025-11-11,full,lr,0.0023058010598477584,-0.0029509446883668
2025-11-12,full,lr,0.0011452746605084755,0.0026322487456909
2025-11-13,full,lr,0.00018865424567209908,-0.0019769486033034
2025-11-14,full,lr,-0.0009382145415060075,-0.0001867681262819
2025-11-17,full,lr,6.435539165353831e-06,0.0055335115811274
2025-11-18,full,lr,-0.00161572166885498,-0.0065506742148784
2025-11-19,full,lr,-0.000749319422081223,0.005325636153648
2025-11-20,full,lr,-0.0006518986297416771,0.0015855764645049
2025-11-21,full,lr,-0.0019010623920341387,-0.0006612024599927
2025-11-24,full,lr,0.00015761004035849872,0.0183585921689175
2025-11-25,full,lr,0.0024391250252509423,-0.0056598265054432
2025-11-26,full,lr,0.002147451699338644,0.0093723003896553
2025-11-27,full,lr,0.0007894137593031661,-0.0065622657301673
2025-11-28,full,lr,0.0005096811675183502,-0.0043576866120282
2025-12-01,full,lr,0.0008262357939326894,0.0046996475206491
2025-12-02,full,lr,0.00012407419616865863,0.0079524541872277
2025-12-03,full,lr,0.00031717559398446735,-0.0006101237883484
2025-12-04,full,lr,0.0020613270971895775,0.0032934422333177
2025-12-05,full,lr,0.0003982620497598559,-0.0008609466602429
2025-12-08,full,lr,0.00031748701592839037,0.0089872623583673
2025-12-09,full,lr,-6.547097471521309e-05,-0.0061627313587031
2025-12-10,full,lr,-0.000247515576340836,0.0050403216250725
2025-12-11,full,lr,0.0017330327354565687,-0.0092882719235358
2025-12-12,full,lr,0.0011604568140702654,0.0046314096273185
2025-12-15,full,lr,-0.001126970758452226,-0.00125208718684
2025-12-16,full,lr,0.0002748357340411757,0.0042462411281096
2025-12-17,full,lr,-0.0006456569301082021,-0.0010509240138478
2025-12-18,full,lr,-0.0018558491662874967,-0.0068398725372968
2025-12-19,full,lr,0.0004955125886990605,-0.0010035592501171
2025-12-22,full,lr,0.0010432609504570063,0.0042065711336825
2025-12-23,full,lr,0.001542216138390409,-0.0070875868507034
2025-12-24,full,lr,0.0016958529890527174,-0.0054747474404788
2025-12-29,full,lr,-0.00034563397110340985,0.0123786580064475
2025-12-30,full,lr,-6.963092184385849e-05,0.0003102870925975
2026-01-02,full,lr,-0.00019540205611371893,0.0116348481606927
2026-01-05,full,lr,-0.00010980194046167574,0.0126153239393822
2026-01-06,full,lr,0.0016404232775158816,0.0083650015085705
2026-01-07,full,lr,0.0005967247930413502,0.0012533659285551
2026-01-08,full,lr,-0.0005319721488794482,-0.0021647983654791
2026-01-09,full,lr,-0.00019597269844821548,0.0012633593936364
2026-01-12,full,lr,0.0008102186748012643,-0.0058391792235212
2026-01-13,full,lr,0.000945463624492092,0.0071306293947106
2026-01-14,full,lr,-0.000568328545508013,0.009374606331697
2026-01-15,full,lr,-0.0005156667166116336,0.004729662971707
2026-01-19,full,lr,-0.00015610597006741233,0.0064216707143742
2026-01-20,full,lr,0.00030296847504098813,9.055424603765516e-05
2026-01-21,full,lr,-0.0003708805770109361,-0.0137086643583064
2026-01-22,full,lr,0.001038757791479346,-0.0020161037952419
2026-01-23,full,lr,0.0014826496663903166,-0.0045892528984463
2026-01-26,full,lr,0.0016518643752807384,0.0027137975281075
2026-01-27,full,lr,0.0015963603140307268,0.0005454002305693
2026-01-28,full,lr,0.0023692572583088227,-0.0762965075072994
2026-01-29,full,lr,-0.00048342721238077576,-0.0106753658730536
2026-01-30,full,lr,0.0002657843773153372,0.0117625363260511
2026-02-02,full,lr,-0.002276972830674193,-0.0500802454046525
2026-02-03,full,lr,-0.0007459767565166353,0.0249139871077321
2026-02-04,full,lr,-0.0001304093176209198,0.002965047773868
2026-02-05,full,lr,-0.0009691897690992121,-0.0052721747108535
2026-02-06,full,lr,-0.002509730033553527,-0.0210267342368002
2026-02-09,full,lr,0.0030230132089083114,0.0121017883621323
2026-02-10,full,lr,0.002383683497904069,0.0123567728975704
2026-02-11,full,lr,-0.0003445000920154959,0.0193918152297971
2026-02-12,full,lr,6.215701900631153e-05,-0.0030941999547735
2026-02-13,full,lr,-0.0025357819979383777,-0.0064427085848546
2026-02-18,full,lr,-0.00028461376337571775,0.0118573142533211
2026-02-19,full,lr,-0.00020995813739221918,-0.0043590080309741
2026-02-20,full,lr,-0.0010165640589903104,-0.000279762413891
2026-02-23,full,lr,0.0010162763205054325,0.0149170702985834
2026-02-24,full,lr,-0.001887462213805617,-0.0138216040430538
2026-02-25,full,lr,0.0004501952247029747,0.0049865012581733
2026-02-26,full,lr,0.00120626330376164,-0.0105049250097266
2026-02-27,full,lr,-0.0008263436396692516,2.715515107531985e-05
2026-03-02,full,lr,-0.0004856829033010213,-0.0269088424609638
2026-03-03,full,lr,-0.0006937842196301991,-0.0096595160277015
2026-03-04,full,lr,-0.002234525534243757,-0.0467581561674794
2026-03-05,full,lr,0.001991708066569939,0.0174620642518892
2026-03-06,full,lr,-0.0010983218357960296,-0.0163246653962403
2026-03-09,full,lr,0.0009379021276187285,-0.0332828330760488
2026-03-10,full,lr,-0.00045276427922425876,0.0140132172511151
2026-03-11,full,lr,0.00039302662618149233,-0.0069471724265692
2026-03-12,full,lr,0.00013252226932157285,-0.003698842773339
2026-03-13,full,lr,-0.0019160098716102484,-0.0310253408547289
2026-03-16,full,lr,-0.0016690797178396247,-0.016233108765423
2026-03-17,full,lr,0.001271221802882252,0.0119684380793412
2026-03-25,full,lr,-0.0029155803245863397,0.0271073255589158
2026-03-26,full,lr,0.002475618859813045,-0.019083705300412
2026-03-27,full,lr,-0.002122968137994153,-0.0094009522004299
2026-03-30,full,lr,-0.0011401460337713237,-0.0007593644265408
2026-03-31,full,lr,-0.0012320583797954781,-0.0061454345434519
2026-04-01,full,lr,0.004677745849245884,0.0191418860632737
2026-04-02,full,lr,0.0006117746675092059,-0.022188415554547
2026-04-06,full,lr,-0.0005558325597940798,-0.0053304765091102
2026-04-07,full,lr,0.0008242088837331503,-0.0026358653136373
2026-04-08,full,lr,0.0010810418510051175,0.0432596613601088
2026-04-09,full,lr,0.0025508672545831524,0.0038911787097148
2026-04-10,full,lr,0.0015521646460753763,0.0204404188580227
2026-04-13,full,lr,0.0005870666109466058,0.0055741572468317
2026-04-14,full,lr,0.0015679506476509496,0.023164261856122
2026-04-15,full,lr,0.0011091931550522593,-0.0068453625076774
2026-04-16,full,lr,0.002971603340372407,-0.0002891579189423
2026-04-17,full,lr,-1.6296636562072918e-05,0.0016547694572945
2026-04-20,full,lr,0.0017807259006441078,-0.0052394085980331
2026-04-21,full,lr,-0.0005863090277654251,-0.0045838966718765
2026-04-22,full,lr,-0.0010817732958895722,-0.0023532328153912
2026-04-23,full,lr,0.0010482461708510745,-0.02185120187041
2026-04-24,full,lr,-0.0007792187201278517,-0.0343449900681473
2026-04-27,full,lr,0.0009779161844054767,-0.0032270607239279
2026-04-28,full,lr,-9.54980812016839e-05,-0.0048139088993757
2026-04-29,full,lr,-0.0009992363139449203,0.0040686892814907
2026-04-30,full,lr,-0.0011572209790698684,-0.020547253530287
2026-05-04,full,lr,0.0014778745528481651,0.0021752021952465
2026-05-05,full,lr,0.0004092337908955962,0.0121396420508261
2026-05-06,full,lr,0.002317047889646362,0.0049981598841082
2026-05-07,full,lr,0.0045864156313655795,0.0114748890046936
2026-05-08,full,lr,-0.0007263185322503202,-0.0289795318978036
2026-05-11,full,lr,0.0016823093111650563,-0.0091929735476501
2026-05-12,full,lr,5.231567941692069e-05,-0.0067886673981139
2026-05-13,full,lr,-4.1143154109351307e-05,-0.0199648684016189
2026-05-18,full,lr,-0.00528843153257065,-0.0186275276055187
2026-05-19,full,lr,0.002918203928508849,-0.0352484378210498
2026-05-20,full,lr,-0.0015203754168393608,-0.0082242503645879
2026-05-21,full,lr,-0.002982081934579877,-0.0360227688547514
2026-05-22,full,lr,-0.0012165245761486159,0.0109496209313011
2026-05-25,full,lr,0.0005545215881001392,0.007164129563872
2026-05-26,full,lr,-0.0008562488083335722,-0.0123470848414299
2026-05-29,full,lr,0.0004891004008948822,-0.0004583423789394
2026-06-02,full,lr,-0.001150649628477452,0.011044007531467
2026-06-03,full,lr,4.460042058399203e-05,-0.0419228354228486
2026-06-04,full,lr,6.553845406961467e-06,-0.0171945568951965
2026-06-05,full,lr,0.0011193350906331704,-0.0428626443186885
2026-06-08,full,lr,-0.005078871971928802,-0.0462055645925421
2026-06-09,full,lr,7.07192705010396e-06,0.0729909205267862
2026-06-10,full,lr,-0.0028442739236201955,0.0267382582729336
2026-06-11,full,lr,-0.003958158284392628,-0.00277285282122
2026-06-12,full,lr,0.0009075709640851313,0.0204524912516355
2026-06-15,full,lr,0.0002696362175717754,0.04034106335647
2026-06-17,full,lr,0.0002566485535855515,-0.005486771113377
2026-06-18,full,lr,-0.004593868684747505,-0.0078109132510668
2026-06-19,full,lr,-0.0027598127701863578,0.000777250059917
2026-06-22,full,lr,0.0022413244229126184,-0.0098341542611528
2026-06-23,full,lr,0.0003690185285902479,-0.0025138177829013
2026-06-24,full,lr,-0.0013202149739033329,-0.0362907188794174
2026-06-25,full,lr,-0.001818424880440511,0.0193825830677241
2026-06-26,full,lr,-0.0005399101108188107,-0.0173022912392326
2026-06-29,full,lr,-0.004047831190994007,-0.0128608480518011
2025-01-02,full,rf,-0.00097975905491108,0.0116970582318742
2025-01-03,full,rf,-0.0014575937753008058,0.0001708755364671
2025-01-06,full,rf,0.002342064486874189,-0.0117875212396114
2025-01-07,full,rf,0.001859011731563606,0.0003967956203343
2025-01-08,full,rf,-0.0010363207254494903,-0.0004140361839883
2025-01-09,full,rf,-9.396496110972574e-05,-0.0022289478425765
2025-01-10,full,rf,-4.157573935821501e-05,0.0034307306119174
2025-01-13,full,rf,-0.0025254721164203915,-0.0102068950009197
2025-01-14,full,rf,0.0006237610530831809,-0.008618320466688
2025-01-15,full,rf,0.0015166650607294327,0.017511844582712
2025-01-16,full,rf,0.001371362536152401,0.0039412007770192
2025-01-17,full,rf,-0.0006152848543488725,0.0066103976969955
2025-01-20,full,rf,0.0011904284829544467,0.0022447716116733
2025-01-21,full,rf,-4.35485774308789e-05,0.0015443952311642
2025-01-22,full,rf,0.0025070513584832654,0.0104313402368703
2025-01-23,full,rf,0.0007578787544332394,-0.0033796098769087
2025-01-24,full,rf,0.0007006158620659276,-0.0092490839255319
2025-01-30,full,rf,0.0003141463858684246,-0.0130031542140969
2025-01-31,full,rf,-0.000891930352483542,0.005036828651999
2025-02-03,full,rf,-0.0011622406594508682,-0.0111941580829419
2025-02-04,full,rf,-0.00130454927066833,0.0061546372624921
2025-02-05,full,rf,0.0019855515392775604,-0.0069842885737472
2025-02-06,full,rf,0.0012720374819413377,-0.0213956963687795
2025-02-07,full,rf,0.0006646277066176962,-0.0195275502239837
2025-02-10,full,rf,-0.001047796502706229,-0.0141046425960791
2025-02-11,full,rf,0.0008105027384498318,-0.017625750583134
2025-02-12,full,rf,0.0005729759615856635,0.017270060485508
2025-02-13,full,rf,-0.000602295963696777,-0.0048584636101125
2025-02-14,full,rf,0.002620451832043815,0.0037565789481757
2025-02-17,full,rf,0.0008596131510611518,0.0285739215045204
2025-02-18,full,rf,-1.994075575803965e-05,0.0062275457498319
2025-02-19,full,rf,0.00013673001484798078,-0.0115136776304805
2025-02-20,full,rf,0.0007844146235343601,-0.0010051119194862
2025-02-21,full,rf,0.00015997946404050498,0.0022013013202872
2025-02-24,full,rf,-0.0027657588398694406,-0.0078804318894967
2025-02-25,full,rf,-0.0005769005549869351,-0.0243721986636309
2025-02-26,full,rf,-0.00018009686474575529,0.0028941011525738
2025-02-27,full,rf,-0.00036049255186373984,-0.0184443702875487
2025-02-28,full,rf,-0.00337131755816038,-0.0336893430137443
2025-03-03,full,rf,0.0013138216091440704,0.0389503595209799
2025-03-04,full,rf,-0.0022087222202703304,-0.0215910226637365
2025-03-05,full,rf,-0.00043772961783056593,0.0233902218715034
2025-03-06,full,rf,0.00092902803554432,0.0131489649077423
2025-03-07,full,rf,-0.0017501680800442506,0.002739256481842
2025-03-10,full,rf,0.0013439515354669326,-0.0057106821135857
2025-03-11,full,rf,-0.002521731924147876,-0.0079674142364716
2025-03-12,full,rf,-0.00013788286385686398,0.018045417596058
2025-03-13,full,rf,0.0007776652204473164,-0.002648336589333
2025-03-14,full,rf,-0.001795209914717528,-0.0200243192655662
2025-03-17,full,rf,0.0012099020242897795,-0.0067270815223015
2025-03-18,full,rf,0.00168225552225892,-0.0391624737037581
2025-03-19,full,rf,-0.0011346982661810357,0.0140842587025709
2025-03-20,full,rf,0.0014793231984075803,0.0110316772571863
2025-03-21,full,rf,-0.00027039796683770334,-0.0195411383943717
2025-03-24,full,rf,0.00041194874579062054,-0.0156148315582882
2025-03-25,full,rf,0.000957751912601441,0.0120034265236341
2025-03-26,full,rf,0.0007335047950556456,0.0372623027610927
2025-03-27,full,rf,-0.0007465893006986823,0.0058945299952295
2025-04-08,full,rf,8.02379076373829e-05,-0.0823184303818056
2025-04-09,full,rf,-0.0028049942076971133,-0.0047064599132049
2025-04-10,full,rf,0.0008300103562230319,0.0468152672196158
2025-04-11,full,rf,-0.002031956299968689,0.0013106401057214
2025-04-14,full,rf,0.0027406824554571667,0.0168309217293725
2025-04-15,full,rf,0.0006255290789948464,0.0114232112107028
2025-04-16,full,rf,-0.0014033729093067115,-0.0064833987929997
2025-04-17,full,rf,-0.002058130621698429,0.0059532628824605
2025-04-21,full,rf,0.0007591104861998517,0.0011949105741084
2025-04-22,full,rf,-0.0019420400977177771,0.0142173776108567
2025-04-23,full,rf,-0.0004322965552618236,0.0145927502790428
2025-04-24,full,rf,-2.217442194708138e-06,-0.0031550682202539
2025-04-25,full,rf,0.002913090215869141,0.0098458629711792
2025-04-28,full,rf,0.0010321056993715856,0.006573844425505
2025-04-29,full,rf,0.0012048919324753272,0.0038760879155237
2025-04-30,full,rf,0.0008007938360043161,0.0026220637755631
2025-05-02,full,rf,0.0005965092189225069,0.0072056220290583
2025-05-05,full,rf,-9.398305885622344e-05,0.0023772792266765
2025-05-06,full,rf,-0.0002448423594006621,0.009649588404585
2025-05-07,full,rf,0.00035474232894246887,0.0040549050036204
2025-05-08,full,rf,0.0006651791334657642,-0.0143197555163254
2025-05-09,full,rf,-0.00018202080187755852,0.000739826975435
2025-05-14,full,rf,0.00039817252241313437,0.0212966905653591
2025-05-15,full,rf,-0.00021851998941757226,0.0085993502315222
2025-05-16,full,rf,0.00045100427811636367,0.0093824416812147
2025-05-19,full,rf,0.0008843752160217353,0.0048520408637386
2025-05-20,full,rf,0.001791068578226881,-0.0065313202824039
2025-05-21,full,rf,3.056310757134033e-05,0.0067231657302215
2025-05-22,full,rf,-0.0014002558065437773,0.0034271138890193
2025-05-23,full,rf,-0.0006821503157507709,0.0065616891192679
2025-05-26,full,rf,0.0003100303990434713,-0.0035841079461444
2025-05-27,full,rf,0.00018194964684208466,0.0014754341442824
2025-05-28,full,rf,-0.00044631664815334977,-0.0032206350480148
2025-06-02,full,rf,-0.0007450478214661795,-0.015554119262596
2025-06-03,full,rf,0.00255449018529952,-0.0028699137006142
2025-06-04,full,rf,4.355051584649531e-06,0.0034314294887476
2025-06-05,full,rf,0.0005970024106831198,0.0062595394951845
2025-06-10,full,rf,-0.00045527435478252327,0.0163582736823411
2025-06-11,full,rf,0.0013776129052450487,-0.0011470211076733
2025-06-12,full,rf,0.0003795082273167475,-0.0025072662218459
2025-06-13,full,rf,0.0022599030546380365,-0.0053311213400526
2025-06-16,full,rf,-0.0007665600483185457,-0.0067873810453846
2025-06-17,full,rf,0.0012925174190230333,0.0053611903529411
2025-06-18,full,rf,-0.0010741296219113,-0.0067392568009996
2025-06-19,full,rf,-0.00030276955784953104,-0.0197712705179995
2025-06-20,full,rf,0.00047431067452210346,-0.0088645670465989
2025-06-23,full,rf,-0.00030349797205112943,-0.0175257308950307
2025-06-24,full,rf,0.0018367859444832957,0.0120137492667478
2025-06-25,full,rf,0.0023674139393488323,-0.0054050176897106
2025-06-26,full,rf,0.0001139654197582652,0.0095061179390167
2025-06-30,full,rf,0.0023407003141258827,0.004380350386107
2025-07-01,full,rf,0.0019580970440154933,-0.0017798604965406
2025-07-02,full,rf,-0.0002758652372979805,-0.0049453928224298
2025-07-03,full,rf,0.0009553401101840063,-0.0004643167816826
2025-07-04,full,rf,0.0005107748706990994,-0.0018713037053217
2025-07-07,full,rf,-4.545277034906996e-05,0.0051925022056593
2025-07-08,full,rf,-0.0008235400028177149,0.0005012502357963
2025-07-09,full,rf,-0.00010886089356465326,0.0057089827138572
2025-07-10,full,rf,0.0008843529584054852,0.0088104273642795
2025-07-11,full,rf,0.0005929502382500884,0.0059869909197001
2025-07-14,full,rf,-0.00028513928154343506,0.0070292739912503
2025-07-15,full,rf,0.0005419693297809913,0.0060857588114657
2025-07-16,full,rf,-0.0011697358298616966,0.007192631518972
2025-07-17,full,rf,0.001071039809968431,0.0131230108119364
2025-07-18,full,rf,0.0005521718795525848,0.0034103947077941
2025-07-21,full,rf,0.0001292793435584416,0.0117304170776222
2025-07-22,full,rf,0.001861748623536447,-0.0072517874216782
2025-07-23,full,rf,0.001095310998753246,0.0168080678781752
2025-07-24,full,rf,0.0009091291280922379,0.0082228907284616
2025-07-25,full,rf,0.00035242435843737895,0.0016718507076642
2025-07-28,full,rf,0.0006267962281618719,0.0094028747482237
2025-07-29,full,rf,-0.0008146915842567942,0.0004121613755039
2025-07-30,full,rf,-0.00039825047576376167,-0.0089689367628551
2025-07-31,full,rf,-0.0009012785188537861,-0.0087203277194465
2025-08-01,full,rf,-0.0005846038860820518,0.0071137004747967
2025-08-04,full,rf,-0.001985678393649038,-0.0097482485675808
2025-08-05,full,rf,0.0011274860397253125,0.0067477709114527
2025-08-06,full,rf,-0.0005116328490888935,-0.0015227525465348
2025-08-07,full,rf,0.0019081299316472322,-0.0018096516955576
2025-08-08,full,rf,-0.0003849316586876199,0.0057512009938207
2025-08-11,full,rf,0.0012618964296881926,0.0095830782599382
2025-08-12,full,rf,-0.00038577207012220496,0.0241311278289817
2025-08-13,full,rf,0.00219566900161111,0.0129063807043898
2025-08-14,full,rf,0.0011879274490302814,0.0048457439335116
2025-08-15,full,rf,-0.00042170989902988237,-0.0041537334969223
2025-08-19,full,rf,0.0001399529516296122,-0.0044952873774004
2025-08-20,full,rf,-0.0009860887330355496,0.0102331671478239
2025-08-21,full,rf,-0.0003683005238225138,-0.0067081898930219
2025-08-22,full,rf,-0.0008314727939142502,-0.0040463099963083
2025-08-25,full,rf,0.0026486023536811177,0.0086225283194742
2025-08-26,full,rf,-0.0008956623718423358,-0.0026717428125593
2025-08-27,full,rf,0.0008315547198066605,0.0038403120922723
2025-08-28,full,rf,0.0006937940278222553,0.0020030023448232
2025-08-29,full,rf,0.0017201973031132885,-0.0154090300018463
2025-09-01,full,rf,-0.0009766272498491482,-0.01213221288363
2025-09-02,full,rf,-0.00013671966737880867,0.008433634121685
2025-09-03,full,rf,-0.0011728637382642992,0.010744723318707
2025-09-04,full,rf,0.001065579914164326,-0.0023505883385706
2025-09-08,full,rf,0.0010334456160064974,-0.0128564845395935
2025-09-09,full,rf,0.00025924187702242686,-0.0179595685239828
2025-09-10,full,rf,0.0006597739928376638,0.0091863431049699
2025-09-11,full,rf,0.0007978145435871842,0.0063311183166856
2025-09-12,full,rf,0.0013962346774250595,0.0136081464947483
2025-09-15,full,rf,-0.0001882920760699711,0.0105196547403974
2025-09-16,full,rf,0.0013254295600217964,0.0025892279406942
2025-09-17,full,rf,0.0007212026813543441,0.0084445132000361
2025-09-18,full,rf,-0.0004579383292619273,-0.0020888742375611
2025-09-19,full,rf,-0.0003869477167547602,0.005315859502522
2025-09-22,full,rf,0.0008201392206119667,-0.0013770424534698
2025-09-23,full,rf,0.001542921765463837,0.0105365458256976
2025-09-24,full,rf,-0.00035839391343041413,0.0001669891331452
2025-09-25,full,rf,-0.0012548540777391872,-0.0106256805864397
2025-09-26,full,rf,-0.0009682076699710813,0.0072699175019987
2025-09-29,full,rf,0.001880544949869099,0.0029480057372595
2025-09-30,full,rf,0.0008186227822582239,-0.0076844082315723
2025-10-01,full,rf,0.0007362604364690613,-0.0021409953882773
2025-10-02,full,rf,0.0006177539153716831,0.0033831173079352
2025-10-03,full,rf,0.0002585067382772095,0.0058334358833693
2025-10-06,full,rf,8.530593829204734e-05,0.0026562942133327
2025-10-07,full,rf,0.0005709175930609546,0.0036037078399111
2025-10-08,full,rf,-0.0009697039576847179,-0.0003981501732752
2025-10-09,full,rf,0.0009062372723521196,0.0103442278498011
2025-10-10,full,rf,-0.0011428863171804133,0.0008384497654123
2025-10-13,full,rf,-0.001969483425401279,-0.0037193991495154
2025-10-14,full,rf,0.001387295749185887,-0.0197235921681198
2025-10-15,full,rf,-0.000214386204961708,-0.0019043878066504
2025-10-16,full,rf,0.0010797909463578475,0.009097780630352
2025-10-17,full,rf,-6.945370188616517e-05,-0.0260732594808548
2025-10-20,full,rf,0.0009042575743536114,0.021659857267144
2025-10-21,full,rf,0.0012334896486984636,0.0182653930452687
2025-10-22,full,rf,-5.769000130921251e-05,-0.0104366336701708
2025-10-23,full,rf,-0.0005548578310212271,0.014829400120826
2025-10-24,full,rf,0.0007722780372860375,-0.0003178860381147
2025-10-27,full,rf,0.0010304346656623761,-0.0188634555075708
2025-10-28,full,rf,0.001337798030060815,-0.0030255798274509
2025-10-29,full,rf,0.0006882529832808958,0.0090530023680397
2025-10-30,full,rf,-0.0008253720400357759,0.0021822062994498
2025-10-31,full,rf,-0.001031341476409315,-0.0024699107515218
2025-11-03,full,rf,0.0008451230701205139,0.0135301366724256
2025-11-04,full,rf,0.0007371653149715628,-0.0040168197581156
2025-11-05,full,rf,-0.0011896272928825608,0.009252869194519
2025-11-06,full,rf,0.0007311811397335827,0.0022252306090333
2025-11-07,full,rf,-0.000521887907247751,0.0068770817030365
2025-11-10,full,rf,0.0006936987705287528,-0.0003990996458167
2025-11-11,full,rf,0.0013664551336800069,-0.0029509446883668
2025-11-12,full,rf,0.000731222528068205,0.0026322487456909
2025-11-13,full,rf,0.00019864280402598483,-0.0019769486033034
2025-11-14,full,rf,-0.0021354006620572996,-0.0001867681262819
2025-11-17,full,rf,-0.00016793331066493442,0.0055335115811274
2025-11-18,full,rf,-0.0011008696628359393,-0.0065506742148784
2025-11-19,full,rf,-0.0008015375064249328,0.005325636153648
2025-11-20,full,rf,3.486331178309468e-05,0.0015855764645049
2025-11-21,full,rf,-0.0020499373507168275,-0.0006612024599927
2025-11-24,full,rf,0.0009278269167844451,0.0183585921689175
2025-11-25,full,rf,0.00135313298214776,-0.0056598265054432
2025-11-26,full,rf,0.0020722773931278415,0.0093723003896553
2025-11-27,full,rf,0.0008834560813039878,-0.0065622657301673
2025-11-28,full,rf,1.1135022712835889e-05,-0.0043576866120282
2025-12-01,full,rf,0.0008341437418950034,0.0046996475206491
2025-12-02,full,rf,-0.0005415127305898913,0.0079524541872277
2025-12-03,full,rf,0.0005317099181228259,-0.0006101237883484
2025-12-04,full,rf,0.0017436083562888541,0.0032934422333177
2025-12-05,full,rf,0.0007106150483109479,-0.0008609466602429
2025-12-08,full,rf,0.0006078863978028091,0.0089872623583673
2025-12-09,full,rf,-0.0006501964467493793,-0.0061627313587031
2025-12-10,full,rf,-0.00039230320346220833,0.0050403216250725
2025-12-11,full,rf,0.0017224358392747754,-0.0092882719235358
2025-12-12,full,rf,0.0014281656347020924,0.0046314096273185
2025-12-15,full,rf,-0.0007867886900222776,-0.00125208718684
2025-12-16,full,rf,-4.569821329818069e-05,0.0042462411281096
2025-12-17,full,rf,-0.0005565779732841444,-0.0010509240138478
2025-12-18,full,rf,-0.0009659108729471288,-0.0068398725372968
2025-12-19,full,rf,0.0011257589433225517,-0.0010035592501171
2025-12-22,full,rf,0.0012272020476071796,0.0042065711336825
2025-12-23,full,rf,0.0015342974373854738,-0.0070875868507034
2025-12-24,full,rf,0.0016454932946695974,-0.0054747474404788
2025-12-29,full,rf,0.000652168226424005,0.0123786580064475
2025-12-30,full,rf,-0.0006540795098825801,0.0003102870925975
2026-01-02,full,rf,-0.000255134997579042,0.0116348481606927
2026-01-05,full,rf,-0.0008125139626460153,0.0126153239393822
2026-01-06,full,rf,0.0007905152179219076,0.0083650015085705
2026-01-07,full,rf,0.0006308952173860659,0.0012533659285551
2026-01-08,full,rf,-0.0006841919916939842,-0.0021647983654791
2026-01-09,full,rf,2.347374706427656e-05,0.0012633593936364
2026-01-12,full,rf,0.0008288441763908392,-0.0058391792235212
2026-01-13,full,rf,0.0012780854045599096,0.0071306293947106
2026-01-14,full,rf,-0.00025757148900901357,0.009374606331697
2026-01-15,full,rf,-0.0005278195485118434,0.004729662971707
2026-01-19,full,rf,0.0004905880744646438,0.0064216707143742
2026-01-20,full,rf,-0.0002696192979169232,9.055424603765516e-05
2026-01-21,full,rf,-0.0018899550118676436,-0.0137086643583064
2026-01-22,full,rf,0.0014263440372258216,-0.0020161037952419
2026-01-23,full,rf,0.0015017303000327525,-0.0045892528984463
2026-01-26,full,rf,0.0012505710463389824,0.0027137975281075
2026-01-27,full,rf,0.0017983579040991304,0.0005454002305693
2026-01-28,full,rf,0.0021145925598290917,-0.0762965075072994
2026-01-29,full,rf,-0.00017488888788626093,-0.0106753658730536
2026-01-30,full,rf,-0.00010343454099604382,0.0117625363260511
2026-02-02,full,rf,-0.0011978943370185928,-0.0500802454046525
2026-02-03,full,rf,-0.00023876250213434192,0.0249139871077321
2026-02-04,full,rf,-0.000668864193623157,0.002965047773868
2026-02-05,full,rf,-0.0005248249675525313,-0.0052721747108535
2026-02-06,full,rf,-0.0014280200590051563,-0.0210267342368002
2026-02-09,full,rf,0.001523725456119849,0.0121017883621323
2026-02-10,full,rf,0.002201509265092224,0.0123567728975704
2026-02-11,full,rf,-0.0006396535606814754,0.0193918152297971
2026-02-12,full,rf,-0.00012532598408517654,-0.0030941999547735
2026-02-13,full,rf,-0.0022337230807975656,-0.0064427085848546
2026-02-18,full,rf,0.000350809284503128,0.0118573142533211
2026-02-19,full,rf,-0.0002577124640787633,-0.0043590080309741
2026-02-20,full,rf,-0.0004195925909436755,-0.000279762413891
2026-02-23,full,rf,0.0009107532239126619,0.0149170702985834
2026-02-24,full,rf,-0.0010290054966266141,-0.0138216040430538
2026-02-25,full,rf,0.0007839582277376152,0.0049865012581733
2026-02-26,full,rf,0.0011333658839418254,-0.0105049250097266
2026-02-27,full,rf,-0.0006448746533945337,2.715515107531985e-05
2026-03-02,full,rf,-0.00042337157655379453,-0.0269088424609638
2026-03-03,full,rf,-0.000525792853789833,-0.0096595160277015
2026-03-04,full,rf,-0.0016960078126485262,-0.0467581561674794
2026-03-05,full,rf,0.001667667403944488,0.0174620642518892
2026-03-06,full,rf,-0.001258821220918512,-0.0163246653962403
2026-03-09,full,rf,-0.0014169742463164589,-0.0332828330760488
2026-03-10,full,rf,0.0008537729286808277,0.0140132172511151
2026-03-11,full,rf,0.0001296633551884706,-0.0069471724265692
2026-03-12,full,rf,-0.0005800507757640916,-0.003698842773339
2026-03-13,full,rf,-0.002919767938053468,-0.0310253408547289
2026-03-16,full,rf,-0.0013773728055883764,-0.016233108765423
2026-03-17,full,rf,0.002344915878754982,0.0119684380793412
2026-03-25,full,rf,0.0004903520553003734,0.0271073255589158
2026-03-26,full,rf,-0.0023567992530976727,-0.019083705300412
2026-03-27,full,rf,-0.002527418652132312,-0.0094009522004299
2026-03-30,full,rf,-0.0026247303790374685,-0.0007593644265408
2026-03-31,full,rf,-0.0005704182625210937,-0.0061454345434519
2026-04-01,full,rf,0.0026518342825734365,0.0191418860632737
2026-04-02,full,rf,0.00122958604941464,-0.022188415554547
2026-04-06,full,rf,0.0005784639884140037,-0.0053304765091102
2026-04-07,full,rf,0.0010564532067433691,-0.0026358653136373
2026-04-08,full,rf,0.0012873104712667633,0.0432596613601088
2026-04-09,full,rf,0.002236431031373328,0.0038911787097148
2026-04-10,full,rf,0.0016146327993459204,0.0204404188580227
2026-04-13,full,rf,-0.0003254542500838205,0.0055741572468317
2026-04-14,full,rf,0.002210660890958645,0.023164261856122
2026-04-15,full,rf,0.001608099057427845,-0.0068453625076774
2026-04-16,full,rf,0.0008018566222113044,-0.0002891579189423
2026-04-17,full,rf,0.0006994410823304819,0.0016547694572945
2026-04-20,full,rf,0.0008785099550816436,-0.0052394085980331
2026-04-21,full,rf,-0.0005626658322524173,-0.0045838966718765
2026-04-22,full,rf,-0.00034331957249648985,-0.0023532328153912
2026-04-23,full,rf,0.0014519610152982487,-0.02185120187041
2026-04-24,full,rf,-0.0003793948661505837,-0.0343449900681473
2026-04-27,full,rf,0.0016975063878077532,-0.0032270607239279
2026-04-28,full,rf,0.0006847730672174077,-0.0048139088993757
2026-04-29,full,rf,-0.00039204934404638535,0.0040686892814907
2026-04-30,full,rf,-0.0004818810948473972,-0.020547253530287
2026-05-04,full,rf,0.002415627084575463,0.0021752021952465
2026-05-05,full,rf,-0.000497488789601635,0.0121396420508261
2026-05-06,full,rf,0.0008294805993397687,0.0049981598841082
2026-05-07,full,rf,0.0019633413972229698,0.0114748890046936
2026-05-08,full,rf,-0.0005719981773160218,-0.0289795318978036
2026-05-11,full,rf,0.0021909141518741547,-0.0091929735476501
2026-05-12,full,rf,0.0007251479273385212,-0.0067886673981139
2026-05-13,full,rf,-0.00021879317136625471,-0.0199648684016189
2026-05-18,full,rf,0.00042162482872829123,-0.0186275276055187
2026-05-19,full,rf,-0.0011940078564131567,-0.0352484378210498
2026-05-20,full,rf,-0.0007400896212438493,-0.0082242503645879
2026-05-21,full,rf,0.000929986728007593,-0.0360227688547514
2026-05-22,full,rf,6.062465276608013e-05,0.0109496209313011
2026-05-25,full,rf,0.0006161474330456946,0.007164129563872
2026-05-26,full,rf,-4.4180752879154664e-05,-0.0123470848414299
2026-05-29,full,rf,0.0008245962115016329,-0.0004583423789394
2026-06-02,full,rf,0.0010340416972197434,0.011044007531467
2026-06-03,full,rf,0.0007681434239532201,-0.0419228354228486
2026-06-04,full,rf,-0.000808141860238852,-0.0171945568951965
2026-06-05,full,rf,0.0005206286369289078,-0.0428626443186885
2026-06-08,full,rf,-0.003108742279245918,-0.0462055645925421
2026-06-09,full,rf,0.0008747824610144331,0.0729909205267862
2026-06-10,full,rf,-0.0007642764137400267,0.0267382582729336
2026-06-11,full,rf,-0.002196536910214667,-0.00277285282122
2026-06-12,full,rf,0.0012212129154849894,0.0204524912516355
2026-06-15,full,rf,0.000750456798877051,0.04034106335647
2026-06-17,full,rf,0.0007882338955198552,-0.005486771113377
2026-06-18,full,rf,-0.0033119830808649446,-0.0078109132510668
2026-06-19,full,rf,-0.000250194457425049,0.000777250059917
2026-06-22,full,rf,-0.00013147763551798762,-0.0098341542611528
2026-06-23,full,rf,-0.0006393410430844633,-0.0025138177829013
2026-06-24,full,rf,-0.0022603823909729363,-0.0362907188794174
2026-06-25,full,rf,-0.0004933292615561076,0.0193825830677241
2026-06-26,full,rf,6.077852340725885e-05,-0.0173022912392326
2026-06-29,full,rf,-0.0007412778585782509,-0.0128608480518011
2025-01-02,full,xgb,-0.0008876165375113487,0.0116970582318742
2025-01-03,full,xgb,-0.0013178377412259579,0.0001708755364671
2025-01-06,full,xgb,0.0023699623998254538,-0.0117875212396114
2025-01-07,full,xgb,-0.0005223238840699196,0.0003967956203343
2025-01-08,full,xgb,-0.0021376709919422865,-0.0004140361839883
2025-01-09,full,xgb,-0.0010813215048983693,-0.0022289478425765
2025-01-10,full,xgb,-0.0007136974018067122,0.0034307306119174
2025-01-13,full,xgb,-0.0029023122042417526,-0.0102068950009197
2025-01-14,full,xgb,-0.00030553489341400564,-0.008618320466688
2025-01-15,full,xgb,0.0016828055959194899,0.017511844582712
2025-01-16,full,xgb,-6.837576074758545e-05,0.0039412007770192
2025-01-17,full,xgb,-0.0014729701215401292,0.0066103976969955
2025-01-20,full,xgb,0.00041797841549851,0.0022447716116733
2025-01-21,full,xgb,-0.0005852403119206429,0.0015443952311642
2025-01-22,full,xgb,0.0014804773963987827,0.0104313402368703
2025-01-23,full,xgb,-0.0003607759717851877,-0.0033796098769087
2025-01-24,full,xgb,-0.0005676669534295797,-0.0092490839255319
2025-01-30,full,xgb,-2.258791573694907e-05,-0.0130031542140969
2025-01-31,full,xgb,-0.0010898569598793983,0.005036828651999
2025-02-03,full,xgb,-0.001395668601617217,-0.0111941580829419
2025-02-04,full,xgb,-0.0012042007874697447,0.0061546372624921
2025-02-05,full,xgb,0.0013927146792411804,-0.0069842885737472
2025-02-06,full,xgb,-3.53615905623883e-05,-0.0213956963687795
2025-02-07,full,xgb,-0.0009327796869911253,-0.0195275502239837
2025-02-10,full,xgb,-0.002939629601314664,-0.0141046425960791
2025-02-11,full,xgb,-0.00026026033447124064,-0.017625750583134
2025-02-12,full,xgb,0.0008533918298780918,0.017270060485508
2025-02-13,full,xgb,-0.0014461941318586469,-0.0048584636101125
2025-02-14,full,xgb,0.0013156500644981861,0.0037565789481757
2025-02-17,full,xgb,-0.00023423513630405068,0.0285739215045204
2025-02-18,full,xgb,0.00027395461802370846,0.0062275457498319
2025-02-19,full,xgb,-0.0013040853664278984,-0.0115136776304805
2025-02-20,full,xgb,0.0011323655489832163,-0.0010051119194862
2025-02-21,full,xgb,0.00043525901855900884,0.0022013013202872
2025-02-24,full,xgb,-0.0022761395666748285,-0.0078804318894967
2025-02-25,full,xgb,-0.0008755875169299543,-0.0243721986636309
2025-02-26,full,xgb,-8.232724212575704e-05,0.0028941011525738
2025-02-27,full,xgb,-0.0016881843330338597,-0.0184443702875487
2025-02-28,full,xgb,-0.0042795720510184765,-0.0336893430137443
2025-03-03,full,xgb,0.0007213024655357003,0.0389503595209799
2025-03-04,full,xgb,-0.0021225393284112215,-0.0215910226637365
2025-03-05,full,xgb,-0.0010063573718070984,0.0233902218715034
2025-03-06,full,xgb,-0.00038176303496584296,0.0131489649077423
2025-03-07,full,xgb,-0.0004233179788570851,0.002739256481842
2025-03-10,full,xgb,0.001071243779733777,-0.0057106821135857
2025-03-11,full,xgb,-0.001974839949980378,-0.0079674142364716
2025-03-12,full,xgb,0.0004842362832278013,0.018045417596058
2025-03-13,full,xgb,0.0015781562542542815,-0.002648336589333
2025-03-14,full,xgb,-0.0011393530294299126,-0.0200243192655662
2025-03-17,full,xgb,-0.0008986718603409827,-0.0067270815223015
2025-03-18,full,xgb,0.0023479280062019825,-0.0391624737037581
2025-03-19,full,xgb,-0.003360334550961852,0.0140842587025709
2025-03-20,full,xgb,0.0012387015158310533,0.0110316772571863
2025-03-21,full,xgb,-0.0005504169384948909,-0.0195411383943717
2025-03-24,full,xgb,0.0006326352013275027,-0.0156148315582882
2025-03-25,full,xgb,0.0017441419186070561,0.0120034265236341
2025-03-26,full,xgb,0.00215899501927197,0.0372623027610927
2025-03-27,full,xgb,-0.0006312312325462699,0.0058945299952295
2025-04-08,full,xgb,0.0004809621605090797,-0.0823184303818056
2025-04-09,full,xgb,-0.0012724676635116339,-0.0047064599132049
2025-04-10,full,xgb,0.002314371522516012,0.0468152672196158
2025-04-11,full,xgb,-0.0012594542931765318,0.0013106401057214
2025-04-14,full,xgb,0.003887697122991085,0.0168309217293725
2025-04-15,full,xgb,-0.00192658428568393,0.0114232112107028
2025-04-16,full,xgb,-0.002546630334109068,-0.0064833987929997
2025-04-17,full,xgb,-0.0012086048955097795,0.0059532628824605
2025-04-21,full,xgb,-0.0011846035486087203,0.0011949105741084
2025-04-22,full,xgb,-0.0014390954747796059,0.0142173776108567
2025-04-23,full,xgb,-0.0011535781668499112,0.0145927502790428
2025-04-24,full,xgb,-0.000573917175643146,-0.0031550682202539
2025-04-25,full,xgb,0.0048073469661176205,0.0098458629711792
2025-04-28,full,xgb,0.0031884871423244476,0.006573844425505
2025-04-29,full,xgb,0.002505133394151926,0.0038760879155237
2025-04-30,full,xgb,0.0015827266033738852,0.0026220637755631
2025-05-02,full,xgb,0.001805048668757081,0.0072056220290583
2025-05-05,full,xgb,-0.0002505845041014254,0.0023772792266765
2025-05-06,full,xgb,-3.5010045394301414e-05,0.009649588404585
2025-05-07,full,xgb,0.0012105000205338001,0.0040549050036204
2025-05-08,full,xgb,0.0028369082137942314,-0.0143197555163254
2025-05-09,full,xgb,0.001111624063923955,0.000739826975435
2025-05-14,full,xgb,0.0018021161668002605,0.0212966905653591
2025-05-15,full,xgb,0.00168722087983042,0.0085993502315222
2025-05-16,full,xgb,-0.0007616315269842744,0.0093824416812147
2025-05-19,full,xgb,-0.00023144260921981186,0.0048520408637386
2025-05-20,full,xgb,0.0024326778948307037,-0.0065313202824039
2025-05-21,full,xgb,4.002485366072506e-05,0.0067231657302215
2025-05-22,full,xgb,-0.0020464835688471794,0.0034271138890193
2025-05-23,full,xgb,-0.002664906205609441,0.0065616891192679
2025-05-26,full,xgb,0.0018071805825456977,-0.0035841079461444
2025-05-27,full,xgb,-0.00046832364751026034,0.0014754341442824
2025-05-28,full,xgb,-0.0005051049520261586,-0.0032206350480148
2025-06-02,full,xgb,-0.0004922784864902496,-0.015554119262596
2025-06-03,full,xgb,0.003920445218682289,-0.0028699137006142
2025-06-04,full,xgb,-0.0010944036766886711,0.0034314294887476
2025-06-05,full,xgb,-0.0003984388895332813,0.0062595394951845
2025-06-10,full,xgb,-0.0004540605586953461,0.0163582736823411
2025-06-11,full,xgb,0.00046005696640349925,-0.0011470211076733
2025-06-12,full,xgb,1.1070267646573484e-05,-0.0025072662218459
2025-06-13,full,xgb,0.0030656796880066395,-0.0053311213400526
2025-06-16,full,xgb,-0.0009315913775935769,-0.0067873810453846
2025-06-17,full,xgb,0.001294907066039741,0.0053611903529411
2025-06-18,full,xgb,0.0004178390372544527,-0.0067392568009996
2025-06-19,full,xgb,-0.0002277162711834535,-0.0197712705179995
2025-06-20,full,xgb,-0.00015146980877034366,-0.0088645670465989
2025-06-23,full,xgb,-0.001461320323869586,-0.0175257308950307
2025-06-24,full,xgb,0.0020351456478238106,0.0120137492667478
2025-06-25,full,xgb,0.0028740856796503067,-0.0054050176897106
2025-06-26,full,xgb,-0.0009495108388364315,0.0095061179390167
2025-06-30,full,xgb,0.0032074812334030867,0.004380350386107
2025-07-01,full,xgb,0.0021826124284416437,-0.0017798604965406
2025-07-02,full,xgb,-0.0011587012559175491,-0.0049453928224298
2025-07-03,full,xgb,0.0006117082084529102,-0.0004643167816826
2025-07-04,full,xgb,-0.00013731377839576453,-0.0018713037053217
2025-07-07,full,xgb,-0.0007922656368464231,0.0051925022056593
2025-07-08,full,xgb,-0.0007715620449744165,0.0005012502357963
2025-07-09,full,xgb,-0.00037614459870383143,0.0057089827138572
2025-07-10,full,xgb,0.0013328150380402803,0.0088104273642795
2025-07-11,full,xgb,-0.0001867665705503896,0.0059869909197001
2025-07-14,full,xgb,-0.0007365652709268034,0.0070292739912503
2025-07-15,full,xgb,0.0007055309833958745,0.0060857588114657
2025-07-16,full,xgb,-0.0030568866059184074,0.007192631518972
2025-07-17,full,xgb,0.0008321396890096366,0.0131230108119364
2025-07-18,full,xgb,0.000807301898021251,0.0034103947077941
2025-07-21,full,xgb,-0.0012304311385378242,0.0117304170776222
2025-07-22,full,xgb,0.0026535780634731054,-0.0072517874216782
2025-07-23,full,xgb,0.0026263585314154625,0.0168080678781752
2025-07-24,full,xgb,-0.0012176663149148226,0.0082228907284616
2025-07-25,full,xgb,0.0013974921312183142,0.0016718507076642
2025-07-28,full,xgb,-9.665909601608291e-06,0.0094028747482237
2025-07-29,full,xgb,-0.00047437610919587314,0.0004121613755039
2025-07-30,full,xgb,-0.001329723745584488,-0.0089689367628551
2025-07-31,full,xgb,0.0006816281238570809,-0.0087203277194465
2025-08-01,full,xgb,-0.002101845806464553,0.0071137004747967
2025-08-04,full,xgb,-0.002373188268393278,-0.0097482485675808
2025-08-05,full,xgb,0.0003830865607596934,0.0067477709114527
2025-08-06,full,xgb,-0.0024281111545860767,-0.0015227525465348
2025-08-07,full,xgb,0.0022972524166107178,-0.0018096516955576
2025-08-08,full,xgb,-0.0015327680157497525,0.0057512009938207
2025-08-11,full,xgb,0.00010793228284455836,0.0095830782599382
2025-08-12,full,xgb,0.0008474817732349038,0.0241311278289817
2025-08-13,full,xgb,0.0022414817940443754,0.0129063807043898
2025-08-14,full,xgb,0.0015201567439362407,0.0048457439335116
2025-08-15,full,xgb,-0.0022534707095474005,-0.0041537334969223
2025-08-19,full,xgb,-0.0004880483611486852,-0.0044952873774004
2025-08-20,full,xgb,-0.002697264077141881,0.0102331671478239
2025-08-21,full,xgb,-0.000744047574698925,-0.0067081898930219
2025-08-22,full,xgb,-0.0024689503479748964,-0.0040463099963083
2025-08-25,full,xgb,0.002709785010665655,0.0086225283194742
2025-08-26,full,xgb,-2.427478102617897e-05,-0.0026717428125593
2025-08-27,full,xgb,0.0005209093797020614,0.0038403120922723
2025-08-28,full,xgb,0.001133366022258997,0.0020030023448232
2025-08-29,full,xgb,0.0021478834096342325,-0.0154090300018463
2025-09-01,full,xgb,-0.002465374069288373,-0.01213221288363
2025-09-02,full,xgb,-0.0006919674924574792,0.008433634121685
2025-09-03,full,xgb,-0.0013256317470222712,0.010744723318707
2025-09-04,full,xgb,0.0020422451198101044,-0.0023505883385706
2025-09-08,full,xgb,0.0006309262244030833,-0.0128564845395935
2025-09-09,full,xgb,-0.0004134628106839955,-0.0179595685239828
2025-09-10,full,xgb,0.0002812458551488817,0.0091863431049699
2025-09-11,full,xgb,0.0012719949008896947,0.0063311183166856
2025-09-12,full,xgb,0.0014727278612554073,0.0136081464947483
2025-09-15,full,xgb,-0.0006234951433725655,0.0105196547403974
2025-09-16,full,xgb,0.0018784119747579098,0.0025892279406942
2025-09-17,full,xgb,0.0007341529708355665,0.0084445132000361
2025-09-18,full,xgb,-0.0021498380228877068,-0.0020888742375611
2025-09-19,full,xgb,-0.002305031521245837,0.005315859502522
2025-09-22,full,xgb,-0.00041781761683523655,-0.0013770424534698
2025-09-23,full,xgb,0.0015824695583432913,0.0105365458256976
2025-09-24,full,xgb,-0.0009053686517290771,0.0001669891331452
2025-09-25,full,xgb,-0.001649209181778133,-0.0106256805864397
2025-09-26,full,xgb,-0.0016906344098970294,0.0072699175019987
2025-09-29,full,xgb,0.002803236013278365,0.0029480057372595
2025-09-30,full,xgb,-0.0006057936116121709,-0.0076844082315723
2025-10-01,full,xgb,-4.1409977711737156e-05,-0.0021409953882773
2025-10-02,full,xgb,-0.001016685739159584,0.0033831173079352
2025-10-03,full,xgb,0.0005327945109456778,0.0058334358833693
2025-10-06,full,xgb,-0.000871240918058902,0.0026562942133327
2025-10-07,full,xgb,-0.001382596674375236,0.0036037078399111
2025-10-08,full,xgb,-0.0012732852483168244,-0.0003981501732752
2025-10-09,full,xgb,0.0009212481090798974,0.0103442278498011
2025-10-10,full,xgb,-0.0014734601136296988,0.0008384497654123
2025-10-13,full,xgb,-0.0029861321672797203,-0.0037193991495154
2025-10-14,full,xgb,0.002001663204282522,-0.0197235921681198
2025-10-15,full,xgb,-0.001978745684027672,-0.0019043878066504
2025-10-16,full,xgb,0.0012838977854698896,0.009097780630352
2025-10-17,full,xgb,0.0001095416082534939,-0.0260732594808548
2025-10-20,full,xgb,0.0007963301031850278,0.021659857267144
2025-10-21,full,xgb,0.0007039085612632334,0.0182653930452687
2025-10-22,full,xgb,-0.000715556729119271,-0.0104366336701708
2025-10-23,full,xgb,-0.001186639885418117,0.014829400120826
2025-10-24,full,xgb,-0.0002497609530109912,-0.0003178860381147
2025-10-27,full,xgb,0.0004049877461511642,-0.0188634555075708
2025-10-28,full,xgb,-9.915235568769276e-05,-0.0030255798274509
2025-10-29,full,xgb,-0.00032011608709581196,0.0090530023680397
2025-10-30,full,xgb,-0.0030306829139590263,0.0021822062994498
2025-10-31,full,xgb,-0.0017115225782617927,-0.0024699107515218
2025-11-03,full,xgb,0.0006862212321721017,0.0135301366724256
2025-11-04,full,xgb,-0.00038872292498126626,-0.0040168197581156
2025-11-05,full,xgb,-0.0010225720470771194,0.009252869194519
2025-11-06,full,xgb,-0.0008010811870917678,0.0022252306090333
2025-11-07,full,xgb,-0.0008854526095092297,0.0068770817030365
2025-11-10,full,xgb,0.00044541459647007287,-0.0003990996458167
2025-11-11,full,xgb,0.0010556488996371627,-0.0029509446883668
2025-11-12,full,xgb,0.0002561784931458533,0.0026322487456909
2025-11-13,full,xgb,0.000524410221260041,-0.0019769486033034
2025-11-14,full,xgb,-0.0008768693660385907,-0.0001867681262819
2025-11-17,full,xgb,-0.0007987110293470323,0.0055335115811274
2025-11-18,full,xgb,-0.0004806588403880596,-0.0065506742148784
2025-11-19,full,xgb,-0.0007924467790871859,0.005325636153648
2025-11-20,full,xgb,-6.330788164632395e-05,0.0015855764645049
2025-11-21,full,xgb,-0.0032135541550815105,-0.0006612024599927
2025-11-24,full,xgb,0.0006728677544742823,0.0183585921689175
2025-11-25,full,xgb,-4.619134415406734e-06,-0.0056598265054432
2025-11-26,full,xgb,0.0021804238203912973,0.0093723003896553
2025-11-27,full,xgb,0.00021665751410182565,-0.0065622657301673
2025-11-28,full,xgb,-0.0008341115899384022,-0.0043576866120282
2025-12-01,full,xgb,-0.0005101294373162091,0.0046996475206491
2025-12-02,full,xgb,-0.0019216971704736352,0.0079524541872277
2025-12-03,full,xgb,-0.0008807210833765566,-0.0006101237883484
2025-12-04,full,xgb,0.0022942633368074894,0.0032934422333177
2025-12-05,full,xgb,0.00027355787460692227,-0.0008609466602429
2025-12-08,full,xgb,-0.000899547478184104,0.0089872623583673
2025-12-09,full,xgb,-0.0018740602536126971,-0.0061627313587031
2025-12-10,full,xgb,-0.0011656974675133824,0.0050403216250725
2025-12-11,full,xgb,0.002346017165109515,-0.0092882719235358
2025-12-12,full,xgb,0.0009057860588654876,0.0046314096273185
2025-12-15,full,xgb,1.6491558199049905e-05,-0.00125208718684
2025-12-16,full,xgb,-7.988981087692082e-05,0.0042462411281096
2025-12-17,full,xgb,-0.0012248443672433496,-0.0010509240138478
2025-12-18,full,xgb,-0.0005426560528576374,-0.0068398725372968
2025-12-19,full,xgb,0.0015477101551368833,-0.0010035592501171
2025-12-22,full,xgb,0.0011211481178179383,0.0042065711336825
2025-12-23,full,xgb,0.0010049669072031975,-0.0070875868507034
2025-12-24,full,xgb,0.002366547007113695,-0.0054747474404788
2025-12-29,full,xgb,0.0006184493540786207,0.0123786580064475
2025-12-30,full,xgb,-0.0005956134991720319,0.0003102870925975
2026-01-02,full,xgb,-0.0006283347029238939,0.0116348481606927
2026-01-05,full,xgb,-0.0019413691479712725,0.0126153239393822
2026-01-06,full,xgb,0.0009309368906542659,0.0083650015085705
2026-01-07,full,xgb,-0.0003238307253923267,0.0012533659285551
2026-01-08,full,xgb,0.00019553759193513542,-0.0021647983654791
2026-01-09,full,xgb,-8.359980711247772e-05,0.0012633593936364
2026-01-12,full,xgb,0.0008655717829242349,-0.0058391792235212
2026-01-13,full,xgb,0.0015718888025730848,0.0071306293947106
2026-01-14,full,xgb,-0.000361462589353323,0.009374606331697
2026-01-15,full,xgb,0.0007218629471026361,0.004729662971707
2026-01-19,full,xgb,-0.0010359669104218483,0.0064216707143742
2026-01-20,full,xgb,-0.0010680229170247912,9.055424603765516e-05
2026-01-21,full,xgb,-0.001075057778507471,-0.0137086643583064
2026-01-22,full,xgb,0.0028789560310542583,-0.0020161037952419
2026-01-23,full,xgb,0.001710008131340146,-0.0045892528984463
2026-01-26,full,xgb,0.0016518670599907637,0.0027137975281075
2026-01-27,full,xgb,0.0013428607489913702,0.0005454002305693
2026-01-28,full,xgb,0.0016455907607451081,-0.0762965075072994
2026-01-29,full,xgb,7.81683629611507e-05,-0.0106753658730536
2026-01-30,full,xgb,0.0007369231898337603,0.0117625363260511
2026-02-02,full,xgb,-0.0024916944094002247,-0.0500802454046525
2026-02-03,full,xgb,-0.0018145060166716576,0.0249139871077321
2026-02-04,full,xgb,-0.0021895738318562508,0.002965047773868
2026-02-05,full,xgb,0.00013215962098911405,-0.0052721747108535
2026-02-06,full,xgb,-0.0027873178478330374,-0.0210267342368002
2026-02-09,full,xgb,0.0023164718877524137,0.0121017883621323
2026-02-10,full,xgb,0.0019913327414542437,0.0123567728975704
2026-02-11,full,xgb,0.00022489276307169348,0.0193918152297971
2026-02-12,full,xgb,-0.0010202539851889014,-0.0030941999547735
2026-02-13,full,xgb,-0.002077172277495265,-0.0064427085848546
2026-02-18,full,xgb,0.0016724499873816967,0.0118573142533211
2026-02-19,full,xgb,-6.81558158248663e-05,-0.0043590080309741
2026-02-20,full,xgb,-0.0006754412897862494,-0.000279762413891
2026-02-23,full,xgb,0.0005270677502267063,0.0149170702985834
2026-02-24,full,xgb,-0.0010606503346934915,-0.0138216040430538
2026-02-25,full,xgb,0.0003006734768860042,0.0049865012581733
2026-02-26,full,xgb,0.0008869427256286144,-0.0105049250097266
2026-02-27,full,xgb,0.0002971556386910379,2.715515107531985e-05
2026-03-02,full,xgb,0.00019270415941718966,-0.0269088424609638
2026-03-03,full,xgb,0.0007112058810889721,-0.0096595160277015
2026-03-04,full,xgb,-0.000817608495708555,-0.0467581561674794
2026-03-05,full,xgb,0.002767442259937525,0.0174620642518892
2026-03-06,full,xgb,0.00012528503430075943,-0.0163246653962403
2026-03-09,full,xgb,-0.0007179991225712001,-0.0332828330760488
2026-03-10,full,xgb,0.002050423761829734,0.0140132172511151
2026-03-11,full,xgb,0.0020506842993199825,-0.0069471724265692
2026-03-12,full,xgb,-0.0004088023561052978,-0.003698842773339
2026-03-13,full,xgb,-0.003358235349878669,-0.0310253408547289
2026-03-16,full,xgb,0.0003123657952528447,-0.016233108765423
2026-03-17,full,xgb,0.003360853297635913,0.0119684380793412
2026-03-25,full,xgb,0.0026236698031425476,0.0271073255589158
2026-03-26,full,xgb,-0.000583320448640734,-0.019083705300412
2026-03-27,full,xgb,-0.0025788715574890375,-0.0094009522004299
2026-03-30,full,xgb,-0.0007594513590447605,-0.0007593644265408
2026-03-31,full,xgb,0.0009881217265501618,-0.0061454345434519
2026-04-01,full,xgb,0.004968216642737389,0.0191418860632737
2026-04-02,full,xgb,0.0023759640753269196,-0.022188415554547
2026-04-06,full,xgb,0.0025139732751995325,-0.0053304765091102
2026-04-07,full,xgb,0.0026021646335721016,-0.0026358653136373
2026-04-08,full,xgb,0.005626032594591379,0.0432596613601088
2026-04-09,full,xgb,0.00314703700132668,0.0038911787097148
2026-04-10,full,xgb,-0.0002393700706306845,0.0204404188580227
2026-04-13,full,xgb,-0.0013555670157074928,0.0055741572468317
2026-04-14,full,xgb,0.0038904359098523855,0.023164261856122
2026-04-15,full,xgb,0.0018727569840848446,-0.0068453625076774
2026-04-16,full,xgb,0.0011359129566699266,-0.0002891579189423
2026-04-17,full,xgb,0.00012780452379956841,0.0016547694572945
2026-04-20,full,xgb,0.000947364023886621,-0.0052394085980331
2026-04-21,full,xgb,0.0004836775187868625,-0.0045838966718765
2026-04-22,full,xgb,0.000286123831756413,-0.0023532328153912
2026-04-23,full,xgb,0.0029448068235069513,-0.02185120187041
2026-04-24,full,xgb,-0.00017936367657966912,-0.0343449900681473
2026-04-27,full,xgb,0.002783821430057287,-0.0032270607239279
2026-04-28,full,xgb,0.001401835004799068,-0.0048139088993757
2026-04-29,full,xgb,-0.001230688183568418,0.0040686892814907
2026-04-30,full,xgb,-0.0002603242464829236,-0.020547253530287
2026-05-04,full,xgb,0.0028066334780305624,0.0021752021952465
2026-05-05,full,xgb,-0.0018647548276931047,0.0121396420508261
2026-05-06,full,xgb,0.0011810576543211937,0.0049981598841082
2026-05-07,full,xgb,0.0035352471750229597,0.0114748890046936
2026-05-08,full,xgb,-0.0023433929309248924,-0.0289795318978036
2026-05-11,full,xgb,0.004577509127557278,-0.0091929735476501
2026-05-12,full,xgb,0.00043665673001669347,-0.0067886673981139
2026-05-13,full,xgb,-0.0007515836623497307,-0.0199648684016189
2026-05-18,full,xgb,9.733452316140756e-05,-0.0186275276055187
2026-05-19,full,xgb,-0.0005617458955384791,-0.0352484378210498
2026-05-20,full,xgb,-0.0016330663347616792,-0.0082242503645879
2026-05-21,full,xgb,0.0010232569184154272,-0.0360227688547514
2026-05-22,full,xgb,0.0002456821675878018,0.0109496209313011
2026-05-25,full,xgb,0.0007847573724575341,0.007164129563872
2026-05-26,full,xgb,0.0001590544852660969,-0.0123470848414299
2026-05-29,full,xgb,0.0012820132542401552,-0.0004583423789394
2026-06-02,full,xgb,0.0011983164586126804,0.011044007531467
2026-06-03,full,xgb,0.0007345859776251018,-0.0419228354228486
2026-06-04,full,xgb,-0.0016565227415412664,-0.0171945568951965
2026-06-05,full,xgb,0.0010617913212627172,-0.0428626443186885
2026-06-08,full,xgb,-0.0008888072916306555,-0.0462055645925421
2026-06-09,full,xgb,0.0007622729754075408,0.0729909205267862
2026-06-10,full,xgb,7.653427746845409e-05,0.0267382582729336
2026-06-11,full,xgb,-0.0004974738112650812,-0.00277285282122
2026-06-12,full,xgb,0.0011591988150030375,0.0204524912516355
2026-06-15,full,xgb,-0.00013383568148128688,0.04034106335647
2026-06-17,full,xgb,0.00017861725063994527,-0.005486771113377
2026-06-18,full,xgb,-0.0021288953721523285,-0.0078109132510668
2026-06-19,full,xgb,0.0007792566902935505,0.000777250059917
2026-06-22,full,xgb,-0.0002434900525258854,-0.0098341542611528
2026-06-23,full,xgb,-0.0007165452698245645,-0.0025138177829013
2026-06-24,full,xgb,-0.00208682962693274,-0.0362907188794174
2026-06-25,full,xgb,-0.002158035757020116,0.0193825830677241
2026-06-26,full,xgb,0.0005301148048602045,-0.0173022912392326
2026-06-29,full,xgb,5.9030517149949446e-05,-0.0128608480518011
