Date,usdidr_lag1,indonia_lag1,bi_rate_lag1,sp500_lag1,oil_wti_lag1,dxy_lag1,vix_lag1,ust10y_lag1,fed_funds_rate_lag1,epu_lag1,return_ihsg
2021-01-04,-0.00398715800551841,0.006610000000000227,-0.25,0.00134064809508061,0.008298834341117889,-0.004230744276537912,22.770000457763672,-0.009999999999999898,0.0,82.09999999999997,0.020825811758612645
2021-01-05,-0.0033751641718478,-0.0047000000000001485,-0.25,-0.008446558000322568,-0.01624702662026367,0.002785362033092653,26.96999931335449,0.0,0.0,-135.15999999999997,0.005300483941711676
2021-01-06,-0.0065179387494751495,-0.005409999999999915,-0.25,0.00705763138336124,0.047369211995845095,-0.00490738005543534,25.34000015258789,0.029999999999999916,0.0,-24.689999999999998,-0.011744869629238153
2021-01-07,-0.0001005255017023643,0.0007399999999999629,-0.25,0.005693603382475487,0.01392227645371591,0.0010057143081239062,25.06999969482422,0.08000000000000007,0.0,-68.80000000000001,0.014395602841901223
2021-01-08,0.001542241576780512,0.0005299999999999194,-0.25,0.0147382601077517,0.003942460403614234,0.0033452646131753028,22.3700008392334,0.040000000000000036,0.0,-15.519999999999996,0.01679166376307606
2021-01-11,-0.004203529912031101,0.0019000000000000128,-0.25,0.005476837393516121,0.027361749616169995,0.003001132054230027,21.559999465942383,0.04999999999999982,0.0,-19.49000000000001,0.019794065688339302
2021-01-12,-0.002276036129748249,-0.0007099999999997664,-0.25,-0.006576327616620858,0.00019137374682998143,0.0048716044407681736,24.07999992370605,0.020000000000000018,0.0,203.89999999999998,0.001992695893369145
2021-01-13,0.016268103521051458,-0.000600000000000378,-0.25,0.0004157020305690651,0.018206440557430703,-0.005426646608110097,23.32999992370605,0.0,0.0,-79.54999999999998,0.006162675725342126
2021-01-14,-0.004100831423469842,-0.002189999999999692,-0.25,0.0022730563867252584,-0.005653977370224883,0.0029938109510210253,22.209999084472656,-0.04999999999999982,0.0,-5.5800000000000125,-0.001071267797184916
2021-01-15,0.009569991907135034,0.009360000000000035,-0.25,-0.00376051306874281,0.012396850163975959,-0.0008861523855969722,23.25,0.04999999999999982,0.0,-65.63,-0.008577462779246758
2021-01-18,-0.007287006760011039,-0.003510000000000346,-0.25,-0.0072160007982784435,-0.022846251497574244,0.005966219504509596,24.34000015258789,-0.039999999999999813,0.0,-8.009999999999991,0.002573308379608008
2021-01-19,-0.013052621760854421,-0.002949999999999786,-0.25,0.0,0.0,0.0,24.34000015258789,0.0,0.0,9.669999999999987,-0.010695458380817868
2021-01-20,0.015726420701527744,-0.003330000000000055,-0.25,0.008103457635762368,0.011771522505084508,-0.00308913287561019,23.239999771118164,-0.010000000000000009,0.0,10.580000000000013,0.016924043163985658
2021-01-21,0.001502345582061082,0.00019999999999997797,-0.25,0.013839417376511065,0.0048955498497216254,-0.0003315331753253048,21.57999992370605,0.0,0.0,139.14999999999998,-0.0024705953287469384
2021-01-22,-0.006022902670844488,0.0033199999999999896,-0.25,0.00031667316131311907,-0.0020682644866760747,-0.0037652754357981877,21.31999969482422,0.020000000000000018,-0.009999999999999995,-28.379999999999995,-0.016786020567229443
2021-01-25,-0.005460302197292322,0.005600000000000271,-0.25,-0.0030151526629378367,-0.016319159084152712,0.0012197219822240868,21.90999984741211,-0.020000000000000018,-0.009999999999999995,-88.94999999999999,-0.007728247905502528
2021-01-26,0.003727353130756228,-0.006810000000000205,-0.25,0.003609317513017629,0.009520254609766354,0.0016608709809151634,23.190000534057617,-0.050000000000000044,-0.009999999999999995,49.849999999999994,-0.019099433104191377
2021-01-27,0.009630598046188155,0.00031999999999987594,-0.25,-0.0014899431611539171,-0.0030366287481196075,-0.0024368778527765755,23.020000457763672,0.0,-0.009999999999999995,13.080000000000013,-0.00506198680997727
2021-01-28,-0.00045951822091261363,0.0014300000000000423,-0.25,-0.026013315126100167,0.004551456100212903,0.005309196828380713,37.209999084472656,-0.010000000000000009,-0.009999999999999995,-3.8000000000000114,-0.021472499612315232
2021-01-29,0.003740696742884353,-0.0009199999999998099,-0.25,0.009713298778759594,-0.009696783427044497,-0.0020982001046014886,30.209999084472656,0.030000000000000027,-0.01999999999999999,-101.13,-0.019767192057715377
2021-02-01,-0.02425340900100359,0.001980000000000093,-0.25,-0.019500377654791734,-0.002678390513029427,0.001325704413947193,33.09000015258789,0.040000000000000036,-0.01999999999999999,98.96000000000001,0.03440316536545396
2021-02-02,-0.0019309718184050695,-0.0014700000000003044,-0.25,0.015924300234678057,0.025533273142231305,0.004845767364374254,30.239999771118164,-0.020000000000000018,-0.009999999999999995,-104.92000000000002,-0.0039143550265201554
2021-02-03,0.020780585021903164,0.0007100000000002105,-0.25,0.013802528814311543,0.02234418712239572,0.0019756379108084587,25.559999465942383,0.030000000000000027,-0.009999999999999995,138.71,0.00559405105319577
2021-02-04,-0.008747632787857285,0.00018999999999991246,-0.25,0.0010082606153449802,0.016840603173096547,-0.00087751433663108,22.90999984741211,0.029999999999999805,-0.009999999999999995,-137.1,0.004837235136193385
2021-02-05,-0.0008279643117159452,0.0033799999999999386,-0.25,0.010794847643921912,0.009649841221180289,0.004489424778644668,21.770000457763672,0.0,-0.009999999999999995,-16.289999999999992,0.007262187711090107
2021-02-08,0.0018947695171114276,-0.0006599999999998829,-0.25,0.0038899196077633036,0.01096577919291164,-0.005367793625701722,20.8700008392334,0.040000000000000036,-0.009999999999999995,-18.16000000000001,0.009245123395480448
2021-02-09,-0.0006690174913988045,-0.0016099999999998893,-0.25,0.007372107476289358,0.019509463053031695,-0.0012089973403579535,21.239999771118164,0.0,-0.01999999999999999,121.41000000000001,-0.004389539730082603
2021-02-10,-0.0007604830797944828,0.0005599999999996719,-0.25,-0.001114145421722057,0.006705077703835549,-0.005403308689452935,21.6299991607666,-0.010000000000000009,-0.009999999999999995,-148.16000000000003,0.003255342641431014
2021-02-11,-9.088637255239007e-05,2.0000000000131024e-05,-0.25,-0.00034524452239104164,0.005468224362484619,-0.0007742900980352019,21.989999771118164,-0.030000000000000027,-0.009999999999999995,28.560000000000002,0.0033310220158124793
2021-02-15,0.002699264136312607,0.0008699999999999264,-0.25,0.001661074814588659,-0.007526525767199921,0.0005530773094148955,21.25,0.010000000000000009,-0.009999999999999995,8.920000000000002,0.007652933361949721
2021-02-16,-0.004358239313690504,-0.0010900000000000354,-0.25,0.0046999709261612566,0.020899571536611816,0.0006634072933424662,19.96999931335449,0.040000000000000036,-0.009999999999999995,30.859999999999985,0.0035138568202821574
2021-02-17,-0.004233493927369381,0.0012400000000001299,-0.25,-0.0005694345154143576,0.009705531576051918,0.0003314965319756169,21.459999084472656,0.10000000000000009,-0.009999999999999995,-2.5,-0.01033033598058708
2021-02-18,0.00946112033272506,0.002060000000000173,-0.25,-0.0003204533489178374,0.017988770658914355,0.004849505968666179,21.5,-0.010000000000000009,-0.009999999999999995,-65.41,-0.00441259843037578
2021-02-19,-0.002262343018550439,-0.04113000000000033,-0.5,-0.004425614227242747,-0.010192409995839924,-0.0039660801537939605,22.489999771118164,0.0,-0.01999999999999999,63.140000000000015,0.005087432522048019
2021-02-22,-0.0006624634641649862,-0.2022299999999997,-0.25,-0.0018566190956654793,-0.021376878751063977,-0.002542092901632209,22.049999237060547,0.050000000000000044,-0.009999999999999995,-41.510000000000005,0.0037446068754238837
2021-02-23,-0.007153676149414423,-0.003810000000000091,-0.25,-0.007762892893710571,0.037277569529027055,-0.0038808993522172486,23.450000762939453,0.030000000000000027,-0.009999999999999995,25.790000000000006,0.0027929377688202806
2021-02-24,0.014945536376437474,-0.0017900000000001803,-0.25,0.0012555296115266401,0.0029229720502677026,0.0017759582028693544,23.11000061035156,0.0,-0.009999999999999995,12.949999999999989,-0.003473841013246215
2021-02-25,-0.0018502833724163281,0.0012099999999999334,-0.25,0.011287667670986323,0.024823166784056383,0.0001109191718917657,21.34000015258789,0.009999999999999787,-0.009999999999999995,41.69,0.0061546672984924555
2021-02-26,0.0011485417864331993,0.0021100000000000563,-0.25,-0.024783394424172656,0.0048914899675640555,-0.0005546342822544403,28.88999938964844,0.16000000000000014,-0.009999999999999995,-62.2,-0.007636843487880185
2021-03-01,-0.009236460267523228,0.0032000000000000917,-0.25,-0.004761532293798609,-0.03247504125137546,0.008836940999225718,27.950000762939453,-0.10000000000000009,-0.009999999999999995,98.51,0.015376282107347095
2021-03-02,0.010142939474446777,-0.008099999999999774,-0.25,0.023512173225693545,-0.014082443543520284,0.0012089973403579535,23.350000381469727,0.010000000000000009,-0.009999999999999995,34.54000000000002,0.003259154506451978
2021-03-03,0.009524277078018173,3.999999999981796e-05,-0.25,-0.008113678739508856,-0.014785540457332047,-0.0027498229666642615,24.100000381469727,-0.030000000000000027,-0.01999999999999999,-135.79000000000002,0.0027562533623388674
2021-03-04,-0.00045206399727781843,0.0023599999999999177,-0.25,-0.013152335894801581,0.025284314700625643,0.001760713942217329,26.670000076293945,0.050000000000000044,-0.01999999999999999,-18.560000000000002,-0.013571572836081458
2021-03-05,0.0076828180910819555,0.0010799999999999699,-0.25,-0.013508038064390604,0.04076982244214733,0.00744882759252441,28.56999969482422,0.07000000000000006,-0.01999999999999999,-26.959999999999994,-0.005107733720027596
2021-03-08,-0.005599319505510181,0.0012500000000001954,-0.25,0.019308356338710198,0.03479406611702185,0.0038124996057016247,24.65999984741211,0.020000000000000018,-0.01999999999999999,154.55,-0.0016445200528991677
2021-03-09,0.00129657664047933,-0.0038000000000000256,-0.25,-0.00537364322402567,-0.015861142198869693,0.0035812529460335085,25.46999931335449,0.030000000000000027,-0.01999999999999999,97.45000000000002,-0.007843458041794094
2021-03-10,0.0039873809921591175,3.999999999981796e-05,-0.25,0.014055400743931301,-0.01611689734524724,-0.0037987616148855707,24.030000686645508,-0.040000000000000036,-0.01999999999999999,-160.70000000000002,0.010435031268800188
2021-03-12,0.003377085787136025,-0.0007999999999999119,-0.25,0.006012203770987767,0.006695241667977747,-0.0018503207341167283,22.559999465942383,-0.020000000000000018,-0.01999999999999999,27.55000000000001,0.014819349658647951
2021-03-15,-0.007608921065715535,0.003550000000000164,-0.25,0.011356708828188289,0.017993536464231852,-0.0011991129100152875,20.690000534057617,0.10999999999999988,-0.01999999999999999,-88.62000000000002,-0.0053538912166111174
2021-03-16,0.007067468620251205,-0.004120000000000346,-0.25,0.006470939539413578,-0.0033588004203428667,0.0016348052699077797,20.030000686645508,-0.019999999999999796,-0.01999999999999999,100.14,-0.002304832222623787
2021-03-17,0.005462278814752253,-0.0026399999999999757,-0.25,-0.0015709169785971255,-0.009063681785908884,0.00043550261472891094,19.790000915527344,0.0,-0.01999999999999999,-119.39,-0.005159521907943443
2021-03-18,-0.002526696046837529,-0.0033999999999996255,-0.25,0.0028752446501592033,-0.0030912632851167743,-0.0051290690251510895,19.229999542236328,0.009999999999999787,-0.01999999999999999,100.42999999999999,0.011184394566729594
2021-03-19,-0.0016995893860709543,0.012169999999999792,-0.25,-0.014870560065947558,-0.07386982494603878,0.0049112998937870245,21.57999992370605,0.08000000000000007,-0.01999999999999999,-7.869999999999976,0.0013115653221511536
2021-03-22,0.0019421522370279831,-0.005079999999999973,-0.25,-0.0006028856737536614,0.023390922978548723,0.000761818572001971,20.950000762939453,0.030000000000000027,-0.01999999999999999,31.639999999999986,-0.008695327227789207
2021-03-23,-0.004082871762214779,-0.0012799999999999478,-0.25,0.007000556898342225,0.002114355034371407,-0.0013062827504173313,18.8799991607666,-0.050000000000000044,-0.01999999999999999,63.70000000000002,-0.0077138428889025334
2021-03-24,0.00025042503087568946,-0.0005500000000000504,-0.25,-0.007660118119334314,-0.06355337470977851,0.005865046549877739,20.299999237060547,-0.06000000000000005,-0.01999999999999999,-81.83000000000001,-0.015565295921373234
2021-03-25,0.008981664128771882,0.005370000000000097,-0.25,-0.005482336600348248,0.057523878185677724,0.0020555256485561557,21.200000762939453,-0.009999999999999787,-0.01999999999999999,-67.29,-0.005418063014644758
2021-03-26,-0.0031416711207548076,0.0031200000000000117,-0.25,0.0052265834327283045,-0.04376845060685586,0.0037754047499118926,19.809999465942383,0.009999999999999787,-0.01999999999999999,15.810000000000016,0.011801314226952186
2021-03-29,-0.00024896663104456707,-0.012150000000000105,-0.25,0.01649441865871637,0.04033006683703366,-0.001185032338710812,18.86000061035156,0.040000000000000036,-0.01999999999999999,-33.06000000000002,-0.004650268426756199
2021-03-30,-0.003145446243349781,0.002269999999999772,-0.25,-0.0008683896263868007,0.00963037133775213,0.0018308744458312987,20.739999771118164,0.06000000000000005,-0.01999999999999999,68.67,-0.01558684148636047
2021-03-31,0.006963430214986133,0.000640000000000196,-0.25,-0.0031628294096499587,-0.016542873879904718,0.003865990636924721,19.61000061035156,0.0,-0.01999999999999999,-56.5,-0.014252572582570622
2021-04-01,0.0064087017684926195,0.002489999999999881,-0.25,0.0036159535924209507,-0.023223822135586936,-0.0007505462467722879,19.399999618530277,0.010000000000000009,-0.03,14.870000000000005,0.004323442515126175
2021-04-05,6.846735821497418e-05,-0.0019599999999999618,-0.25,0.011755830427674141,0.03797821316429939,-0.0032230694624324485,17.329999923706055,-0.050000000000000044,-0.01999999999999999,-59.94,-0.00687213649830376
2021-04-06,-0.0060431443352690906,0.0023800000000000487,-0.25,0.0143349877622434,-0.04663624731148275,-0.0035573996792201967,17.90999984741211,0.040000000000000036,-0.01999999999999999,105.50999999999999,0.005426177912875474
2021-04-07,0.0007711721468677268,-0.0018099999999998673,-0.25,-0.0009740049407973572,0.01152751001658281,-0.002811747754088323,18.1200008392334,-0.06000000000000005,-0.01999999999999999,-56.14,0.005622592368879964
2021-04-08,-0.00475348111295304,0.0013700000000000934,-0.25,0.001474145698107776,0.007388759362158659,0.0012987312383332394,17.15999984741211,0.010000000000000009,-0.01999999999999999,79.98,0.005798979476628219
2021-04-09,0.01241886231478162,0.0020999999999999908,-0.25,0.00421175094059123,-0.002848322025607253,-0.004335596788838103,16.950000762939453,-0.040000000000000036,-0.01999999999999999,-90.37,-0.00024957092309030315
2021-04-12,0.0013446454062027158,0.00041000000000002146,-0.25,0.0076902881356879504,-0.004709036344145545,0.0010857248146445286,16.690000534057617,0.030000000000000027,-0.01999999999999999,-0.029999999999986926,-0.020242372715644663
2021-04-13,-0.007029786921481929,-0.0038200000000001566,-0.25,-0.00019609807474019192,0.0063855210529482065,-0.00021708380041562947,16.90999984741211,0.020000000000000018,-0.01999999999999999,-45.44000000000001,-0.0035590778746552587
2021-04-14,0.0036956212567815783,-0.00132000000000021,-0.25,0.0032890718770630656,0.00800804309483727,-0.0031523578351864145,16.649999618530273,-0.050000000000000044,-0.01999999999999999,43.22,0.02051228787704673
2021-04-15,0.0006293722200005902,-0.0043400000000000105,-0.25,-0.004096104320730376,0.048172796686320574,-0.0017434463598542393,16.989999771118164,0.0,-0.01999999999999999,-47.69,0.004818745564040938
2021-04-16,0.0035979131669208186,0.004469999999999974,-0.25,0.011033101401119794,0.00489689876893884,-0.0002181966892855769,16.56999969482422,-0.07999999999999985,-0.01999999999999999,46.80000000000001,0.0011107957587199735
2021-04-19,-0.0039467582640639876,0.006960000000000299,-0.25,0.003602323390516915,-0.005213662429376598,-0.0012006835794533544,16.25,0.030000000000000027,-0.01999999999999999,-25.080000000000013,-0.005555387043623128
2021-04-20,-0.003976148379639,-0.007750000000000146,-0.25,-0.0053206898937574465,0.003952261816502656,-0.005366030191090054,17.290000915527344,0.020000000000000018,-0.01999999999999999,5.150000000000006,-0.002351903195753735
2021-04-21,0.0008239495110462514,1.0000000000065512e-05,-0.25,-0.006825561005078029,-0.014942297461873366,0.001864935774150922,18.68000030517578,-0.030000000000000027,-0.009999999999999995,-2.010000000000005,-0.007493589515840782
2021-04-22,-0.0018410763555820608,-0.0012199999999999989,-0.25,0.009263020919853204,-0.01761092736824299,-0.0008771294530660612,17.5,-0.010000000000000009,-0.009999999999999995,10.719999999999999,0.00015714708262137833
2021-04-23,0.0014429322688922497,-0.0022700000000002163,-0.25,-0.009253337860554822,0.0013031738584805552,0.0018630962025527609,18.709999084472656,0.0,-0.009999999999999995,-29.89,0.003776475580590244
2021-04-26,0.0029069784993538406,0.0017300000000002314,-0.25,0.0108694098955322,0.01149157399900158,-0.005159473703611361,17.329999923706055,0.010000000000000009,-0.009999999999999995,32.02000000000001,-0.00868714173463836
2021-04-27,-0.006084195757127375,-0.0030000000000001137,-0.25,0.0017806845645829128,-0.0037081790762316658,-0.0005504822317883296,17.639999389648438,0.0,-0.009999999999999995,-17.85000000000001,-0.0008721091363117495
2021-04-28,-0.004030732046858887,0.002909999999999968,-0.25,-0.0002149189814453223,0.016500154750741736,0.0011006615996027591,17.559999465942383,0.04999999999999982,0.0,80.42999999999999,0.0024899938346987227
2021-04-29,0.0039205448650943,-0.0015299999999998093,-0.25,-0.0008458975873963936,0.014511327027076248,-0.00330545744656785,17.280000686645508,0.0,0.0,-63.11999999999999,0.006420397678242651
2021-04-30,0.00017906482066543106,0.006399999999999739,-0.25,0.0067400415367036,0.01784794023211944,0.0,17.610000610351562,0.020000000000000018,-0.020000000000000004,51.019999999999996,-0.0028887250187139557
2021-05-03,-0.00547676534987751,-0.00023999999999979593,-0.25,-0.007220713417121161,-0.022242152794524905,0.00736710321065015,18.61000061035156,0.0,-0.03,-27.489999999999995,-0.007200947538436253
2021-05-04,-0.00011775143470416083,0.004249999999999865,-0.25,0.002744321649512216,0.01421115561541697,-0.003621820770754347,18.309999465942383,-0.020000000000000018,-0.020000000000000004,171.44,0.0018835627479880657
2021-05-05,-0.002697942216652649,0.0029799999999999827,-0.25,-0.0067007374898473415,0.018436604172652693,0.003731391195875844,19.479999542236328,-0.019999999999999796,-0.020000000000000004,-178.06,0.0020253911533991698
2021-05-06,0.005775346488325894,-0.00525999999999982,-0.25,0.00070321644711413,-0.0009138774338097733,0.00021902128492268247,19.149999618530277,-0.020000000000000018,-0.020000000000000004,57.67999999999999,-0.0009494101805955779
2021-05-07,-0.005747540231739734,-0.0015100000000001224,-0.25,0.008132299498631923,-0.014117131715124742,-0.003950412480798526,18.38999938964844,-0.010000000000000009,-0.010000000000000009,-34.5,-0.007048140880131726
2021-05-10,-0.00806746947663406,0.0020700000000002383,-0.25,0.007346291419187523,0.002931912300259576,-0.0079478681993006,16.690000534057617,0.020000000000000018,-0.020000000000000004,28.02000000000001,0.007976796949471066
2021-05-11,-0.0004061231999994419,-0.0031600000000002737,-0.25,-0.0104904805031385,0.0003080672203283896,-0.00022172769089134903,19.65999984741211,0.029999999999999805,-0.020000000000000004,-1.6099999999999852,-0.006284325023528936
2021-05-17,-0.006210616699993565,0.11836000000000002,-0.25,-0.008711750141781494,0.005529977514751039,-0.0007762650283504868,21.84000015258789,0.010000000000000009,-0.020000000000000004,7.089999999999975,-0.017752647439772673
2021-05-18,9.868647212485371e-05,-0.12280999999999986,-0.25,0.002691382599453007,0.015051563488375663,0.0008871350191919092,19.71999931335449,0.0,-0.020000000000000004,-46.94999999999999,9.156120395914513e-05
2021-05-19,0.010758632623170783,0.007600000000000051,-0.25,-0.00855377238403321,-0.011839828833954513,-0.0052231181421547035,21.34000015258789,0.0,-0.020000000000000004,-32.53,-0.012731555923924276
2021-05-20,0.0012401108510697867,-0.0025800000000000267,-0.25,-0.0029477518113782963,-0.03306466947153197,0.004890555878816372,22.18000030517578,0.040000000000000036,-0.020000000000000004,51.28,0.0064046945846492065
2021-05-21,0.0019059821174138847,-0.0005899999999998684,0.0,0.010499429334508648,-0.020892257784187684,-0.004222282748472139,20.670000076293945,-0.050000000000000044,-0.010000000000000009,41.53,-0.0042308677483173796
2021-05-24,0.0005279889916671721,0.002129999999999743,0.0,-0.0007841880752526009,0.024358484926824353,0.0023355300750775854,20.149999618530277,0.0,-0.010000000000000009,-80.28,-0.00164487949951031
2021-05-25,-0.00343011576568486,-0.0012300000000000644,0.0,0.009862497481215371,0.03811309289020404,-0.002112814949141395,18.399999618530277,-0.019999999999999796,-0.010000000000000009,74.49000000000001,0.009017399588545416
2021-05-27,0.0011841327612156505,0.0025100000000000122,0.0,-0.002127545400828268,0.0003027042507328659,-0.002117373500862385,18.84000015258789,-0.050000000000000044,-0.010000000000000009,-37.83000000000001,0.004458580287458602
2021-05-28,-0.0038360988628927117,-0.002269999999999772,0.0,0.0030396936404741837,0.011736499299720649,0.003674652873111306,16.739999771118164,0.050000000000000044,-0.010000000000000009,-75.35,0.0011613051660521734
2021-05-31,0.0005588934056337536,0.00023999999999979593,0.0,0.0007685864528870212,-0.007959774497063421,0.0006666395646188761,16.760000228881836,-0.030000000000000027,-0.020000000000000004,101.61000000000001,0.016759635560465114
2021-06-02,-0.002797595893724747,-0.00016999999999978144,0.0,0.0,0.0,0.0,16.760000228881836,0.0,-0.020000000000000004,-97.17000000000002,0.01404396508625716
2021-06-03,-0.0018577267474917392,-0.0014600000000002389,0.0,0.0009534342782711036,0.03714821678736424,-0.0014449761108936698,17.479999542236328,0.010000000000000009,-0.010000000000000009,8.620000000000005,0.009887832300249144
2021-06-04,0.0027468253807718668,0.0025800000000000267,0.0,-0.0036353030560487554,-0.0002906752788502942,0.006651892255237435,18.040000915527344,0.039999999999999813,-0.010000000000000009,26.129999999999995,-0.004334606316353629
2021-06-07,0.004837573906529613,-0.0034199999999997566,0.0,0.008795303383015707,0.011702874100351757,-0.0039858402145291905,16.420000076293945,-0.06999999999999984,-0.010000000000000009,-41.44,0.000785991510925399
2021-06-08,-0.005026539485934123,0.003669999999999618,0.0,-0.0007970562694215033,-0.005617578654828037,-0.00211008402207824,16.420000076293945,0.010000000000000009,-0.010000000000000009,43.43000000000001,-0.01169358579425328
2021-06-09,-0.002908761622640199,0.0031200000000000117,0.0,0.00017500954944082991,0.011774973168924063,0.0014442582490898914,17.06999969482422,-0.040000000000000036,-0.010000000000000009,-1.6200000000000045,0.007986525231173047
2021-06-10,0.002418719959292659,-0.007120000000000015,0.0,-0.001825532590615353,-0.0012856792844759823,0.00044396132262214394,17.889999389648438,-0.030000000000000027,-0.010000000000000009,22.039999999999992,0.009882914357374872
2021-06-11,0.0013295547950651354,0.008130000000000415,0.0,0.00464145477646305,0.004705917148854155,-0.00044396132262214394,16.100000381469727,-0.050000000000000044,-0.010000000000000009,-8.969999999999999,-0.0019734466677547857
2021-06-14,-0.003607899249651325,-0.0029200000000000337,0.0,0.0019465389328079397,0.008781964747559101,0.005314402777518268,15.649999618530272,0.020000000000000018,-0.010000000000000009,-25.14,-0.0024824962047862442
2021-06-15,-0.004678083134406208,-0.00148000000000037,0.0,0.0018135563851373604,-0.0004232514132960219,-0.00044180381553893255,16.389999389648438,0.040000000000000036,-0.010000000000000009,19.49000000000001,0.001422302295511102
2021-06-16,0.00601066854692256,-0.00015999999999971593,0.0,-0.0020137199542773487,0.01734316887153753,0.00022096843932484234,17.020000457763672,0.0,-0.010000000000000009,-7.859999999999999,-0.0017209987675439464
2021-06-17,0.0008967279883407286,-0.009009999999999962,0.0,-0.005404703747025508,0.000415869949966563,0.006495276249203208,18.149999618530277,0.06000000000000005,-0.010000000000000009,-4.540000000000006,-0.0016664335040523781
2021-06-18,0.012954680217490022,0.0041999999999999815,0.0,-0.00043581054367258787,-0.015504194797176574,0.008305174501725077,17.75,-0.050000000000000044,0.03,-10.39,-0.010157235340424009
2021-06-21,0.006078347296094577,-0.01136999999999988,0.0,-0.013211355687284154,0.008410457101401647,0.003693290774446467,20.700000762939453,-0.07000000000000006,0.03,47.879999999999995,-0.001810689449815328
2021-06-22,-0.012910467370808476,0.00649999999999995,0.0,0.013905163512319518,0.027806392060502283,-0.0040198081030276,17.889999389648438,0.050000000000000044,0.03,31.79000000000002,0.015158871742466218
2021-06-23,0.0014466010443445754,-0.0006800000000000139,0.0,0.005111406378990324,-0.008178972782629579,-0.0014161694246412893,16.65999984741211,-0.020000000000000018,0.03,-74.11000000000001,-0.008793512597266684
2021-06-24,0.007353649769431314,0.003809999999999647,0.0,-0.0010838705186486663,0.00027376861460837176,0.0007628147526199669,16.31999969482422,0.020000000000000018,0.03,-39.72,-0.0037333096748533023
2021-06-25,-0.005652384497699003,-0.002669999999999728,0.0,0.005794429545916913,0.003005893961120165,0.00021780462745191187,15.970000267028809,-0.010000000000000009,0.03,52.760000000000005,0.001718860707329739
2021-06-28,0.006769400645133317,0.0022400000000000198,0.0,0.0033250631646861706,0.01017993139952278,-0.00010893793377952932,15.619999885559082,0.050000000000000044,0.03,-20.16000000000001,-0.013865568202501066
2021-06-29,-0.006443352538667568,0.00354999999999972,0.0,0.0023122888604731884,-0.015514727879787138,0.000762150364088221,15.760000228881836,-0.050000000000000044,0.03,75.59,0.0016114057176785934
2021-06-30,0.007393876755589446,0.0015100000000001224,0.0,0.0002772977426861445,0.0009596229601500639,0.0018485929045946037,16.020000457763672,0.0,0.03,-93.96,0.006106491314906037
2021-07-01,0.0071413662699271185,0.006950000000000234,0.0,0.0013272784229076962,0.006691699240879423,0.004227870984543358,15.829999923706056,-0.040000000000000036,0.009999999999999995,59.14,0.003413976402091734
2021-07-02,-0.0018815840091619407,-0.006970000000000365,0.0,0.005208041432254618,0.023672955947228402,0.0017293133570674968,15.479999542236328,0.030000000000000027,0.04000000000000001,-50.99000000000001,0.002834793341332187
2021-07-05,-0.0013843142909024664,-0.00641999999999987,0.0,0.007472095894691222,-0.0009309089249587288,-0.00400363152891714,15.06999969482422,-0.040000000000000036,0.03,50.43000000000001,-0.0028929241575550435
2021-07-06,-0.00380662352386274,0.0035000000000002807,0.0,0.0,0.0,0.0,15.06999969482422,0.0,0.03,11.689999999999998,0.006886763833275467
2021-07-07,-0.0021363848103561622,-0.0018400000000000638,0.0,-0.002023902770021735,-0.024104053108866985,0.003463578348616103,16.440000534057617,-0.06999999999999984,0.03,54.80000000000001,-0.0005084265857746573
2021-07-08,0.005071642825297928,0.002689999999999859,0.0,0.003353346553662817,-0.01607516652991059,0.0009719352426031946,16.200000762939453,-0.040000000000000036,0.03,-142.35000000000002,-0.0006853916530680237
2021-07-09,3.431956272414993e-05,0.008509999999999796,0.0,-0.008597881009555053,0.010197215221300127,-0.0030270161415693053,19.0,-0.030000000000000027,0.03,10.46,-8.569358529442184e-06
2021-07-12,0.003391819678247643,-0.007460000000000022,0.0,0.01121482590241385,0.02196691878118706,-0.0024933977858792034,16.18000030517578,0.07000000000000006,0.03,16.61,0.006390897464759959
2021-07-13,-0.006705666891289042,0.005070000000000352,0.0,0.003445232695593603,-0.0061886259232695195,0.001084900336229211,16.170000076293945,0.009999999999999787,0.03,59.81000000000002,-0.011006288465560843
2021-07-14,0.002579137934789699,-0.007070000000000132,0.0,-0.003523011181165714,0.015400391919102141,0.005622207842502114,17.1200008392334,0.040000000000000036,0.03,48.23999999999998,-0.005473569938807543
2021-07-15,-0.0011271515076316518,0.006460000000000132,0.0,0.001164256565468591,-0.028577261903654616,-0.00367246395866605,16.329999923706055,-0.04999999999999982,0.03,-93.66999999999999,0.011232321319239347
2021-07-16,-0.004763019320289885,-0.015050000000000008,0.0,-0.0032675735627449853,-0.020445466154863645,0.002269893178035609,17.010000228881836,-0.06000000000000005,0.03,55.139999999999986,0.004250406435188481
2021-07-19,0.006199220844974818,0.01709999999999967,0.0,-0.007567415006812794,0.002230532553620712,0.0007554875203057421,18.450000762939453,0.0,0.03,-13.109999999999985,-0.009117707693031107
2021-07-21,-0.004956298436656681,-0.006170000000000009,0.0,-0.015996781399984172,-0.07802551974330907,0.0021553726015177688,22.5,-0.1200000000000001,0.03,-36.72000000000001,0.0020887605680162125
2021-07-22,0.008862687257845892,-0.00981999999999994,0.0,0.023256847666942804,0.05677365384633504,-0.0015082893411930698,17.90999984741211,0.1100000000000001,0.03,81.2,0.017682087626043952
2021-07-23,-0.0057621232277629275,-0.0010099999999999554,0.0,0.00201463920924283,0.022643545813575194,0.0007544290376619855,17.690000534057617,-0.030000000000000027,0.03,-94.09,-0.005859358180330787
2021-07-26,0.0008733248776451319,0.0016500000000001513,0.0,0.0100943323862559,0.0022224766612248814,0.0009691915436782494,17.200000762939453,0.030000000000000027,0.03,47.56,0.0007706535769802514
2021-07-27,-0.00431899019837978,0.006739999999999746,0.0,0.00237936692272811,-0.0022224766612248814,-0.002802352868234159,17.579999923706055,-0.010000000000000009,0.03,-13.209999999999994,-0.0015315705197664897
2021-07-28,0.0025853614083519716,0.00024000000000024002,0.0,-0.004723583382176599,-0.003622212470221875,-0.0023773646222675637,19.36000061035156,-0.040000000000000036,0.03,7.1000000000000085,-0.0013993402120622278
2021-07-29,0.002097842743408407,0.004290000000000127,0.0,-0.00018627923155278836,0.010274984303148216,-0.0011908051242235373,18.309999465942383,0.010000000000000009,0.03,20.109999999999985,0.005275373384602489
2021-07-30,-0.00629989000444553,0.0016699999999998383,0.0,0.0041973318452726005,0.016848605384812032,-0.004995113912144689,17.700000762939453,0.020000000000000018,0.03,-8.259999999999991,-0.008315848227011813
2021-08-02,-0.0008715653620079422,0.01969999999999983,0.0,-0.005420713608261352,0.004472382630526184,0.003368992597499343,18.239999771118164,-0.040000000000000036,0.010000000000000009,-10.960000000000008,0.004356843706288416
2021-08-03,0.00041513873148524283,-0.028209999999999624,0.0,-0.00184450567006067,-0.037053957733289344,-0.001302737307165458,19.459999084472656,-0.040000000000000036,0.05,-8.86,0.005565977469649042
2021-08-04,-0.004061891434009368,-0.0020500000000001073,0.0,0.008169961338918341,-0.009871813057557688,0.0003258434667552379,18.040000915527344,-0.010000000000000009,0.04000000000000001,-46.769999999999996,0.004632273234333795
2021-08-05,-0.003332563462901561,0.00741999999999976,0.0,-0.004643150661296502,-0.0347521965655595,0.002061240909723594,17.969999313354492,0.0,0.04000000000000001,-10.420000000000002,0.007502484208663063
2021-08-06,-0.0007599242402243078,-0.009409999999999918,0.0,0.005987485990420538,0.013698768963243069,-0.0003251724075044038,17.280000686645508,0.040000000000000036,0.04000000000000001,111.61999999999999,-0.00032006836373099645
2021-08-09,0.003265580675577695,0.006470000000000198,0.0,0.0016738645485290249,-0.011793069447452176,0.006052819876152249,16.149999618530273,0.08000000000000007,0.04000000000000001,-71.88999999999999,-0.012322886066842287
2021-08-10,-0.0027495971241275896,-0.005930000000000213,0.0,-0.0009403502649565354,-0.026715679005755888,0.0016150086577253475,16.719999313354492,0.020000000000000018,0.04000000000000001,27.840000000000003,-0.006392995817581237
2021-08-12,0.0039028444556183928,0.005349999999999966,0.0,0.0009921869538640493,0.026862155336878857,0.0011827388465475153,16.790000915527344,0.030000000000000027,0.04000000000000001,264.90999999999997,0.008381370728557158
2021-08-13,-0.0004930780957206338,-0.0044200000000000905,0.0,0.0054127384534936596,0.011646593116329207,-0.00021490213119079726,15.59000015258789,0.0,0.04000000000000001,-309.48,-2.6006367901842964e-05
2021-08-16,-0.0037583563170642265,0.005970000000000031,0.0,0.001606016320923942,-0.009452464799585059,-0.005604716970648127,15.449999809265137,-0.07000000000000006,0.04000000000000001,11.010000000000005,-0.008436688953858962
2021-08-18,0.0027853231571679515,0.006839999999999957,0.0,0.002617422261993241,-0.016945833890281925,0.0011882325349192868,16.1200008392334,-0.030000000000000027,0.04000000000000001,29.78,0.0049544031167041425
2021-08-19,0.0030618267953670397,-0.01191999999999993,0.0,-0.01789239635239248,-0.027572395718946652,0.005490697386347776,21.56999969482422,0.010000000000000009,0.03,-17.950000000000003,-0.0207808013508064
2021-08-20,0.0020153255780961388,0.004290000000000127,0.0,0.0012559032561583194,-0.027411712265815957,0.004606085025175233,21.670000076293945,-0.030000000000000027,0.03,-34.650000000000006,0.0063960786124557245
2021-08-23,0.0027083570645434207,0.002889999999999837,0.0,0.008108603890741861,-0.02174514615558376,-0.0007483797317098251,18.559999465942383,0.020000000000000018,0.03,6.769999999999996,0.01302361812892272
2021-08-24,-0.0032758407135951018,-0.003209999999999713,0.0,0.008487667984411473,0.05190286025784374,-0.005792153039656078,17.149999618530273,-0.010000000000000009,0.03,92.61000000000001,-0.003333147233137268
2021-08-25,-0.0011081868428757247,-0.005370000000000097,0.0,0.0014946188019617779,0.02853477158933604,-0.0007532924262481089,17.219999313354492,0.040000000000000036,0.03,-91.19000000000001,0.003891453766867059
2021-08-26,0.0012950858452605019,0.005669999999999842,0.0,0.0022176574032517493,0.012067838663122998,-0.0006461076920798448,16.790000915527344,0.06000000000000005,0.03,-12.58999999999999,-0.009064018114715466
2021-08-27,0.0011758847999043809,-0.004890000000000061,0.0,-0.005841949827603443,-0.013846184528889971,0.0024745370450904858,18.84000015258789,-0.010000000000000009,0.039999999999999994,-19.28000000000001,-0.002762750859719887
2021-08-30,-0.001134386469564319,0.0025700000000004053,0.0,0.0087690715404527,0.01938955769773454,-0.00398380195452841,16.389999389648438,-0.030000000000000027,0.03,14.619999999999997,0.016992591212598995
2021-08-31,-0.0026541531051549327,-0.0012500000000001954,0.0,0.004297324106874001,0.006814107280795234,-0.0004316490265692252,16.190000534057617,-0.020000000000000018,0.020000000000000004,8.230000000000004,0.0008778991318258988
2021-09-01,-0.0034059741680980693,0.0014599999999997948,0.0,-0.001350026915892144,-0.010311602357339744,-0.00021593558582200245,16.479999542236328,0.010000000000000009,0.0,89.02000000000001,-0.009699381303274635
2021-09-02,-0.008074567176622693,0.008199999999999985,0.0,0.00031164006095174557,0.0013129528517472622,-0.0019451087915145493,16.110000610351562,0.010000000000000009,0.020000000000000004,-78.03000000000002,-0.0020879179788231284
2021-09-03,0.0015921194255898996,-0.012749999999999595,0.0,0.002838605754405421,0.020205646059582527,-0.002382431178271638,16.40999984741211,-0.020000000000000018,0.020000000000000004,-15.989999999999995,0.007978952040078369
2021-09-06,-0.0016623145681133877,0.003730000000000011,0.0,-0.00033508726118114396,-0.010051735327239797,-0.002062218530817894,16.40999984741211,0.040000000000000036,0.020000000000000004,15.569999999999993,2.7892999110434857e-06
2021-09-07,0.000736803359473015,0.009389999999999787,0.0,0.0,0.0,0.0,16.40999984741211,0.0,0.020000000000000004,134.01000000000002,-0.002375633862667925
2021-09-08,-0.001727052321527367,-0.007929999999999993,0.0,-0.0034013524523217598,-0.013659068006801611,0.0052015259656847945,18.13999938964844,0.04999999999999982,0.020000000000000004,-56.47,-0.014232715877255941
2021-09-09,0.0033531282043473,0.008160000000000167,0.0,-0.0013194368138158552,0.013803409387297627,0.0014041681207412893,17.959999084472656,-0.029999999999999805,0.020000000000000004,-47.20000000000002,0.006978428176156015
2021-09-10,0.003300069719331944,-0.014250000000000096,0.0,-0.004616247150002195,-0.016880546957262155,-0.0018365279775611754,18.799999237060547,-0.050000000000000044,0.020000000000000004,-61.769999999999996,0.004382742584480681
2021-09-13,-0.004729770055721616,0.008150000000000102,0.0,-0.007752552286277137,0.022922834884966825,0.0010807141581157254,20.950000762939453,0.050000000000000044,0.020000000000000004,15.329999999999998,-0.001102487778823047
2021-09-14,-0.00441401149063303,0.003589999999999982,0.0,0.0022739003463705387,0.010415956866150822,0.00043197532570893316,19.3700008392334,-0.020000000000000018,0.020000000000000004,136.8,0.006701693641364415
2021-09-15,0.006711689967342949,-0.0041999999999999815,0.0,-0.005763213966258007,0.00014196489289464154,0.00032383849373651685,19.459999084472656,-0.050000000000000044,-0.020000000000000004,-73.26000000000002,-0.0030828868559478195
2021-09-16,-0.002936057183694274,-0.0007900000000002905,0.0,0.008438294222079534,0.030057501878528292,-0.0017284617313624295,18.18000030517578,0.030000000000000027,-0.020000000000000004,-28.829999999999984,-4.698942059633282e-05
2021-09-17,0.0010380656595749826,-0.005300000000000082,0.0,-0.001552344712765219,0.0,0.00399248169530253,18.690000534057617,0.030000000000000027,-0.020000000000000004,-62.17000000000001,0.003806888758962401
2021-09-20,0.0013591229873437527,0.005070000000000352,0.0,-0.009152630275798046,-0.008853279317054152,0.0036546997827722194,20.809999465942383,0.030000000000000027,-0.020000000000000004,38.690000000000005,-0.009325734935856644
2021-09-21,-0.004413310824258332,0.018859999999999655,0.0,-0.017123077726381553,-0.02361982826817499,0.0004291023090985391,25.709999084472656,-0.06000000000000005,-0.020000000000000004,75.86,-0.002563734362912129
2021-09-22,0.006972331733500425,-0.011439999999999895,0.0,-0.0008126886585468895,0.00383382288529166,-0.0004291023090985391,24.36000061035156,0.020000000000000018,-0.020000000000000004,36.77000000000001,0.007808111819683106
2021-09-23,-0.005812748350759733,0.0010200000000000209,0.0,0.009474585224218401,0.023392141440261582,0.002785838528990503,20.8700008392334,-0.010000000000000009,-0.020000000000000004,-97.44000000000001,0.005623529940496752
2021-09-24,0.0029246178379729315,-0.00387000000000004,0.0,0.012061680369937378,0.014705131988040243,-0.003859359583008981,18.6299991607666,0.08999999999999986,-0.020000000000000004,-19.540000000000006,0.0003423027903046716
2021-09-27,0.0005110888090609222,0.003910000000000302,0.0,0.0014599428113637458,0.009234181254130114,0.002467451303454382,17.75,0.06000000000000005,-0.020000000000000004,7.760000000000005,-0.0036389149278051036
2021-09-28,-0.002487955729259639,-0.00016000000000016001,0.0,-0.0027802439201884965,0.019675312985898863,0.0005355409330336514,18.76000022888184,0.010000000000000009,0.0,156.64999999999998,-0.00153376986881959
2021-09-29,-0.0005966273186608362,-0.003690000000000193,0.0,-0.020574317739892933,-0.002122808744394078,0.00416777950204672,23.25,0.06000000000000005,-0.020000000000000004,-117.21,0.008055391879551621
2021-09-30,0.0053289117366635,0.0049600000000000755,0.0,0.0015679543362843162,-0.006128437460249714,0.0060602994060321436,22.559999465942383,0.010000000000000009,-0.020000000000000004,-21.67,0.019983588193474233
2021-10-01,0.004626632894433769,-0.0034999999999998366,0.0,-0.011981202945015923,0.002669118726309705,-0.0009544127097909083,23.13999938964844,-0.030000000000000027,-0.04000000000000001,37.900000000000006,-0.009283965683451356
2021-10-04,-0.003928484336887195,-0.005149999999999988,0.0,0.011425952113334858,0.011265091582320252,-0.002230592920741792,21.100000381469727,-0.040000000000000036,-0.020000000000000004,-53.7,0.018111386734437573
2021-10-05,-0.0019280477758254477,-0.0011399999999999189,0.0,-0.013070952048643392,0.022672052455314784,-0.002448799294529458,22.959999084472656,0.010000000000000009,-0.020000000000000004,59.2,-0.008651523195855049
2021-10-06,-3.496320123375085e-05,0.0019700000000000273,0.0,0.010469517498600922,0.016736226260983145,0.0018105952814799764,21.299999237060547,0.050000000000000044,-0.020000000000000004,-50.89,0.020350269904977125
2021-10-07,-0.0038183361334027666,0.020849999999999813,0.0,0.004094399349623856,-0.019187081246777815,0.0030809404039535693,21.0,-0.010000000000000009,-0.020000000000000004,48.39,-0.0001445015397543159
2021-10-08,-0.0009550824640598421,-0.017959999999999976,0.0,0.008264039225066355,0.01117333563200873,-0.0005304835705066679,19.540000915527344,0.050000000000000044,-0.020000000000000004,-44.599999999999994,0.010136884815446834
2021-10-11,-0.004337587461746395,0.0015000000000000568,0.0,-0.0019155566024213755,0.013320785770737587,-0.0015933034880504238,18.770000457763672,0.030000000000000027,-0.020000000000000004,-4.240000000000009,-0.003411095363293981
2021-10-12,0.0031845952219953233,-0.0017599999999999838,0.0,-0.006889441644339911,0.014637131338218978,0.0026540702538540017,20.0,0.0,-0.020000000000000004,-11.120000000000005,0.00410480827546067
2021-10-13,-0.0015487507495599573,-0.004590000000000316,0.0,-0.002419705686554252,0.0014892376733053325,0.002118163809536888,19.850000381469727,-0.020000000000000018,-0.020000000000000004,4.950000000000003,0.007776443129625221
2021-10-14,0.001914482631372394,0.004540000000000433,0.0,0.003017955870230793,-0.002483201499114074,-0.0046659131900588235,18.63999938964844,-0.030000000000000027,-0.020000000000000004,20.60000000000001,0.013554844291737922
2021-10-15,-0.00010548189268178021,-0.0021100000000000563,0.0,0.016919162285711664,0.010757384938741232,-0.001276353566144195,16.860000610351562,-0.040000000000000036,-0.020000000000000004,-16.78,0.00108965619298651
2021-10-18,-0.009979529877654159,0.0012299999999996203,0.0,0.00743252063718991,0.011859069754950546,-0.00021284345906913416,16.299999237060547,0.07000000000000006,-0.020000000000000004,-29.150000000000006,0.0038263623372376543
2021-10-19,-0.0008171821882694275,-0.002889999999999837,0.0,0.003369087801804227,0.0019427356878063406,0.00010638678884333785,16.309999465942383,0.0,-0.020000000000000004,94.58000000000001,-0.0004160823476198061
2021-10-21,0.006391713619850137,0.0030399999999999316,0.0,0.007366142784235308,0.006287767248904785,-0.0017044430943800037,15.699999809265137,0.05999999999999983,-0.020000000000000004,-85.82000000000001,-0.0034654155404574283
2021-10-22,-0.0026452885691021777,-0.011009999999999742,0.0,0.006648726766920632,-0.0055602595448682735,-0.00021331065042851094,15.010000228881836,0.030000000000000027,-0.020000000000000004,-4.219999999999999,0.0016217311956268077
2021-10-25,0.0039017957875095988,0.011029999999999873,0.0,-0.0010731292246628499,0.01515729872583016,-0.0017077177280722111,15.43000030517578,-0.020000000000000018,-0.020000000000000004,32.0,-0.0027191854552093275
2021-10-26,-0.004170943800792415,-0.004710000000000214,0.0,0.004736959440853283,0.0,0.0021342122090421967,15.239999771118164,-0.020000000000000018,-0.020000000000000004,0.8900000000000006,0.004703930331196204
2021-10-27,0.005475207517417147,0.0010900000000000354,0.0,0.0018181414322437917,0.010569534538419134,0.0014912592638385291,15.979999542236328,-0.010000000000000009,-0.020000000000000004,-3.1700000000000017,-0.008255182974862052
2021-10-28,-0.0012548684418831613,0.006130000000000191,0.0,-0.005064370371105298,-0.02378927321801605,-0.0009583765076293105,16.979999542236328,-0.08999999999999986,0.009999999999999995,-35.720000000000006,-0.011904927306355617
2021-10-29,0.0029161930972865235,-0.0030800000000001937,0.0,0.009781288424184353,0.0018129441767182897,-0.005448463227110345,16.530000686645508,0.030000000000000027,-0.020000000000000004,26.759999999999998,0.010258245228840224
2021-11-01,0.0008366975777107655,0.005370000000000097,0.0,0.0019474372317169752,0.009135802798019732,0.008214739398918702,16.260000228881836,-0.020000000000000018,-0.03,-13.14,-0.005851560011594259
2021-11-02,-3.514012123773114e-05,-0.003470000000000084,0.0,0.0017984589459025813,0.00572729580185527,-0.0025532513143504687,16.40999984741211,0.030000000000000027,-0.020000000000000004,58.81999999999999,-0.00913903465436583
2021-11-03,0.0033748105206488077,0.0022600000000001508,0.0,0.0036736071203886667,-0.0016670566381833396,0.0022343903708126334,16.030000686645508,-0.020000000000000018,-0.020000000000000004,-25.419999999999987,0.009023158844936319
2021-11-04,0.0009312153894356356,-0.003550000000000164,0.0,0.00644049461288887,-0.03702556776440247,-0.002447415228270522,15.100000381469728,0.040000000000000036,-0.020000000000000004,77.82,0.005223256275344923
2021-11-05,0.0053112823002088305,-0.004699999999999704,0.0,0.004173222342817695,-0.025679410373699696,0.005206938772963632,15.4399995803833,-0.07000000000000006,-0.020000000000000004,-31.769999999999982,-0.0007074171298260268
2021-11-08,0.0033356528496391036,0.0022599999999997067,0.0,0.0037258500452850285,0.030737042071998566,-0.0003180026484423948,16.479999542236328,-0.08000000000000007,-0.020000000000000004,54.72999999999999,0.007645171970146691
2021-11-09,-0.0065567751870609925,0.000360000000000138,0.0,0.0008873940607010411,0.008088324419384563,-0.002866664798292007,17.219999313354492,0.06000000000000005,-0.020000000000000004,151.85,0.00565740534990411
2021-11-10,-0.004745933571598471,-0.00649999999999995,0.0,-0.0035049109263987077,0.02673571089110105,-0.0009574381483741234,17.780000686645508,-0.050000000000000044,-0.020000000000000004,-213.54,0.0019801018548211147
2021-11-11,0.002662744198186573,0.009339999999999904,0.0,-0.008259842163861109,-0.033963083312826825,0.009427530246825633,18.729999542236328,0.10000000000000009,-0.020000000000000004,-110.84,0.0012257335152394688
2021-11-12,0.0008673907215239751,-0.0027599999999998737,0.0,0.0005507883329887164,0.0030688050995824057,0.0034731586055274377,17.65999984741211,0.0,-0.009999999999999995,26.659999999999997,-0.006039053271878814
2021-11-15,-0.0028497465014929446,0.0017200000000001658,0.0,0.0071966975641295505,-0.009853453732612039,-0.0005254905527820597,16.290000915527344,0.020000000000000018,-0.009999999999999995,137.08,-0.005280056207841
2021-11-16,-0.00527271640793181,-0.0005700000000001815,0.0,-1.0739878016252646e-05,0.0011133339296822697,0.0029390848001371594,16.489999771118164,0.04999999999999982,-0.009999999999999995,-94.84,0.005303034561462638
2021-11-17,-9.162555197406164e-05,-0.007639999999999869,0.0,0.003857779057126365,-0.0014847208572588144,0.005331058483243112,16.3700008392334,0.0,-0.009999999999999995,4.4199999999999875,0.0036913296572329557
2021-11-18,0.006240431421138837,0.0014499999999997293,0.0,-0.0026050154828958227,-0.030168219030816346,-0.0009386841668721502,17.110000610351562,-0.029999999999999805,-0.009999999999999995,2.5600000000000023,-0.0059095954718362265
2021-11-19,-0.003537121424137979,-0.0001500000000000945,0.0,0.003379064740171245,0.008260852906700755,-0.0030307899185162412,17.59000015258789,-0.010000000000000009,-0.009999999999999995,26.920000000000016,0.012547237152281454
2021-11-22,-0.001343694690097763,0.0041400000000000325,0.0,-0.0013996446049873157,-0.0375262089554429,0.005532071700573127,17.90999984741211,-0.050000000000000044,-0.009999999999999995,-21.430000000000007,0.0004646129685461631
2021-11-23,0.004243057913562609,0.00034000000000000696,0.0,-0.003202258316960638,0.008505141650638315,0.004465919099891025,19.170000076293945,0.08999999999999986,0.0,-28.25,-0.006791961556285031
2021-11-24,-0.0003856307143497162,-0.0021599999999999397,0.0,0.001655761383194232,0.02254523832105626,-0.00010365445204563173,19.3799991607666,0.040000000000000036,0.0,6.519999999999996,0.0008084450897776208
2021-11-25,0.0009042721482597216,0.00387000000000004,0.0,0.0022912237766679056,-0.0014022643738220708,0.003620740360880781,18.57999992370605,-0.030000000000000027,0.020000000000000004,32.480000000000004,0.0024015237676930923
2021-11-26,0.0021626896963251596,-0.005189999999999806,0.0,0.0,0.0,0.0,18.57999992370605,0.0,0.0,-72.78,-0.020782591586780086
2021-11-29,0.0011598629798967863,0.0013899999999997803,0.0,-0.022987011159321113,-0.139985179881994,-0.007774880075842816,28.6200008392334,-0.15999999999999992,0.0,-0.37000000000000455,0.00709758068901678
2021-11-30,0.0061403409775859785,0.0029200000000000337,0.0,0.013113836082823127,0.026069476951239068,0.0025983490117962305,22.959999084472656,0.040000000000000036,0.0,45.83,-0.01131600161324009
2021-12-01,-0.002167795069629719,-0.00022999999999973042,0.0,-0.019143381187848973,-0.05540235037902086,-0.003639566069002953,27.190000534057617,-0.09000000000000008,-0.009999999999999995,13.439999999999998,-0.004026406065799293
2021-12-02,-0.003065136499376564,0.006619999999999848,0.0,-0.01188554145795706,-0.00926003748343529,0.0006249238664350898,31.1200008392334,0.0,0.0,-8.819999999999993,0.011632577612081363
2021-12-03,0.002995578540179622,-0.009570000000000078,0.0,0.014094638396057846,0.014083678040478276,0.0008324925190246191,27.950000762939453,0.010000000000000009,0.0,-18.019999999999996,-0.0069064197999768595
2021-12-06,0.004705093735955401,0.0034000000000000696,0.0,-0.008484455141738678,-0.0036155185499371356,-0.00010397406340612037,30.670000076293945,-0.08999999999999986,0.0,129.17,0.0013160020607188017
2021-12-07,0.004848457638731318,-0.0020299999999999763,0.0,0.011662599309685717,0.04759639747281241,0.0017670413174339927,27.18000030517578,0.07999999999999985,0.0,-129.51999999999998,0.008434113088863882
2021-12-08,-0.0016549445233540183,-0.000640000000000196,0.0,0.02049560318625332,0.03617753821695757,0.0008304976033670641,21.88999938964844,0.050000000000000044,0.0,31.730000000000004,0.00018612294172903887
2021-12-09,-0.0066959493733875775,0.005160000000000053,0.0,0.0030805355865854978,0.004293304160383649,-0.004993283563113238,19.899999618530277,0.040000000000000036,0.0,-27.549999999999997,0.006059060712695796
2021-12-10,-0.004058707623871172,-0.007379999999999942,0.0,-0.007206988232523415,-0.019819185201463085,0.0039550141194206745,21.57999992370605,-0.030000000000000027,0.0,-34.760000000000005,0.0013521615655545105
2021-12-13,-0.0026263694608168464,0.007280000000000175,0.0,0.009503769118209604,0.010237740696854125,-0.0022877879327269923,18.690000534057617,-0.010000000000000009,0.0,19.460000000000008,0.001494348947119306
2021-12-14,0.0038046349652898215,-0.007580000000000364,0.0,-0.009178158342793452,-0.005316146485581541,0.002807057404996982,20.309999465942383,-0.06000000000000005,0.0,135.54,-0.007114366293883734
2021-12-15,-0.0018970312320085725,0.003249999999999975,0.0,-0.0074987228546241624,-0.007886219462695188,0.0025921524265175577,21.88999938964844,0.020000000000000018,0.0,-138.31,0.0016039444430671068
2021-12-16,0.0012418238860920638,0.006780000000000008,0.0,0.016216267351891744,0.001977393068239408,-0.000621478764821326,19.290000915527344,0.030000000000000027,0.0,27.64,-0.004758931036992209
2021-12-17,-0.003142460686554216,-0.01004999999999967,0.0,-0.008781863311112303,0.021082728611518498,-0.004881871168030294,20.56999969482422,-0.030000000000000027,0.0,48.35000000000001,0.0010812190670463906
2021-12-20,0.005753655485566611,0.0018099999999998673,0.0,-0.010340964584054646,-0.021223872138086186,0.00550334993285162,21.56999969482422,-0.030000000000000027,0.0,-21.22,-0.008338344651745544
2021-12-21,0.00039631890400038117,-0.0009999999999998899,0.0,-0.011453398323256536,-0.03782170802322238,-0.00020709033609644933,22.8700008392334,0.020000000000000018,0.0,-12.210000000000008,0.0010987001188347278
2021-12-22,0.00020851868119819983,2.9999999999752447e-05,0.0,0.01762175538519628,0.04148422979704236,-0.0006216865896844226,21.01000022888184,0.050000000000000044,0.0,45.44999999999999,-0.003778129531596619
2021-12-23,-0.008711292612465726,0.0040599999999999525,0.0,0.010128728029126677,0.022797753185247238,-0.004258157063562251,18.6299991607666,-0.020000000000000018,0.0,-33.379999999999995,0.0039675593554715505
2021-12-24,-0.004926661483281691,-0.0020299999999999763,0.0,0.006204412685251626,0.014056850467597748,-0.0006247286873133362,17.959999084472656,0.040000000000000036,0.0,40.75,0.0011204252757917033
2021-12-27,-0.0018334655055820548,0.00039999999999995595,0.0,0.0,0.0,0.0,17.959999084472656,0.0,0.020000000000000004,-72.63999999999999,0.0019095175712742218
2021-12-28,0.0015163753991700446,0.0013700000000000934,0.0,0.013744051573606697,0.02383614151683311,0.0007287460359135522,17.68000030517578,-0.020000000000000018,0.0,80.50999999999999,0.003476441436653488
2021-12-29,0.0021612786991536126,-0.006380000000000052,0.0,-0.0010106653988870562,0.0054108169469753165,0.0011441117706736392,17.540000915527344,0.010000000000000009,0.0,-65.57,0.0003536602690541457
2021-12-30,0.0012790828421316291,0.000520000000000298,0.0,0.0014009134018575509,0.007604523314618028,-0.0028105639375155533,16.950000762939453,0.06000000000000005,0.0,-29.659999999999997,-0.00291224498723075
2022-01-03,-8.429758561767642e-05,0.0044999999999997264,0.0,-0.002994233841905114,0.005600800287199448,0.00041689333807770623,17.329999923706055,-0.030000000000000027,0.0,47.47999999999999,0.012656242088496583
2022-01-04,-0.0015464645286442646,-0.008449999999999847,0.0,0.0037241897969142457,-0.011890073238476795,0.002809394120346198,16.600000381469727,0.10999999999999988,0.0,14.939999999999998,0.004500517871759868
2022-01-05,0.004814253528936163,-0.003350000000000186,0.0,-0.0006298202522039276,0.011890073238476795,0.0005194312906988685,16.90999984741211,0.030000000000000027,0.0,45.48000000000002,-0.004952103427948273
2022-01-06,0.007108756196469557,0.0020700000000002383,0.0,-0.019583264304500858,0.011108363136662192,-0.0010390532146082876,19.729999542236328,0.050000000000000044,0.0,-81.00000000000001,-0.0013439457057913273
2022-01-07,0.004231415858521714,0.0045199999999998575,0.0,-0.000964233740180731,0.020469860184824107,0.0006235456222887237,19.61000061035156,0.020000000000000018,0.0,124.02,0.007183264101433551
2022-01-10,-0.0026685628132359085,0.0029799999999999827,0.0,-0.004058441082335662,-0.007072491673356218,-0.005312811516362537,18.76000022888184,0.030000000000000027,0.0,-177.69,-0.0015220372902007284
2022-01-11,-0.006231200431026096,-0.003369999999999873,0.0,-0.0014420705375393084,-0.00852799858316633,0.0026078354691945194,19.399999618530277,0.020000000000000018,0.0,62.84,-0.006470298263847596
2022-01-12,-0.0003841922405491971,0.0023399999999997867,0.0,0.00911828645239865,0.03750828867967382,-0.0038619651988405224,18.40999984741211,-0.030000000000000027,0.0,-42.7,-0.000136182180529687
2022-01-13,-0.0025183643949961976,0.0025800000000000267,0.0,0.002813792014666916,0.017332280137976497,-0.006505140321344527,17.6200008392334,-0.010000000000000009,0.0,14.420000000000002,0.0016972057361446247
2022-01-14,0.0015327877416577707,-0.006749999999999812,0.0,-0.014346029234399538,-0.0063121918290258705,-0.002212963477110641,20.309999465942383,-0.040000000000000036,0.0,-34.69,0.005249496794160535
2022-01-17,-0.0016028329208275238,0.005269999999999886,0.0,0.0008196442695904693,0.020490013259388817,0.004000818720991006,19.190000534057617,0.08000000000000007,0.0,16.349999999999994,-0.007250204297202245
2022-01-18,0.002693203915367093,-0.0011999999999998678,0.0,0.0,0.0,0.0,19.190000534057617,0.0,0.0,101.31,-0.0046743458832558815
2022-01-19,0.0024560401313831193,0.0015199999999997438,0.0,-0.018559105398008313,0.01902569187968073,0.005867017180523071,22.790000915527344,0.09000000000000008,0.0,-97.94,-0.0033436435909717233
2022-01-20,0.0022692206156165184,0.0014100000000003554,0.0,-0.009736790941460072,0.0177509015490509,-0.0023007876117349113,23.850000381469727,-0.040000000000000036,0.0,-5.75,0.005278857438810292
2022-01-21,-0.0013567532035896335,-0.0016600000000002169,0.0,-0.011098742304332276,-0.0006901824544431889,0.002405185238322005,25.59000015258789,0.0,0.0,1.6800000000000068,0.014903313945030305
2022-01-24,-0.0013794987746145182,-0.0004900000000001015,0.0,-0.01909599532463524,-0.020461096599159845,-0.0010450254431679795,28.850000381469727,-0.08000000000000007,0.0,53.11,-0.010642677651789612
2022-01-25,-0.0009276981624157798,0.00010000000000021103,0.0,0.0027679047582704897,-0.021728392549470676,0.002923355421501128,29.899999618530277,0.0,0.009999999999999995,147.44,-0.013157708501973175
2022-01-26,0.002460372281591461,-0.0006499999999998174,0.0,-0.012246590556866721,0.027116704640271827,0.0003126990181350209,31.15999984741211,0.030000000000000027,0.0,-82.60000000000002,0.00495802013010227
2022-01-27,-0.0024045593645674046,0.00238999999999967,0.0,-0.0014977569258860512,0.02023775378949466,0.0056121632448951075,31.959999084472656,0.07000000000000006,0.0,-44.099999999999994,0.0015655923312056785
2022-01-28,0.002502040907902625,-0.0009299999999998754,0.0,-0.005398635199970414,-0.008507729721423551,0.007948473046866411,30.489999771118164,-0.040000000000000036,0.0,18.109999999999985,0.005182322319168264
2022-01-31,0.0015857647902119965,-0.00030999999999981043,0.0,0.024055967914735632,0.0024217169663280913,0.00010275543008742005,27.65999984741211,-0.030000000000000027,0.0,-35.54999999999998,-0.002163248118286276
2022-02-02,-0.0005283541761738064,0.0002899999999996794,0.0,0.01870982622298456,0.015202919797498993,-0.0075331426541023205,24.82999992370605,0.010000000000000009,0.0,55.47,0.011470567018415423
2022-02-03,-0.004131835065068756,-0.002189999999999692,0.0,0.016217960796641506,0.0012471018913293719,-0.006234418194608793,22.09000015258789,-0.010000000000000009,0.0,-83.8,-0.0035546131656385427
2022-02-04,0.002893389447658379,-0.0003900000000003345,0.0,-0.02469347172011993,0.022518114077128004,-0.005854137447264485,24.350000381469727,0.040000000000000036,0.0,-7.450000000000003,0.0070874960590145974
2022-02-07,0.0009185684692400997,5.000000000032756e-05,0.0,0.005143678439862853,0.02234730943178942,0.0010479525552558044,23.21999931335449,0.10999999999999988,0.0,78.00999999999999,0.010866554276880436
2022-02-08,0.0016263036594637015,0.004829999999999668,0.0,-0.003708580927828109,-0.01078263323438744,-0.0008382421803503348,22.86000061035156,-0.010000000000000009,0.0,-74.3,-0.002267842462432057
2022-02-09,0.0003609816570477875,-0.0032399999999999096,0.0,0.008366113466633962,-0.021696656728566133,0.0025125417595850408,21.440000534057617,0.040000000000000036,0.0,18.549999999999997,0.006618280328876125
2022-02-10,-0.0018134115831784925,0.005600000000000271,0.0,0.014412842079265076,0.0033516179804982116,-0.0015696286175002072,19.959999084472656,-0.020000000000000018,0.0,-32.33999999999999,-0.00160545766994602
2022-02-11,-0.00315527723436837,-0.0012100000000003774,0.0,-0.01828182448505622,0.002450637187107141,0.0006281950342756915,23.90999984741211,0.08999999999999986,0.0,0.8999999999999915,-0.0011782404098301669
2022-02-14,-0.0004326391810085539,-0.0028199999999998226,0.0,-0.019151682638085532,0.03519875113453885,0.005531494204193521,27.36000061035156,-0.10999999999999988,0.0,-16.69999999999999,-0.011973654245398535
2022-02-15,0.0011648848617102914,-0.007870000000000044,0.0,-0.003847990755629027,0.025033134093715326,0.003013781534248139,28.32999992370605,0.06000000000000005,0.0,134.13,0.010783049778614995
2022-02-16,-0.0029112441473593265,0.004890000000000061,0.0,0.015643717646064204,-0.03615814800191064,-0.003950981242854645,25.700000762939453,0.06999999999999984,0.0,-92.35000000000001,0.006253077116744166
2022-02-17,-0.0029688430273520083,-0.0014699999999998603,0.0,0.0008808197202831991,0.017122088870282326,-0.0030257305506138366,24.290000915527344,-0.020000000000000018,0.0,-35.55,-0.0022039770832744665
2022-02-18,0.0009672880550954943,-0.0012300000000000644,0.0,-0.021400504136936505,-0.020494746753687565,0.0010444502622117824,28.11000061035156,-0.05999999999999983,0.0,33.19,0.008406366018128608
2022-02-21,0.005142809169530693,0.003929999999999989,0.0,-0.007191961663865598,-0.007548057873018266,0.0025020640535000638,27.75,-0.050000000000000044,0.0,73.15,0.0014710255584269305
2022-02-22,0.001246810269616816,0.002529999999999699,0.0,0.0,0.0,0.0,27.75,0.0,0.0,-66.05,-0.005952916265433927
2022-02-23,-0.0007590563666255434,-0.0039399999999996105,0.0,-0.010194735435016256,0.013957251893741862,-0.00010415094762805666,28.809999465942383,0.020000000000000018,0.0,66.07000000000001,0.008425793548655136
2022-02-24,0.0027826104911117255,0.0007599999999996498,0.0,-0.01858373574878769,-0.0027107634288379145,0.0016647976074093407,31.020000457763672,0.050000000000000044,0.0,-90.63000000000001,-0.014884137216627735
2022-02-25,-0.0020862316328873476,-0.0014300000000000423,0.0,0.014846105252724229,0.007679439608249794,0.009827803088778175,30.31999969482422,-0.030000000000000027,0.009999999999999995,67.04,0.01026583097619671
2022-03-01,0.006072717543242234,0.009070000000000356,0.0,0.022126080551265304,-0.013232310870709085,-0.005367443081482293,27.59000015258789,0.010000000000000009,0.0,4.909999999999997,0.00481839523695804
2022-03-02,-0.006420846354416199,-0.006699999999999928,0.0,-0.018040059249738505,0.12137964917920652,0.00814312482476165,33.31999969482422,-0.25,0.0,26.460000000000008,-0.007692520490547139
2022-03-04,0.00451624877408463,0.0016499999999997073,0.0,0.01847104678065037,0.06721837068148417,-0.00020538267164127433,30.739999771118164,0.14000000000000012,0.0,-53.170000000000016,0.008687079688984412
2022-03-07,-0.0046276483893059606,0.004329999999999945,0.0,-0.013234205287247391,0.04490768575669701,0.01285471823020412,31.979999542236328,-0.1200000000000001,0.0,84.21000000000001,-0.008590400663203823
2022-03-08,0.0016214146309181388,-0.00387000000000004,0.0,-0.029962586814415104,0.031651452689499315,0.006466622330018268,36.45000076293945,0.040000000000000036,0.0,-54.390000000000015,-0.008021940801015148
2022-03-09,0.0017160007691305879,-0.002749999999999808,0.0,-0.007260043975698238,0.03538004098974756,-0.0023191677518843434,35.130001068115234,0.08000000000000007,0.0,0.36000000000001364,0.007348405595463348
2022-03-10,-0.003037997576086582,0.0016300000000000203,0.0,0.02537359812214035,-0.1292674886756897,-0.01106438069783966,32.45000076293945,0.07999999999999985,0.0,-22.47,0.008640169211698634
2022-03-11,-0.007807502137744393,-0.0018199999999999328,0.0,-0.0043010499202473795,-0.024964042155666277,0.00549676573648572,30.229999542236328,0.040000000000000036,0.0,7.939999999999998,-0.0002030477838914635
2022-03-14,0.0016826758509989048,0.00270999999999999,0.0,-0.013046278933238398,0.030743124297906377,0.006173177477546865,30.75,0.020000000000000018,0.0,82.43,0.004267028363672765
2022-03-15,0.003531410463560647,-0.003960000000000186,0.0,-0.007448675095533375,-0.0595447565606646,-0.0006055625161929257,31.770000457763672,0.14000000000000012,0.0,-10.420000000000016,-0.004905285755040012
2022-03-16,0.0015345449947457013,0.00140000000000029,0.0,0.021182629724146196,-0.06590501300543394,0.00010096539017379058,29.82999992370605,0.009999999999999787,0.0,-68.20999999999998,0.0106696722259354
2022-03-17,-0.0029456266831449085,-0.0025600000000003398,0.0,0.02213692164839287,-0.014623213380847488,-0.006989164455433183,26.670000076293945,0.040000000000000036,0.0,62.329999999999984,-0.004013861641970706
2022-03-18,-0.002926257651763464,0.0025900000000000922,0.0,0.01227220506870097,0.08023696196850416,-0.003767967371965497,25.670000076293945,0.010000000000000231,0.25,-78.84,-0.0013535004978582066
2022-03-21,0.0043722415267879455,-0.0010799999999999699,0.0,0.01159481441188781,0.016564261512939105,0.002242165783862937,23.8700008392334,-0.06000000000000005,0.25,33.45000000000002,3.110083730639701e-05
2022-03-22,0.00113713101613655,-0.0002900000000001235,0.0,-0.00043475485430199967,0.06847066206454233,0.002744846317045635,23.530000686645508,0.17999999999999972,0.25,68.56,0.006540667544985723
2022-03-23,0.00018825022493196286,-0.00246999999999975,0.0,0.01124069955407414,-0.0032160167302421883,-0.0001015496862537546,22.940000534057617,0.06000000000000005,0.25,-102.30000000000001,-0.0006725104417046879
2022-03-24,3.4854742862577837e-05,0.0010300000000000864,0.0,-0.012348630252494885,0.027969515972833925,0.0013191101543430506,23.56999969482422,-0.06000000000000005,0.25,-20.97,0.007627914799895663
2022-03-25,0.003027721605089795,-0.002360000000000362,0.0,0.014242012281618699,-0.022793295530145308,0.0017222856776593076,21.670000076293945,0.020000000000000018,0.25,11.669999999999987,-0.00671111299388194
2022-03-28,-0.003613469827328686,0.004070000000000018,0.0,0.005053380704236332,0.013790929343949543,0.00020239517499121007,20.809999465942383,0.14000000000000012,0.25,80.78,0.006699476768066148
2022-03-29,-0.000216218382224298,0.001100000000000101,0.0,0.007119551020043247,-0.07225922808623242,0.002829701614618152,19.6299991607666,-0.020000000000000018,0.25,113.09000000000003,-0.005392698537688645
2022-03-30,0.0027171089973681006,-4.999999999988347e-05,0.0,0.012182044101392009,-0.01636574344035413,-0.006987671548293939,18.899999618530277,-0.04999999999999982,0.25,-128.17000000000002,0.005901379924106109
2022-03-31,-0.0027171089973681006,0.0006300000000001305,0.0,-0.0063135889990899585,0.03376725486989951,-0.006218487878745904,19.32999992370605,-0.06000000000000005,0.25,-88.74000000000001,0.0025844161456447523
2022-04-01,-0.00045357012797175855,0.003169999999999895,0.0,-0.0157763352268816,-0.07249690607595749,0.0053033948587186686,20.559999465942383,-0.03000000000000025,0.25,-23.340000000000003,0.0010343134213766092
2022-04-04,0.0016388587450393288,-0.0021300000000001873,0.0,0.003404420961462762,-0.010122884331710047,0.0032497205734927093,19.6299991607666,0.07000000000000028,0.25,32.44000000000001,0.005277654671102638
2022-04-05,0.0006965728896872747,-0.002269999999999772,0.0,0.00805838253213409,0.03960035793359484,0.003643366232878087,18.56999969482422,0.029999999999999805,0.25,1.3799999999999955,0.0044980295754779576
2022-04-06,-0.002698449554925375,-0.0012900000000000134,0.0,-0.012631159074006248,-0.012863164190395793,0.004837290084944712,21.030000686645508,0.1200000000000001,0.25,11.219999999999999,-0.006186016920679549
2022-04-07,0.0030117491240897465,0.0038599999999999746,0.0,-0.009764433912478054,-0.057839376275845567,0.0013060458340881098,22.100000381469727,0.06999999999999984,0.25,41.32000000000001,0.0032535224784204786
2022-04-08,0.0011479260326563434,-0.0020899999999999253,0.0,0.004244365552036555,-0.0020805643145935804,0.0015049064994894223,21.549999237060547,0.050000000000000266,0.25,2.829999999999984,0.011642842728756264
2022-04-11,0.0002085723232081449,0.0016300000000000203,0.0,-0.002654546675552538,0.022956418542896984,0.0005011581261804565,21.15999984741211,0.06000000000000005,0.25,-46.3,-0.0009769264586392268
2022-04-12,-0.002087683430483267,0.0008399999999997299,0.0,-0.01702133458469568,-0.0412418992938095,0.0013017300314404068,24.3700008392334,0.06999999999999984,0.25,116.51,0.0015239812194920432
2022-04-13,0.0003970089775684471,-0.0031200000000000117,0.0,-0.003423300530453588,0.06477709331057291,0.0035960543013233703,24.26000022888184,-0.06999999999999984,0.25,-138.13,0.006630437378383647
2022-04-14,0.00024369101161347828,0.003630000000000244,0.0,0.011112603268902177,0.035639618181054544,-0.004096560316163789,21.81999969482422,-0.020000000000000018,0.25,-12.689999999999998,-0.0037583225493769135
2022-04-18,-0.00027850886155889043,0.00462999999999969,0.0,-0.012218480383507924,0.025569546315068692,0.00439563592983383,22.700000762939453,0.1299999999999999,0.25,51.859999999999985,0.005479625808174404
2022-04-19,-0.0016168964365199656,-0.006679999999999797,0.0,-0.00020488927240691623,0.011712368128923956,0.0045748372973113405,22.170000076293945,0.020000000000000018,0.25,-49.25999999999999,-0.010509201503195342
2022-04-20,0.0011710936412985262,-0.002200000000000202,0.0,0.015930044749387307,-0.05362580575520681,0.0017844785847858091,21.3700008392334,0.08000000000000007,0.25,183.04999999999998,0.0038997311423152325
2022-04-21,0.0007730563301837634,0.000920000000000254,0.0,-0.0006186664061829106,0.0018508840086477463,-0.005661795101053357,20.31999969482422,-0.08000000000000007,0.25,-181.01,0.006733692567118865
2022-04-22,-0.0009681320468182264,0.0011399999999999189,0.0,-0.014862855551310616,0.010070782421812474,0.0018908543251452414,22.68000030517578,0.04999999999999982,0.25,-6.019999999999996,-0.006976668184467627
2022-04-25,0.0021577984915079895,-0.0013299999999998313,0.0,-0.02813207637736781,-0.01671078637261747,0.0063429288970562325,28.209999084472656,0.0,0.25,59.510000000000005,-0.0013332268690771087
2022-04-26,-0.0022274824746730815,0.011159999999999837,0.0,0.0056817651441125605,-0.03519628301880129,0.0052224464768722,27.020000457763672,-0.08999999999999986,0.25,-21.659999999999997,0.0022388825164014747
2022-04-27,0.00888031366531905,0.0015700000000000713,0.0,-0.028550008928597492,0.0315647066403244,0.005390878466330129,33.52000045776367,-0.040000000000000036,0.25,3.1599999999999966,-0.00490525281320231
2022-04-28,-0.0008291874438590696,0.01634000000000002,0.0,0.0020958490249647355,0.0031415665430554185,0.006333701041657314,31.600000381469727,0.04999999999999982,0.25,-60.67,0.004457323264293933
2022-05-09,-0.0012796792172942162,0.6801200000000001,0.0,0.024445655340832317,0.032214223637917705,0.006486984062242129,29.989999771118164,0.03000000000000025,0.25,10.819999999999993,-0.045155227059263225
2022-05-10,0.0029373671227954645,-0.7118000000000002,0.0,-0.07160185537584596,-0.021780705643163145,0.00028946571030985524,34.75,0.19999999999999973,0.75,17.60000000000001,-0.01310434090444268
2022-05-11,0.004283442025577955,0.003029999999999866,0.0,0.002454881760408867,-0.03283503479939398,0.0026015011392512832,32.9900016784668,-0.05999999999999961,0.75,37.94,-0.0005266678156328197
2022-05-12,-0.0021601075110719847,-0.0013299999999998313,0.0,-0.01660023209569772,0.057932164334348,-0.0006738191134783023,32.560001373291016,-0.08000000000000007,0.75,-33.730000000000004,-0.03225720764655016
2022-05-13,0.0015552184709015648,0.0022600000000001508,0.0,-0.0012968049941122217,0.003965244774492227,0.00958320716594141,31.770000457763672,-0.07000000000000028,0.75,42.709999999999994,-0.00027984589567964235
2022-05-17,0.006080409386472141,0.007050000000000001,0.0,0.023589267956868554,0.04026026789661241,-0.0027696968283246193,28.8700008392334,0.0900000000000003,0.75,-4.72999999999999,0.007018910949096124
2022-05-18,0.0008812615752251673,-0.01045000000000007,0.0,0.01601471106373964,0.017138951244094258,-0.011543000027238293,26.100000381469727,0.04999999999999982,0.75,-38.769999999999996,0.022169174949825177
2022-05-19,-0.0009837811678359287,0.0018699999999998163,0.0,-0.041233809291247425,-0.025317854976180776,0.004344235747733016,30.959999084472656,-0.08999999999999986,0.75,-3.4000000000000057,0.004394726897400503
2022-05-20,0.0074496876493306274,-0.0008300000000001084,0.0,-0.005850864777348974,0.02362601145887755,-0.010555429861685894,29.350000381469727,-0.050000000000000266,0.75,59.760000000000005,0.013799182233780627
2022-05-23,-0.007709437646594708,0.0043800000000002726,0.0,0.0001461310919914638,0.00904907045525949,0.004177402484633497,29.43000030517578,-0.06000000000000005,0.75,27.53,-0.01124651673990229
2022-05-24,0.0012435311651000092,-0.0030000000000001137,0.0,0.018384995412059624,-0.02630790935383498,-0.010427416776148668,28.479999542236328,0.08000000000000007,0.75,-49.349999999999994,0.010667736046181986
2022-05-25,-0.0017632336574777696,-0.0007199999999998319,0.0,-0.008153950903556861,-0.004726031501443018,-0.002157510085405434,29.450000762939453,-0.10000000000000009,0.75,0.01999999999998181,-0.004440940079264877
2022-05-27,0.0011348221607558884,0.0037599999999997635,0.0,0.009406385648931703,0.005088654250673841,0.0019615242660186993,28.3700008392334,-0.009999999999999787,0.75,-34.89999999999999,0.020526158259240646
2022-05-30,-0.0035318044497785195,-0.0018099999999998673,0.0,0.04412929620354156,0.04206474481490208,-0.003828595437254556,25.71999931335449,-0.009999999999999787,0.75,44.13000000000001,0.0016082520716107496
2022-05-31,-0.0009741441260828765,-0.0006800000000000139,0.0,0.0,0.0,0.0,25.71999931335449,0.0,0.75,-62.030000000000015,0.015706099105454285
2022-06-02,-0.002171168553697811,0.004490000000000105,0.0,-0.006294135193666506,-0.0034822141011021657,0.0007865680454184343,26.190000534057617,0.10999999999999988,0.75,-10.08999999999999,-3.45608632539296e-05
2022-06-03,-0.0004747447127027016,-0.008360000000000145,0.0,0.010752320374390223,0.0190038073640606,0.0001965078956418509,24.71999931335449,0.06999999999999984,0.75,71.22999999999999,0.00477792531653165
2022-06-06,-0.0072311325072984545,0.007330000000000059,0.0,-0.01648240560981762,0.016968252652057814,0.003629083025514568,24.790000915527344,0.040000000000000036,0.75,19.72,-0.012098420804647958
2022-06-07,0.0002910960205273483,-0.0035600000000002296,0.0,0.003132489407036587,-0.003117521523109623,0.002932869920011072,25.06999969482422,0.08000000000000007,0.75,-36.58,0.006245849159427053
2022-06-08,0.0002910113082918997,-7.999999999963592e-05,0.0,0.009478331531719064,0.007650019638471228,-0.0011721308758474436,24.020000457763672,-0.06000000000000005,0.75,40.38000000000001,0.007292865351875122
2022-06-09,0.0016335304646517557,0.004469999999999974,0.0,-0.010852623040154441,0.022359302629648248,0.0021478209960195116,23.959999084472656,0.04999999999999982,0.75,-57.52000000000001,-0.0014585118994219215
2022-06-10,0.0025212332503610213,-0.0042800000000000615,0.0,-0.024086457665156047,-0.004925701342088473,0.006609669262763518,26.09000015258789,0.010000000000000231,0.75,1.980000000000004,-0.013481023675826265
2022-06-13,0.008004962615116185,0.004430000000000156,0.0,-0.0295424148114094,-0.006937049589774702,0.008969537810954442,27.75,0.10999999999999988,0.75,-18.459999999999994,-0.012953663986086994
2022-06-14,-0.004513366360013649,2.9999999999752447e-05,0.0,-0.039539931990040245,0.0021523364093152253,0.00888979988491645,34.02000045776367,0.28000000000000025,0.75,1.7199999999999989,0.007752076787975071
2022-06-15,0.016973244119824926,-0.0020699999999997942,0.0,-0.0037808180394893753,-0.016676781015592113,0.004178494353134887,32.689998626708984,0.06000000000000005,0.75,25.25,-0.006094098613138144
2022-06-16,-0.003670139729432975,-0.0020900000000003693,0.0,0.014487058836534672,-0.03091095469468641,-0.003417441909967067,29.6200008392334,-0.16000000000000014,0.75,20.19999999999999,0.006157124057500241
2022-06-17,-0.004065005365417207,0.000700000000000145,0.0,-0.03305220711384038,0.019579834081810965,-0.014656197993455855,32.95000076293945,-0.050000000000000266,1.5,48.72,-0.0162092632574371
2022-06-20,0.006456843411898561,0.00558000000000014,0.0,0.0021984473410121552,-0.07073164458114967,0.010272252036461538,31.1299991607666,-0.029999999999999805,1.5,-81.24999999999999,0.005665102847819625
2022-06-21,0.002696693734602462,-0.009700000000000042,0.0,0.0,0.0,0.0,31.1299991607666,0.0,1.5,57.12999999999998,0.009656520943153168
2022-06-22,0.0007893883586032047,0.003410000000000135,0.0,0.02418247496067316,0.009899758176057816,-0.0024863215217632018,30.190000534057617,0.06000000000000005,1.5,-25.309999999999974,-0.008519888867127179
2022-06-23,0.00026972898788102384,0.009919999999999707,0.0,-0.0013024200953584142,-0.04114211488052,-0.0023006671753256214,28.950000762939453,-0.1499999999999999,1.5,-43.140000000000015,0.0019962068793226706
2022-06-24,0.0007615783923196062,0.0013499999999999623,0.0,0.009487072485557135,-0.018246308799802158,0.002204893381994033,29.049999237060547,-0.07000000000000028,1.25,-0.010000000000005116,0.0063627125214651414
2022-06-27,-8.086261797579652e-05,0.0008300000000001084,0.0,0.0301055397299006,0.03162287297550925,-0.002300814557414377,27.229999542236328,0.040000000000000036,1.25,14.900000000000006,-0.0038241530174136784
2022-06-28,-5.389011097101104e-05,-0.010460000000000136,0.0,-0.0029774998903402405,0.01795708204970392,-0.0024023457874360332,26.950000762939453,0.07000000000000028,1.25,29.08,-0.00279737636633115
2022-06-29,-0.0033747332244473682,0.0020900000000003693,0.0,-0.02034867314949551,0.01979012243106304,0.005468947977946392,28.36000061035156,0.0,1.25,-10.97999999999999,-0.007763254301732303
2022-06-30,0.004452246965982454,-0.008560000000000123,0.0,-0.0007119988201722549,-0.017875382060949185,0.005724645595198474,28.15999984741211,-0.10000000000000009,1.25,5.3700000000000045,-0.004441928992410027
2022-07-01,0.0013452615198907836,0.014209999999999834,0.0,-0.008797866246368358,-0.03730595569997597,-0.004003800990449946,28.709999084472656,-0.1200000000000001,1.25,23.039999999999992,-0.01711039479444665
2022-07-04,0.0030135625151839207,-0.009780000000000122,0.0,0.0104985112966407,0.02493240999635926,0.00428916393456813,26.700000762939453,-0.10000000000000009,1.25,19.359999999999985,-0.023100926773036434
2022-07-05,0.000609629854235294,-0.002849999999999575,0.0,0.0,0.0,0.0,26.700000762939453,0.0,1.25,132.1,0.009607649121587514
2022-07-06,0.005143803719342088,-0.0025400000000002088,0.0,0.001582875106192816,-0.08594716213403952,0.012852195563310076,27.540000915527344,-0.06000000000000005,1.25,-193.23999999999998,-0.0085180044301989
2022-07-07,0.001930438276314561,-0.0004900000000001015,0.0,0.003566795705065573,-0.00979658621931545,0.005617978056987383,26.729999542236328,0.11000000000000032,1.25,-25.070000000000007,0.0009289058752308677
2022-07-08,-0.001797184894812176,-0.0002999999999997449,0.0,0.0148537231809307,0.04174316196018779,0.00028006143015701923,26.07999992370605,0.07999999999999963,1.25,2.1500000000000057,0.013086663673504972
2022-07-11,-0.0030292598356194134,0.009979999999999656,0.0,-0.0008306163961275814,0.019854136318212312,-0.0011207166348095043,24.63999938964844,0.08000000000000007,1.25,10.659999999999997,-0.0026851493933008896
2022-07-12,0.0003608126217855556,-0.005939999999999834,0.0,-0.01159441766052538,-0.006702481878399169,0.00939405608596644,26.170000076293945,-0.09999999999999964,1.25,95.97000000000001,-0.0005730578196452285
2022-07-13,0.001275045793205365,-3.0000000000196536e-05,0.0,-0.009286868497493828,-0.08257577818875106,0.0004627984034213384,27.290000915527344,-0.03000000000000025,1.25,-73.63000000000001,-0.011573161064850623
2022-07-14,0.0013934014206284928,-0.0002999999999997449,0.0,-0.004466864111815738,0.0047882543377104625,-0.001018382821644792,26.81999969482422,-0.04999999999999982,1.25,-73.85,0.007365781642086233
2022-07-15,0.001358197194162969,0.0016599999999997728,0.0,-0.0030031388127653713,-0.005414468324593358,0.005357997400631476,26.399999618530277,0.04999999999999982,1.25,150.21,-0.0057236181828859145
2022-07-18,0.0004456119638049927,0.003270000000000106,0.0,0.01901923165863373,0.018721109458313734,-0.004432171247331418,24.229999542236328,-0.029999999999999805,1.25,7.740000000000009,0.0011040580293730784
2022-07-19,-0.003404022861220213,0.0030200000000002447,0.0,-0.008398742485836053,0.050062926236642546,-0.006405766796278911,25.299999237060547,0.029999999999999805,1.25,-27.830000000000013,0.011472599108403259
2022-07-20,-0.0006007409318602441,0.007099999999999884,0.0,0.027253517643730518,0.01566614332926708,-0.006447136852099966,24.5,0.04999999999999982,1.25,-5.759999999999991,0.02037438025098659
2022-07-21,-0.001082257012836152,-0.0027300000000001212,0.0,0.005878493941057883,-0.018985450651782365,0.0037425335775482793,23.8799991607666,0.03000000000000025,1.25,-63.85000000000001,-0.0015448583020685192
2022-07-22,0.004082359266398328,0.0026600000000001067,0.0,0.009813066689504879,-0.059531231518497485,-0.0015888424724863626,23.11000061035156,-0.1299999999999999,1.25,19.429999999999993,0.0033206198289210676
2022-07-25,-0.0011856183371055096,-0.005510000000000126,0.0,-0.009376287293813235,-0.017273411057041166,-0.00168508090109043,23.030000686645508,-0.14000000000000012,1.25,6.060000000000002,-0.004154814364738968
2022-07-26,0.00045309075132493604,0.006510000000000016,0.0,0.0013143029733058142,0.020899402933721944,-0.002345106765170968,23.36000061035156,0.040000000000000036,1.25,-18.19999999999999,0.001912591412416731
2022-07-27,-0.0022008078508637396,-4.999999999988347e-05,0.0,-0.011610342599263745,-0.017946992435663667,0.006645777866585156,24.690000534057617,0.0,1.25,-25.939999999999998,0.003874977925379497
2022-07-28,0.0003204056473684602,0.0014699999999998603,0.0,0.025820048778628646,0.023721448475201967,-0.00692762080883913,23.239999771118164,-0.03000000000000025,1.25,87.31,0.008459225593304254
2022-07-29,-0.004589071128529909,-0.007319999999999993,0.0,0.012060319791912022,-0.008674196952688007,-0.0009398353724892061,22.32999992370605,-0.09999999999999964,2.0,-70.99000000000001,-0.0008187909925325698
2022-08-01,-0.004374561300842572,0.0049600000000000755,0.0,0.014107775781754484,0.022560478659059413,-0.004240260282498909,21.32999992370605,-0.010000000000000231,1.9899999999999998,19.22999999999999,0.0025373972220883445
2022-08-02,-0.001556834810644503,0.0013999999999998458,0.0,-0.002827076544916096,-0.04915023087638559,-0.004258389031583931,22.84000015258789,-0.06999999999999984,2.0,11.090000000000003,0.002776258303752499
2022-08-03,0.0008090615328075756,0.0007399999999999629,0.0,-0.006684688378872039,0.005629017955736337,0.007463787636078578,23.93000030517578,0.1499999999999999,2.0,-44.66,0.008333273126021723
2022-08-04,0.0035050785888799396,0.0005300000000003635,0.0,0.015517456270091046,-0.040636609818898606,0.0025382318911608692,21.950000762939453,-0.020000000000000018,2.0,19.03,0.0015191993687189154
2022-08-05,0.0006646765951980882,0.0009600000000000719,0.0,-0.0007776424495844481,-0.023661848262321428,-0.007728593390747385,21.440000534057617,-0.04999999999999982,1.5,-37.25999999999999,0.003861783185440615
2022-08-08,-0.0010273600830537077,0.0005899999999998684,0.0,-0.0016270690189177373,0.00529430932646946,0.00876083303414621,21.149999618530277,0.1499999999999999,1.5,29.0,0.0003096828635200666
2022-08-09,8.732106936015782e-05,-0.0004500000000002835,0.0,-0.0012383171221213018,0.019469936478044403,-0.0016896681086793208,21.290000915527344,-0.06000000000000005,1.5,120.44999999999999,0.002259489033860973
2022-08-10,-0.0036880908324459227,0.0019400000000002748,0.0,-0.004257744235927063,-0.002868832742896288,-0.0006578609618177467,21.770000457763672,0.029999999999999805,1.5,-38.829999999999984,-0.0023460307080380716
2022-08-11,0.0017178719906461026,-0.0019900000000001583,0.0,0.021067158460407853,0.0156775704894363,-0.011060336790090552,19.739999771118164,-0.020000000000000018,1.5,-104.75000000000001,0.01040942934818112
2022-08-12,-0.00674015861197752,0.008199999999999985,0.0,-0.0007057229222020567,0.02587781784259402,-0.0010461802643630946,20.200000762939453,0.0900000000000003,1.5,15.060000000000002,-0.004353911257332754
2022-08-15,-0.0022183845292751414,-0.008280000000000065,0.0,0.017174046951492272,-0.024138919071270415,0.005125304803016206,19.530000686645508,-0.03000000000000025,1.5,-50.81,-0.005062530492882189
2022-08-16,-0.004301504998538874,0.005730000000000235,0.0,0.003961684056234205,-0.029533746260804072,0.008671991353024211,19.950000762939453,-0.04999999999999982,1.5,97.08,0.005648150448715583
2022-08-18,0.007840432935960706,0.0014099999999999113,0.0,0.0018739228259470053,-0.032741413194471214,-0.00046940203670153835,19.690000534057617,0.029999999999999805,1.5,-41.69,0.007416924897523103
2022-08-19,-0.0008328079728485704,0.0007999999999999119,0.0,-0.00499712526126217,0.04485869019451538,0.009159829830910127,19.559999465942383,0.06000000000000005,1.5,-11.269999999999996,-0.001967272884929372
2022-08-22,0.005511742264818764,0.00021000000000004349,0.0,-0.012983928713039106,0.002978946849800934,0.0063992317342433935,20.600000381469727,0.10000000000000009,1.5,5.819999999999993,-0.00902657247723404
2022-08-23,-0.0009906894242330821,0.0023599999999999177,0.0,-0.0216323664664948,-0.005966794345088289,0.008102473917944941,23.799999237060547,0.04999999999999982,1.5,70.53000000000002,0.0077473957279377
2022-08-24,0.006887426645009853,0.031090000000000284,0.25,-0.0022403704344373665,0.038162966495077555,-0.00395094273972596,24.11000061035156,0.020000000000000018,1.5,-75.71000000000001,0.0043795836897349005
2022-08-25,-0.0056071461561266744,0.2350699999999999,0.25,0.0029119166987232603,0.012193349847795076,0.0005522094733159122,22.81999969482422,0.06000000000000005,1.5,43.97999999999999,-0.0028531120293120438
2022-08-26,-0.00033675703298641224,0.028499999999999748,0.25,0.013993241836107728,-0.025293518473556986,-0.0019341390602107822,21.780000686645508,-0.08000000000000007,1.5,-70.91999999999999,-0.005445358238409526
2022-08-29,-0.004861917876251454,-0.009830000000000005,0.25,-0.03426857631703939,0.005819619101838924,0.0030377141651287687,25.559999465942383,0.010000000000000231,1.5,55.50999999999999,-0.00044901651081730165
2022-08-30,0.0025689576053640195,0.02787000000000006,0.25,-0.006688675197326077,0.0415696678121682,0.00036751779723509514,26.209999084472656,0.08000000000000007,1.5,-24.36,0.0038383964816688376
2022-08-31,0.005655438220410147,0.02324000000000037,0.25,-0.011089416492115589,-0.05694623706893953,-0.0006433500252418511,26.209999084472656,-0.010000000000000231,1.5,-14.289999999999992,0.002666568079934706
2022-09-01,-0.003025720916536301,-0.01479000000000008,0.25,-0.007847738208154098,-0.023070688339442036,-0.0006437641909649017,25.8700008392334,0.040000000000000036,1.5,43.22999999999999,-0.0035565742583276716
2022-09-02,0.0003366436658609473,0.059699999999999864,0.25,0.002991752267195835,-0.033381873195454936,0.009066461628455258,25.559999465942383,0.10999999999999988,1.5,-50.52999999999999,0.0033600477564643683
2022-09-05,0.003165607490357658,-0.013040000000000163,0.25,-0.010794552570724036,0.0029974904989016338,-0.0014597544898355963,25.46999931335449,-0.05999999999999961,1.5,-10.700000000000003,0.007592982257580871
2022-09-06,-0.0008122697090104936,0.06227000000000027,0.25,0.0,0.0,0.0,25.46999931335449,0.0,1.5,93.46,0.0001758685590598219
2022-09-07,-0.0005172724670057249,0.011130000000000084,0.25,-0.004103464690896175,0.00011504468313017213,0.006189155205599484,26.90999984741211,0.1299999999999999,1.5,-67.14,-0.006435283455338947
2022-09-08,0.0014570590703755215,0.020199999999999996,0.25,0.018174848666170362,-0.058540522658338645,-0.0033629002770174665,24.63999938964844,-0.06000000000000005,1.5,-3.8900000000000006,0.006277982135358684
2022-09-09,-0.002600008556980171,0.01925999999999961,0.25,0.006588966880441305,0.019338268114405643,-0.0011842156348933486,23.61000061035156,0.020000000000000018,1.5,-40.04,0.001469970879449889
2022-09-12,0.0018146629945743342,-0.03775999999999957,0.25,0.015156014981211996,0.038165848176740624,-0.0064926302552796855,22.790000915527344,0.040000000000000036,0.75,18.410000000000004,0.0016290281631530235
2022-09-13,-0.004664259205158672,0.060479999999999645,0.25,0.010528651483996398,0.011342252148776488,-0.006165741369104083,23.8700008392334,0.040000000000000036,0.75,96.34,0.008722283247635687
2022-09-14,0.002405536899358296,0.03198999999999996,0.25,-0.044199163031974464,-0.005368694493483872,0.013660518211814576,27.270000457763672,0.04999999999999982,0.75,-67.02000000000001,-0.005472434926712566
2022-09-15,0.006453466021827836,-0.0018099999999998673,0.25,0.003381289078845384,0.01331159985383934,-0.0014579557008271848,26.15999984741211,-0.009999999999999787,0.75,21.38000000000001,0.003774490856372381
2022-09-16,-0.002671613486196378,0.008780000000000232,0.25,-0.011382272168150465,-0.038949558065144885,0.0007292087935137914,26.270000457763672,0.040000000000000036,0.75,1.8499999999999943,-0.018893266971657496
2022-09-19,0.001246263612079801,-0.05908000000000024,0.25,-0.007208049775663028,0.00011752701128919796,0.0001822712757757472,26.299999237060547,0.0,0.75,4.719999999999999,0.003706076723217322
2022-09-20,0.0008300239293070888,0.09362000000000004,0.25,0.00683369772470499,0.007258317187514685,-0.0001822712757757472,25.76000022888184,0.040000000000000036,0.75,-58.209999999999994,0.00020335384640191023
2022-09-21,0.0026593675223889335,-0.013869999999999827,0.25,-0.011336114736598901,-0.01504325473076129,0.004364467365699731,27.15999984741211,0.07999999999999963,0.75,13.519999999999996,-0.001200840997658048
2022-09-22,0.001520271085547975,-0.04300000000000015,0.25,-0.017264674098507626,-0.018042122862901522,0.0038033023097083785,27.989999771118164,-0.06000000000000005,0.75,-7.730000000000004,0.004246737876142603
2022-09-23,0.0006927221074075618,0.21275999999999984,0.75,-0.008463293830454077,0.006609354365198605,0.006396698159980119,27.350000381469727,0.1900000000000004,1.5,68.32,-0.00560137395905258
2022-09-26,0.0005058717173813676,0.11037000000000008,0.75,-0.017382828767329883,-0.05857558023383547,0.016389464213498073,29.920000076293945,-0.010000000000000231,1.5,-5.329999999999984,-0.007141058066586936
2022-09-27,0.0002927972102639842,0.08288999999999991,0.75,-0.010394360890281007,-0.02611919234912019,0.008007399281431127,32.2599983215332,0.18999999999999995,1.5,-47.91000000000001,-0.0021142931364348527
2022-09-28,0.011443815975912486,0.02829000000000015,0.75,-0.0021226109548244665,0.023066558752073085,8.765730053017506e-05,32.599998474121094,0.0900000000000003,1.5,109.02,-0.004992223906596038
2022-09-29,-0.002423336744016069,0.026860000000000106,0.75,0.0194811441811531,0.0454482382692154,-0.013321198641120802,30.18000030517578,-0.25,1.5,-39.19,-0.005786433912778222
2022-09-30,0.0005338788542399442,0.034170000000000034,0.75,-0.021352794823098264,-0.011262184668438202,-0.0031131755319036003,31.84000015258789,0.03999999999999959,1.5,-62.66999999999999,0.0006534930475314837
2022-10-03,-6.5639363437952625e-06,0.013789999999999747,0.75,-0.015181351546209143,-0.021653477678323263,-0.0011587758289692829,31.6200008392334,0.07000000000000028,1.5,99.72,-0.004424055265555893
2022-10-04,0.0030135239966480043,0.004669999999999952,0.75,0.02555457753092938,0.050771073840549796,-0.0033055172997160653,30.100000381469727,-0.16000000000000014,1.5,-46.81,0.0088820642203995
2022-10-05,0.00452296664344054,-0.008299999999999752,0.75,0.030125341416800566,0.03397328773398023,-0.015147709230938666,29.06999969482422,-0.04999999999999982,1.5,2.759999999999991,0.0004423219933205047
2022-10-06,-0.007220247973485527,0.001100000000000101,0.75,-0.0020199875589383964,0.014230278023360299,0.009044106168690114,28.549999237060547,0.13999999999999968,1.5,4.450000000000017,0.00017499725403880007
2022-10-07,0.0017573610831345121,-0.002420000000000311,0.75,-0.010297922911394863,0.007831545794454442,0.010656998111934435,30.520000457763672,0.07000000000000028,1.5,15.72999999999999,-0.00706780338602897
2022-10-10,0.0005982157709816249,-0.016880000000000006,0.75,-0.02840319653147816,0.04628362113309947,0.00479873757518412,31.36000061035156,0.06000000000000005,1.5,-29.150000000000006,-0.0046199029333848785
2022-10-11,0.001982824744480638,0.04377000000000031,0.75,-0.007520673133653233,-0.01643397886739084,0.003009618401804026,32.45000076293945,0.0,1.5,41.58000000000001,-0.007930545922604892
2022-10-12,0.006342170396987257,-0.012150000000000105,0.75,-0.006540518412323948,-0.01972580384098155,0.000706854869853224,33.630001068115234,0.040000000000000036,1.5,-25.55000000000001,-0.004323413710816126
2022-10-13,-0.0002933363774442199,-0.007010000000000183,0.75,-0.0032961996501654767,-0.02355450181873575,0.0008828328790659867,33.56999969482422,-0.020000000000000018,1.5,31.0,-0.004145666343150722
2022-10-14,-0.0012982567609913787,0.004650000000000265,0.75,0.025634259307631524,0.020864845764892337,-0.008507664601121512,31.940000534057617,0.06000000000000005,1.5,-17.829999999999984,-0.009652425116810193
2022-10-17,0.0029593596590249405,-0.03611999999999993,0.75,-0.02394712074452876,-0.040069462590208715,0.008419396178068972,32.02000045776367,0.029999999999999805,1.5,11.909999999999997,0.0024308792090383946
2022-10-18,0.0036382576515254783,0.04974999999999996,0.75,0.02613552455756185,-0.0017536863808924608,-0.011271445282878823,31.3700008392334,0.019999999999999574,1.5,-51.77000000000001,0.0004945123523043549
2022-10-19,0.0013868712232287805,-0.01053000000000015,0.75,0.01136276820708737,-0.031378845070331174,0.0008029294148261812,30.5,-0.009999999999999787,1.5,-55.81,0.0037856262890905157
2022-10-20,0.0016047709650433006,-0.027569999999999872,0.75,-0.006694455239685482,0.032431461577801635,0.007551953631584674,30.76000022888184,0.1299999999999999,1.5,-2.6899999999999977,0.01737421787328053
2022-10-21,0.009895134088084845,0.3285,1.25,-0.007982686738765565,0.00501371410091167,-0.0008855583970674985,29.979999542236328,0.10000000000000053,1.5,7.689999999999998,0.0053033442435594935
2022-10-24,-0.003720099216801387,0.02939999999999987,1.25,0.023447759860447448,-0.01087539538753024,-0.007737111117251949,29.690000534057617,-0.03000000000000025,0.75,28.99000000000001,0.005013643239925258
2022-10-25,0.004104148379813211,0.09464999999999968,1.25,0.011811940205111782,-0.0055415010306631984,-0.0001786095760190065,29.850000381469727,0.040000000000000036,0.7600000000000002,60.94999999999999,-0.0006615023740774717
2022-10-26,-0.002531038595877888,0.0030999999999998806,1.25,0.01613577001587352,0.008711036333179045,-0.009329940646513712,28.459999084472656,-0.15000000000000036,0.75,-63.33999999999999,-0.0006302608057282555
2022-10-27,-0.002408827102994948,0.012600000000000833,1.25,-0.007415140398988385,0.029904715494257772,-0.011330282410837889,27.280000686645508,-0.05999999999999961,0.75,-20.14,0.006766194445493312
2022-10-28,-0.0029821129734148855,-0.002380000000000493,1.25,-0.006101185053184466,0.013221257423768229,0.008080296510916796,27.38999938964844,-0.08000000000000007,0.75,65.97999999999999,-0.005049727039907026
2022-10-31,0.003316496273415126,-0.06879999999999953,1.25,0.024328036770855377,-0.013335040893947436,0.000723147758539433,25.75,0.05999999999999961,0.75,53.5,0.0060544598975109665
2022-11-01,-0.0003215082582777029,0.03062999999999949,1.25,-0.007482327030336577,-0.015708661539025393,0.00774081832986262,25.8799991607666,0.08000000000000007,0.75,-43.16,-0.0065841913371720295
2022-11-02,0.006397814263632284,0.01902000000000026,1.25,-0.00410966372035837,0.021041416099027543,-0.00044836933520375766,25.809999465942383,-0.02999999999999936,0.75,-33.64999999999999,-0.005205200697783852
2022-11-03,0.0026165495639070002,0.002060000000000173,1.25,-0.025319843737483083,0.018277093719872184,-0.0011668527262473916,25.86000061035156,0.02999999999999936,0.75,-29.28,0.0026879656137506203
2022-11-04,0.0003823360780668139,0.0011599999999996058,1.25,-0.010642422531956797,-0.0205429219986506,0.01408978043799447,25.299999237060547,0.040000000000000036,1.5,42.52999999999999,0.001555900230112428
2022-11-07,0.005337412594720092,0.02104999999999979,1.25,0.013526823285562983,0.049130385441120694,-0.01831964976709166,24.549999237060547,0.03000000000000025,1.5,-18.659999999999997,0.008039264492460063
2022-11-08,-0.010863612152903102,-0.011699999999999378,1.25,0.009568061679360085,-0.00889376456758395,-0.006877805454706731,24.350000381469727,0.04999999999999982,1.5,123.45000000000002,-0.007386705677092209
2022-11-09,0.004187383254159016,0.01126999999999967,1.25,0.0055822828287599435,-0.03187870588315622,-0.004550840542671963,25.540000915527344,-0.08000000000000007,1.5,-121.92000000000002,0.0028268731355183263
2022-11-10,-0.0019157093981387874,0.002869999999999706,1.25,-0.020996784712302485,-0.035256046258361984,0.008448070235228755,26.09000015258789,-0.019999999999999574,1.5,23.0,-0.014711051386697704
2022-11-11,0.001692398979781018,-0.006109999999999616,1.25,0.05395251566479686,0.007428930025776381,-0.0213941597857783,23.530000686645508,-0.30000000000000027,1.5,-27.03,0.017412045841215473
2022-11-14,-0.011003752175424708,0.019509999999999472,1.25,0.009198312304770084,0.02838927312141326,-0.017902558963927895,22.520000457763672,0.0,1.5,64.41,-0.009896735870883688
2022-11-15,-0.0016852650278469383,-0.01733999999999991,1.25,-0.008975940544917904,-0.03535226354107923,0.003475023347901285,23.729999542236328,0.06000000000000005,1.5,31.54000000000002,0.0022921438465353106
2022-11-16,0.003625292239773259,-0.006069999999999354,1.0,0.008675376414668534,0.012153577652508574,-0.002440648258366096,24.540000915527344,-0.08000000000000007,1.5,-120.43,-0.0030058934513572666
2022-11-17,0.0017306469678572967,0.009549999999999947,1.0,-0.008286283111873516,-0.015419723215384984,-0.001128481842625817,24.11000061035156,-0.1299999999999999,1.5,12.739999999999995,0.004353267595504917
2022-11-18,0.006279656673383371,0.2562099999999994,1.5,-0.0030941046442301,-0.04724908064135658,0.003850346680662753,23.93000030517578,0.10000000000000009,1.5,-16.61,0.0052657972356975336
2022-11-21,0.0041434322226923115,0.08715000000000028,1.5,0.004747295648158456,-0.019293172593227048,0.00224696153599524,23.1200008392334,0.04999999999999982,1.5,42.16999999999999,-0.0026770618804974333
2022-11-22,-0.005780006027471529,0.13665000000000038,1.5,-0.0038912498002758866,-0.004380189254110434,0.008474195582723887,22.36000061035156,0.010000000000000231,1.5,-11.159999999999982,-0.0046345424414528935
2022-11-23,0.008003994235648904,0.02228999999999992,1.5,0.013488606269829617,0.015185673806176858,-0.005765803420842985,21.290000915527344,-0.07000000000000028,1.5,3.280000000000001,0.003341946918046901
2022-11-24,-0.005345904668159207,0.01698999999999984,1.5,0.005897266041737126,-0.03789231118961123,-0.01068926608579801,20.350000381469727,-0.04999999999999982,1.5,57.86999999999999,0.003734389260227289
2022-11-25,-0.0032853596606994273,-0.006450000000000067,1.5,0.0,0.0,0.0,20.350000381469727,0.0,1.5,42.870000000000005,-0.003872352782490651
2022-11-28,-0.0009351351576363243,-0.0010099999999999554,1.5,-0.0002830842622021379,-0.021528566505445212,-0.001131887935067688,20.5,-0.029999999999999805,1.5,-36.99000000000001,-0.005087530580226485
2022-11-29,0.004482065441122174,-0.0003700000000002035,1.5,-0.015564696794065469,0.012506665173971143,0.0067720464109211065,22.209999084472656,0.009999999999999787,1.5,-6.2099999999999795,-0.0007539955611708393
2022-11-30,0.004512923598410268,-0.013099999999999667,1.5,-0.001593133701623728,0.012352178622964338,0.0013114698802292324,21.88999938964844,0.06000000000000005,1.5,-92.53000000000002,0.009826555275600057
2022-12-01,-0.0012391772179061178,0.010799999999999699,1.5,0.030478643521295368,0.02960853898325677,-0.008177916144155084,20.57999992370605,-0.06999999999999984,1.5,-0.6199999999999903,-0.008581710159907274
2022-12-02,-0.005867176679020147,0.010450000000000514,1.5,-0.000868009829606109,0.008283389778253714,-0.011581614072280644,19.84000015258789,-0.15000000000000036,1.5,87.21000000000001,-0.00016581564468332033
2022-12-05,-0.018006294819551627,0.00046999999999997044,1.5,-0.0011953746637622942,-0.01538489189690484,-0.0017201867741727384,19.059999465942383,-0.020000000000000018,1.5,-129.08,-0.004613574346297611
2022-12-06,0.004256500829722398,-0.006610000000000227,1.5,-0.01805624963097152,-0.038880723953062635,0.007053001499860656,20.75,0.0900000000000003,1.5,139.10999999999999,-0.013654246355297772
2022-12-07,0.006418615005314265,0.006520000000000081,1.5,-0.014503869422986426,-0.03545814375496281,0.00275052017432742,22.170000076293945,-0.0900000000000003,1.5,-81.45999999999998,-0.010767537294201546
2022-12-08,0.006595355548931536,-0.0017500000000003624,1.5,-0.0018641072533824854,-0.030632749756287048,-0.004556713373736088,22.68000030517578,-0.08999999999999986,1.5,45.69,-0.002132412865575972
2022-12-09,-0.0017297163094145418,0.020330000000000403,1.5,0.007493634413933137,-0.0076671881430039335,-0.00314482404066041,22.290000915527344,0.06000000000000005,1.5,-69.56,-0.013182617316815026
2022-12-12,-0.0003847880506668844,-0.07246000000000041,1.5,-0.00737671946421159,-0.006176359536017806,0.0003817245645558742,22.82999992370605,0.08999999999999986,1.5,32.5,0.0028750357436546636
2022-12-13,-0.0005132811610177868,0.06845999999999997,1.5,0.014178307299649973,0.029823995623774024,0.0030484895737137307,25.0,0.040000000000000036,1.5,55.389999999999986,0.011202046794275944
2022-12-14,0.006033603321588643,0.005130000000000301,1.5,0.007263223255456808,0.029889156256413862,-0.010999048222175567,22.549999237060547,-0.10000000000000009,1.5,-47.349999999999994,-0.0012587209507497477
2022-12-15,-0.0077871489132324,0.003230000000000288,1.5,-0.0060711166238363035,0.024760541980726636,-0.0020217259725496817,21.13999938964844,-0.019999999999999574,1.5,-1.4499999999999886,-0.007361786205970944
2022-12-16,-0.004749390758695071,-0.023020000000000707,1.0,-0.0252374779018254,-0.01525550380977947,0.007584166699198036,22.82999992370605,-0.050000000000000266,1.25,-5.950000000000003,0.008896073598400278
2022-12-19,0.009322728016224247,-0.017539999999999445,1.0,-0.011200239946012047,-0.024203304811225124,0.0013380427622182722,22.6200008392334,0.040000000000000036,1.25,-15.88000000000001,-0.00478148192104122
2022-12-20,-0.0006465425982753459,0.009509999999999685,1.0,-0.009048328941103634,0.012041910372351694,0.00019104452962093177,22.420000076293945,0.08999999999999986,1.25,-11.799999999999997,-0.00168029450844287
2022-12-21,-0.00310424321180669,-0.0006899999999996353,1.0,0.0010368006978893618,0.01189852620001286,-0.007187725527677102,21.479999542236328,0.1200000000000001,1.25,-14.429999999999993,0.007704394404814963
2022-12-22,-0.0007389914709694523,-0.0041799999999998505,1.0,0.014758548669055571,0.02850309055409994,0.0018258058879627725,20.06999969482422,-0.009999999999999787,1.25,74.78999999999999,0.0005524392472544548
2022-12-23,-0.0027680342113072243,0.10083999999999982,1.25,-0.014557142498146547,-0.010271024405837714,0.002588779794998608,21.96999931335449,-0.010000000000000231,1.25,-48.94,-0.003487577007325271
2022-12-26,0.0032179201406794533,0.059470000000000134,1.25,0.005850952271915233,0.026362555091380635,-0.0011497821311721168,20.8700008392334,0.08000000000000007,1.25,-14.549999999999997,0.005153137641274341
2022-12-27,0.00018634713060805552,0.024649999999999395,1.25,0.0,0.0,0.0,20.8700008392334,0.0,1.25,86.14999999999999,0.012678387167309069
2022-12-28,0.002636882206935809,-0.020369999999999777,1.25,-0.0040578440346585865,-0.0003771296793377843,-0.0012470360362275557,21.649999618530277,0.08999999999999986,1.25,-100.66,-0.010528516201976146
2022-12-29,0.0006725488251717593,0.022529999999999717,1.25,-0.012093470442948728,-0.007192910089678151,0.002684038997412763,22.13999938964844,0.040000000000000036,1.25,16.27000000000001,0.0013941231497192064
2022-12-30,0.010921414654163186,-0.013370000000000104,1.25,0.017310634314993578,-0.007117436711298275,-0.005952996554838386,21.440000534057617,-0.04999999999999982,1.25,37.78999999999999,-0.0013796541201607226
2023-01-02,-0.010761350628211375,0.0455400000000008,1.25,-0.002543975646110752,0.023447444636044423,-0.0030864193642168303,21.670000076293945,0.04999999999999982,1.25,75.61000000000001,5.3241375203683106e-05
2023-01-03,-0.0071445522489899105,-0.06387000000000054,1.25,0.0,0.0,0.0,21.670000076293945,0.0,1.25,-13.969999999999999,0.005498505252594654
2023-01-04,0.0026530464626919326,0.016329999999999956,1.25,-0.004008572481273731,-0.04237547001737596,0.009613610210076118,22.899999618530277,-0.08999999999999986,1.25,-67.82000000000001,-0.01102318296634408
2023-01-05,0.0014009349324091147,0.008729999999999905,1.25,0.007510694562139264,-0.054630716854441985,-0.0025865478558806387,22.01000022888184,-0.10000000000000009,1.25,-3.3100000000000023,-0.023673342439321843
2023-01-06,-0.0007580548074059834,0.0019200000000001438,1.25,-0.011713869136457333,0.01133043125657096,0.007549378031617593,22.459999084472656,0.020000000000000018,1.25,61.80999999999999,0.004605851066509459
2023-01-09,0.0038486256612948466,-0.038439999999999586,1.25,0.022583835589031764,0.0013564635509055734,-0.011104878355931547,21.1299991607666,-0.16000000000000014,1.25,-17.129999999999995,0.0005544126737966337
2023-01-10,-0.0011338176444031234,0.04204000000000008,1.25,-0.0007679273259917352,0.011590434949835249,-0.008507372124960888,21.96999931335449,-0.020000000000000018,1.25,-6.4199999999999875,-0.00988172394198017
2023-01-11,-0.0014302863245347908,0.02629999999999999,1.25,0.006953997970594372,0.0065443371219586766,0.002327365928889158,20.57999992370605,0.08000000000000007,1.25,233.93999999999997,-0.005761511551543919
2023-01-12,-0.0032852112862578053,0.006959999999999411,1.25,0.012767571192293659,0.030029147061982897,-0.00048438137157269523,21.09000015258789,-0.06999999999999984,1.25,-22.859999999999957,0.00688357861872646
2023-01-13,-0.007426641800543976,-0.03777000000000008,0.75,0.0034100849120424215,0.012580341889957936,-0.00915117786404096,18.82999992370605,-0.10999999999999988,1.25,-174.42000000000002,0.0017926779192318776
2023-01-16,-0.01582456352914896,0.011900000000000688,0.75,0.003988892144656475,0.018578748863303574,-0.0004891470139511966,18.350000381469727,0.06000000000000005,1.25,-47.22,0.006935878058266454
2023-01-17,-0.003777240493562317,0.007629999999999804,0.75,0.0,0.0,0.0,18.350000381469727,0.0,1.25,24.5,0.011784658981975227
2023-01-18,-0.002172403552634705,0.01004999999999967,0.75,-0.0020325554309970073,0.003999001742649888,0.0018573977167184452,19.36000061035156,0.03999999999999959,1.25,-92.92,-0.00022961597298554182
2023-01-19,0.005290317853656745,0.00041000000000046555,0.75,-0.015684966977744352,-0.008768651100673708,-0.00029302837129652204,20.34000015258789,-0.1599999999999997,1.25,236.74,0.00796740786307737
2023-01-20,-0.004362489567862227,0.11456,1.0,-0.0076676719018120565,0.010637713060058118,-0.0029351655398413,20.520000457763672,0.020000000000000018,1.25,-204.13000000000002,0.008035760678430037
2023-01-24,0.0029764879599856187,0.05693999999999999,1.0,0.01874167355235201,0.012125807213962503,-0.0004899830787303827,19.850000381469727,0.08999999999999986,1.25,13.799999999999997,-0.0020497049430936443
2023-01-25,-0.00888953711238294,0.044019999999999726,1.0,0.011099559587036012,-0.014618698680438413,-0.0008826947775641969,19.200000762939453,-0.020000000000000018,1.25,3.3900000000000006,-0.004517473989675835
2023-01-26,-0.0034376337565955595,0.04052999999999951,1.0,-0.0001817415734652883,0.0002496165799490413,-0.0027510214113162235,19.07999992370605,0.0,1.25,-9.900000000000006,0.005095058436367594
2023-01-27,-0.0011239508898910344,0.052250000000000796,1.0,0.010947708029114267,0.010672732119007655,0.0019657658427805202,18.729999542236328,0.03000000000000025,1.25,-40.849999999999994,0.004964204508036474
2023-01-30,0.0002543274489070768,-0.042030000000000456,1.0,0.0024917340217047723,-0.01655401310600002,0.0008833878845848631,18.51000022888184,0.029999999999999805,0.5,38.36,-0.0038485431501182887
2023-01-31,0.0018654425583264356,0.07934000000000019,1.0,-0.01305356931529289,-0.022592644641995285,0.003427832313775525,19.940000534057617,0.029999999999999805,0.5,80.08999999999999,-0.004833671682312968
2023-02-01,0.0016418679263736635,0.02984999999999971,1.0,0.014536304416418844,0.012374989769701195,-0.0017614282623963362,19.399999618530277,-0.029999999999999805,0.5,-32.78999999999999,0.003345016296760761
2023-02-02,-0.0002867903493299906,0.011250000000000426,1.0,0.010398056296885727,-0.03168733664749546,-0.008656332379842091,17.8700008392334,-0.1299999999999999,0.5,-20.97999999999999,0.004117553360529769
2023-02-03,-0.00909351293707239,0.06329999999999991,1.0,0.014592384626853416,-0.006960516716146614,0.0052224464768722,18.729999542236328,0.009999999999999787,0.75,-20.220000000000013,0.003066179859708029
2023-02-06,0.0017487225333425727,-0.0786699999999998,1.0,-0.010408592637284997,-0.03336543063000175,0.011433145299790226,18.32999992370605,0.1299999999999999,0.75,-1.1799999999999926,-0.005504472178065711
2023-02-07,0.01320453941598565,0.09418999999999933,1.0,-0.006159393193939877,0.00976280595859702,0.006778418270439346,19.43000030517578,0.10000000000000009,0.75,103.22,0.008908648495415505
2023-02-08,0.008005656988332888,-0.003889999999999283,1.0,0.012790364037398305,0.040071460668805514,-0.0018353295526685187,18.65999984741211,0.040000000000000036,0.75,-28.689999999999998,0.0006952208598516307
2023-02-09,-0.003492935307342293,-0.017100000000000115,1.0,-0.011142573012412171,0.017094456827861038,-0.00019335372988926736,19.6299991607666,-0.040000000000000036,0.75,-50.71000000000001,-0.0061801565820278626
2023-02-10,-0.001982554178317386,0.05021999999999949,1.0,-0.008869009831038,-0.005238671219238711,-0.0018390600635687093,20.709999084472656,0.040000000000000036,0.7400000000000002,-10.569999999999993,-0.0024730032586717243
2023-02-13,0.0015203096427303109,-0.10799999999999965,0.5,0.0021928557092181222,0.02104278018052952,0.003964192145582857,20.530000686645508,0.07000000000000028,0.75,-29.24000000000001,0.002875235735707804
2023-02-14,0.002783453858004492,0.1802999999999999,0.5,0.011383569951155081,0.0052545869349556185,-0.002705565328802173,20.34000015258789,-0.020000000000000018,0.75,-29.769999999999996,0.006027305989194431
2023-02-15,0.0018951484622995451,-0.11526999999999976,0.5,-0.00028045385549368973,-0.013568070603816373,-0.0011617303671167534,18.90999984741211,0.04999999999999982,0.75,35.68000000000001,-0.003942863022107446
2023-02-16,-0.002105956684884447,0.005199999999999427,0.5,0.002769337533075955,-0.005962608707683614,0.006661813746023704,18.229999542236328,0.040000000000000036,0.75,94.86999999999999,-0.0027333466933470163
2023-02-17,0.0020402126264809084,0.06793000000000049,0.5,-0.013884689204880729,-0.0012732173583041018,-0.0005775104496468231,20.170000076293945,0.04999999999999982,0.75,22.569999999999993,7.2225832337124984e-06
2023-02-20,-0.0044807665900883364,-0.09140000000000015,0.5,-0.002771242172283195,-0.027774201576087343,0.0,20.020000457763672,-0.040000000000000036,0.75,-125.35,-0.00014460321632192574
2023-02-21,0.001122075296766667,0.20054999999999978,0.5,0.0,0.0,0.0,20.020000457763672,0.0,0.75,-9.0,-0.0030958513277923316
2023-02-22,0.00023085929228727764,-0.04218999999999973,0.5,-0.02024478397347096,-0.0023605607785119886,0.003076330953509121,22.8700008392334,0.13000000000000034,0.75,-19.919999999999987,-0.009272197470185262
2023-02-23,0.0046388528843959165,-0.04652999999999974,0.5,-0.001574795485643321,-0.029447290678574767,0.003927734505865033,22.290000915527344,-0.020000000000000018,0.75,71.43,0.004320530827376601
2023-02-24,-0.0026951536445789515,-0.015179999999999971,0.5,0.005315278263237744,0.01928548423873444,9.56272908476663e-05,21.13999938964844,-0.050000000000000266,0.75,48.0,0.0025002980995996182
2023-02-27,0.0011841327612174268,-0.0458400000000001,0.5,-0.010593464619775617,0.012260391013708904,0.005814807075221751,21.670000076293945,0.07000000000000028,0.75,-105.98000000000002,-0.00026245643489630766
2023-02-28,0.0031312001877008555,0.07972999999999963,0.5,0.0030682925395524308,-0.008421094365324677,-0.005145817745095371,20.950000762939453,-0.03000000000000025,0.7400000000000002,48.27000000000001,-0.0016846365170142263
2023-03-01,-0.003196948568671587,0.039380000000000415,0.5,-0.0030406198309478327,0.017940672597551277,0.0019089876634668101,20.700000762939453,0.0,0.7400000000000002,-42.24000000000001,0.0002479900582681438
2023-03-02,0.0020361923682692407,-0.03404000000000007,0.5,-0.0047364642034928295,0.008271979013679598,-0.0037258163786271226,20.57999992370605,0.08999999999999986,0.75,-9.049999999999997,0.001821440319071499
2023-03-03,0.0001968310212028257,0.05554999999999932,0.5,0.007553593731197239,0.006031474201232179,0.00525031435422374,19.59000015258789,0.07000000000000028,0.7400000000000002,79.50000000000001,-0.006404622055482534
2023-03-06,0.005169322814925437,-0.16757999999999917,0.5,0.016018749176483382,0.019260562517824376,-0.00486760347746884,18.489999771118164,-0.10999999999999988,0.7400000000000002,-68.78000000000002,-0.0009742942757036133
2023-03-07,-0.004375856325879113,0.1389699999999996,0.5,0.0006869307788477386,0.009741538036617925,-0.0016277896342833387,18.61000061035156,0.009999999999999787,0.7400000000000002,-1.3100000000000023,-0.005929570813751894
2023-03-08,0.0063319109366482,-0.05177999999999994,0.5,-0.015445590479263416,-0.03645046952900799,0.01209715438265313,19.59000015258789,-0.009999999999999787,0.7400000000000002,8.540000000000006,0.0014195105224548143
2023-03-09,0.005521466494306182,0.025100000000000122,0.5,0.0014137941356029415,-0.011929577890763987,0.00037865311238149957,19.11000061035156,0.009999999999999787,0.7400000000000002,-25.599999999999994,0.00345087554053336
2023-03-10,0.0008417781440499539,-0.03157999999999994,0.5,-0.018631857945480945,-0.012337765260806322,-0.0033180681860800476,22.61000061035156,-0.04999999999999982,0.7400000000000002,27.33,-0.005085586814294274
2023-03-13,0.0025210912218671666,-0.01364000000000054,0.5,-0.014583969436067434,0.012598579694905965,-0.006956011940827622,24.799999237060547,-0.22999999999999998,0.2400000000000002,68.32000000000001,0.003195532522823896
2023-03-14,-0.0010594021217116278,0.15703000000000067,0.5,-0.0015109018407386543,-0.02482299637797336,-0.009415031171813304,26.520000457763672,-0.15000000000000036,0.25,59.099999999999994,-0.021617285232112593
2023-03-15,-0.004118938144193507,-0.11975000000000069,0.5,0.016342388235363714,-0.04750090381919492,0.0,23.729999542236328,0.0900000000000003,0.25,19.94999999999999,-0.002061313184665181
2023-03-16,-0.00240408159711869,-0.04962,0.5,-0.007005363929353692,-0.05356111183001655,0.01008414837596927,26.13999938964844,-0.13000000000000034,0.25,-80.85,-0.009460403610717094
2023-03-17,0.006936593889141918,0.11186000000000007,0.5,0.01740957624903139,0.010885630715347538,-0.0022002530258635744,22.989999771118164,0.050000000000000266,0.25,26.139999999999986,0.01699060620741122
2023-03-20,-0.0036892051809704896,-0.07974000000000014,0.25,-0.011080621273952929,-0.02383709953048818,-0.006822676673047923,25.51000022888184,-0.16999999999999993,0.25,44.860000000000014,-0.009893682727707187
2023-03-21,-0.0034751013358214067,0.13256000000000068,0.25,0.0088788696359412,0.013395073691869541,-0.0041547990548487235,24.149999618530277,0.08000000000000007,0.25,-77.85,0.011894308051518365
2023-03-24,-0.0018561641358374459,-0.0763600000000002,0.25,0.012898647518557738,0.024678224358261502,-0.00019363457964782782,21.3799991607666,0.11999999999999966,0.25,-55.99000000000001,0.010501624175988766
2023-03-27,-0.019285160162368697,-0.1375200000000003,0.25,-0.00799620168635684,-0.0010101695471957939,-0.0013567148736370882,21.739999771118164,-0.20999999999999996,0.5,61.03,-0.007916314901390109
2023-03-28,0.006689874262807649,0.1959900000000001,0.25,0.0016455995637674192,0.049985705057509655,-0.002524538985166913,20.600000381469727,0.1499999999999999,0.5,-21.909999999999997,0.007631490411721842
2023-03-29,-0.0026772007859729996,-0.08728999999999942,0.25,-0.0015750832883885124,0.005342104401159453,-0.004189204852775852,19.96999931335449,0.020000000000000018,0.5,-24.040000000000006,0.011633849156574172
2023-03-30,-0.003082688023864577,0.01699999999999946,0.25,0.014136870775047328,-0.003146964770220251,0.0020480729330509817,19.1200008392334,0.020000000000000018,0.5,9.240000000000009,-0.004467181874959536
2023-03-31,-0.001960622045356075,-0.04265000000000008,0.25,0.0056989991994829126,0.019004257140161407,-0.004883299116992923,19.020000457763672,-0.020000000000000018,0.5,-44.230000000000004,-0.0005397759591048157
2023-04-03,-0.0007653528483668737,0.05651000000000028,0.25,0.014333327782036775,0.017329084862010014,0.0036159603906886773,18.700000762939453,-0.06999999999999984,0.5,62.21000000000001,0.003212623612922627
2023-04-04,-0.002132765404548209,-0.016670000000000407,0.25,0.0036920225658025885,0.06088112219194386,-0.004105634325008545,18.549999237060547,-0.04999999999999982,0.5,5.389999999999986,0.0008789550816494796
2023-04-05,-0.0048824629647281625,-0.04252999999999929,0.25,-0.0058138397451621415,0.0035995932923826857,-0.004909672254020059,19.0,-0.08000000000000007,0.5,4.150000000000006,-0.0019781099737699037
2023-04-06,0.002878855802762814,0.035339999999999705,0.25,-0.0024954816571209903,-0.0012397531256915784,0.0025560586356645487,19.07999992370605,-0.050000000000000266,0.5,-46.019999999999996,-0.003953692818949861
2023-04-10,-0.0001337166546075963,-0.020010000000000083,0.25,0.0035727731328023538,0.0011158185926500863,-0.0002945822142041976,18.399999618530277,0.0,0.5,-68.11000000000001,-0.003174622754313461
2023-04-11,-0.00334874065536539,0.047889999999999766,0.25,0.000995807017009298,-0.01196722229656011,0.007436454334157183,18.96999931335449,0.11000000000000032,0.5,76.25,0.005901575380951485
2023-04-12,0.003281875622409558,0.001020000000000465,0.25,-4.135333298194155e-05,0.022199720539117784,-0.003711351902178528,19.100000381469727,0.020000000000000018,0.5,38.72999999999999,-0.0018148198292973206
2023-04-13,-0.002812376301266184,-0.07086000000000059,0.25,-0.004143456323461692,0.020997231721795018,-0.00687284942711841,19.09000015258789,-0.020000000000000018,0.5,-45.56,-0.0019677818037227013
2023-04-14,-0.00601955645439034,0.0393100000000004,0.25,0.013175510497831056,-0.013299657230972706,-0.004839255492046668,17.799999237060547,0.040000000000000036,0.5,148.23000000000002,0.004847944869169396
2023-04-17,-0.007006646025525143,-0.03817999999999966,0.25,-0.002071517584578686,0.004372037329607892,0.005331775088373902,17.06999969482422,0.06999999999999984,0.5,-219.85000000000002,-0.004555620342834743
2023-04-18,-0.0018359234069205144,0.0980799999999995,0.25,0.003300703582615583,-0.020692441123898675,0.005401392147505568,16.950000762939453,0.08000000000000007,0.5,13.14,0.005029640846277772
2023-04-26,0.011301849395803032,0.32484,0.25,0.0008548548034656989,0.00037106536196596096,-0.003433885902969891,16.829999923706055,-0.020000000000000018,0.5,135.18,0.01286649544424101
2023-04-27,0.005034412378460473,-0.38290999999999986,0.0,-0.024086370022599723,-0.0846082789637066,-0.002755624001525625,18.84000015258789,-0.1499999999999999,0.5,-51.45000000000002,0.005099756551683043
2023-04-28,-0.006280140869776574,0.00788999999999973,0.0,0.019377193402696946,0.006172018364703824,0.0002955981606627134,17.030000686645508,0.09999999999999964,0.5,21.939999999999998,-0.004294186868142091
2023-05-02,-0.010668845163708696,0.10821000000000058,0.0,0.008219331313243927,0.02666116251206674,0.0016734577954444774,15.779999732971191,-0.08999999999999986,0.5,-62.959999999999994,-0.007607845045562556
2023-05-03,-0.0008516292180669183,-0.08543000000000056,0.0,-0.012040087729083382,-0.06901141069317873,0.0028483142513486825,17.780000686645508,0.0,0.5,155.51,-0.007396860481343026
2023-05-04,0.005505723532666096,-0.013099999999999667,0.0,-0.007022908054892696,-0.043640250492054555,-0.00609940661773134,18.34000015258789,-0.06000000000000005,0.5,-109.64000000000001,0.00458450869613003
2023-05-05,-0.004892477397339334,-0.03017000000000003,0.0,-0.007244913455062729,-0.0005832738089583955,0.0005919422942941566,20.09000015258789,-0.009999999999999787,0.75,-34.91999999999999,-0.00827431542552759
2023-05-08,0.0013274112328431897,-0.07643000000000022,0.0,0.018306166381879763,0.03974788991781164,-0.0018755490502071481,17.190000534057617,0.06999999999999984,0.75,-4.069999999999993,-0.0026554050442015864
2023-05-09,-0.002179243575611167,0.11514000000000024,0.0,0.00045202648488285035,0.025191744981273523,0.0015796593339416631,16.979999542236328,0.08000000000000007,0.75,210.40999999999997,0.001527589718785194
2023-05-10,0.005574832576749955,0.01717999999999975,0.0,-0.004589938949060013,0.007489589201697733,0.002659935957997739,17.709999084472656,0.009999999999999787,0.75,-148.27999999999997,0.004697635971334435
2023-05-11,0.001151878705806908,-0.028710000000000235,0.0,0.004473942241913775,-0.01572469062037385,-0.0015753846360935242,16.940000534057617,-0.09999999999999964,0.5,-93.55,-0.00824996504502451
2023-05-12,-0.005159900103347326,0.053930000000000256,0.0,-0.001698064889705364,-0.023566520582778416,0.005699083903704327,16.93000030517578,-0.040000000000000036,0.5,85.71,-0.007156280382003999
2023-05-15,0.005396886985540306,-0.06759999999999966,0.0,-0.001584561589439204,-0.011780731088235186,0.006056507260503885,17.030000686645508,0.06999999999999984,0.5,35.06,0.0005927269845713568
2023-05-16,-0.001863554506146059,-0.017720000000000624,0.0,0.002953797680316228,0.015161461989485758,-0.002437717547241647,17.1200008392334,0.040000000000000036,0.5,-91.18,-0.005254788052425852
2023-05-17,0.0035208919844897935,-0.030990000000000073,0.0,-0.006398107681917509,-0.003521874427818261,0.00126832793989351,17.989999771118164,0.040000000000000036,0.5,-31.959999999999994,-0.0020165704357069103
2023-05-19,0.006064708615566516,-0.04403999999999986,0.0,0.011820688622071529,0.027421875320501776,0.0031152644246636996,16.8700008392334,0.029999999999999805,0.5099999999999998,46.400000000000006,0.0056043512262267114
2023-05-22,0.002080467848834644,0.010520000000000529,0.0,0.007953809183051774,-0.01773143471675276,0.0031055896838054764,16.809999465942383,0.13000000000000034,0.5,-2.0400000000000063,0.00433142702735978
2023-05-23,0.0001340752163976333,0.04410999999999987,0.0,0.0001550226798023857,0.006130642152662347,0.0,17.209999084472656,0.020000000000000018,0.5,287.21,0.0010451413955276934
2023-05-24,-0.0021473635952524717,-0.02817000000000025,0.0,-0.011285468768283735,0.012698663238921881,0.00280614556201364,18.530000686645508,-0.020000000000000018,0.5,-241.71999999999997,0.001352883590667986
2023-05-25,0.0006044122275259411,-0.06567999999999952,0.0,-0.0073455126783059654,0.019423261561333227,0.0038576721692820115,20.030000686645508,0.029999999999999805,0.5,144.55,-0.006181898277722198
2023-05-26,0.003411454703019956,0.024099999999999788,0.0,0.008719456079012033,-0.034346874029264285,0.0030754440114666437,19.13999938964844,0.10000000000000009,0.5,-63.70000000000002,-0.002573324106739605
2023-05-29,0.0016111575632713482,-0.0696399999999997,0.0,0.01296468093164016,0.011626377853486858,0.0,17.950000762939453,-0.03000000000000025,0.5,-17.55000000000001,-0.0008825375076870756
2023-05-30,-0.001470686808298538,0.13522999999999996,0.0,0.0,0.0,0.0,17.950000762939453,0.0,0.5,-139.89999999999998,-0.00670986045470201
2023-05-31,0.0008024609230936619,-0.04540000000000077,0.0,1.6603130665870935e-05,-0.045177585296412914,-0.0003839228001334405,17.459999084472656,-0.10999999999999988,0.5,30.709999999999994,-0.00047651792371716795
2023-06-05,0.0012692476402502706,0.11918000000000006,0.0,-0.006127358186214238,-0.01992072842377901,0.0014389328341666285,17.940000534057617,-0.04999999999999982,0.5,153.69000000000003,2.6499622860498562e-05
2023-06-06,0.00026700487442532506,-0.05940999999999974,0.0,0.022230435985303387,0.05791700065707417,-0.0030721961115887098,14.729999542236328,0.04999999999999982,0.5,-131.78000000000003,-0.002190427381869142
2023-06-07,-0.008950030412817611,-0.02554999999999996,0.0,0.0023511302338512508,-0.005698864041843166,0.0012491930239599824,13.960000038146973,0.010000000000000231,0.5,-70.38,0.0001256970322547346
2023-06-08,0.0015140557709525382,-0.0272199999999998,0.0,-0.003819293926420997,0.010951810218261748,-0.0002881312022280369,13.9399995803833,0.08999999999999986,0.5099999999999998,56.37,0.007011152832129497
2023-06-09,0.0011424348542714569,0.054359999999999964,0.0,0.006169571607523849,-0.017244174573166404,-0.0073274735415482795,13.649999618530272,-0.06000000000000005,0.5099999999999998,-22.17,0.004145681665605139
2023-06-12,-0.0035660256460694484,-0.04161000000000037,0.0,0.0011474010230507758,-0.01583523480218929,0.0021266438869806947,13.829999923706056,0.020000000000000018,0.5,-38.69,0.004226047178422121
2023-06-13,-0.0002022312858684927,0.09785000000000021,0.0,0.009277974981754866,-0.044438740090224194,0.000675705383853753,15.010000228881836,-0.020000000000000018,0.5099999999999998,146.24,-0.0004997827585686565
2023-06-14,0.0025922012865660093,-0.04530000000000012,0.0,0.006908570725908447,0.03369288097774703,-0.0028023492708344477,14.609999656677246,0.10999999999999988,0.5099999999999998,-93.42,-0.0028761850350935703
2023-06-15,-0.00016812091295648202,0.0034000000000000696,0.0,0.000819089980126364,-0.016704601798410934,-0.0031983957878658487,13.880000114440918,-0.009999999999999787,0.5099999999999998,36.459999999999994,0.0020990968606060534
2023-06-16,0.0026865487311766856,0.006739999999999746,0.0,0.012104580493589978,0.0338430471338933,-0.008677472364774452,14.5,-0.10999999999999988,0.5,-76.41999999999999,-0.002273734695272367
2023-06-19,-0.0008052070488062668,-0.044480000000000075,0.0,-0.0036783764677519315,0.01629243932063762,0.0017610835201189445,13.539999961853027,0.04999999999999982,0.5099999999999998,-14.420000000000002,-0.0018659939085701183
2023-06-20,0.0020787937075326113,0.09968000000000021,0.0,0.0,0.0,0.0,13.539999961853027,0.0,0.5099999999999998,220.49,-0.0038368123704799473
2023-06-21,0.005344748158879753,4.999999999988347e-05,0.0,-0.004746353835235695,-0.01799315889506481,0.0023432724950094297,13.880000114440918,-0.029999999999999805,0.5,-63.98999999999998,0.006311428444920608
2023-06-22,0.0005329070203394792,-0.020080000000000098,0.0,-0.005259086366924848,0.02838754272677768,-0.004594125858504938,13.199999809265137,-0.020000000000000018,0.4900000000000002,-147.69,-0.007542409185589349
2023-06-23,-0.00487333652495181,0.000280000000000058,0.0,0.003703930387334964,-0.04252959469990003,0.0031301962001393235,12.90999984741211,0.07999999999999963,0.4900000000000002,7.359999999999999,-0.0018850932207747917
2023-06-26,-0.0005355110911828831,-0.019229999999999414,0.0,-0.007688288056503012,-0.005047944078748756,0.004968612043080078,13.4399995803833,-0.05999999999999961,0.4900000000000002,1.269999999999996,0.0037483969427096753
2023-06-27,0.003475706994786165,0.040939999999999976,0.0,-0.0044969343631322545,0.003031823224082686,-0.002042892684027464,14.25,-0.020000000000000018,0.4900000000000002,76.88000000000001,-0.00041857242793241767
2023-07-03,0.0034636682866171498,0.26700999999999997,0.0,0.011390733524182295,-0.024368402149869794,-0.0019495529845663384,13.739999771118164,0.04999999999999982,0.4900000000000002,-22.940000000000012,0.005215667328556606
2023-07-04,-0.003530395007357967,-0.3286199999999999,0.0,0.017473772080657923,0.030404611306812157,0.00486666339542996,13.56999969482422,0.08999999999999986,0.5,-62.64,-0.0022367162472303193
2023-07-05,0.004660150900905435,0.035989999999999966,0.0,0.0,0.0,0.0,13.56999969482422,0.0,0.5,-4.509999999999991,0.005555404460231728
2023-07-06,-0.003059937197653184,0.06095000000000006,0.0,-0.0019702580976126427,0.0282544571938681,0.0036829357551964037,14.18000030517578,0.0900000000000003,0.25,76.47,0.0056920793382122525
2023-07-07,0.004453758151411691,0.01049999999999951,0.0,-0.007954061175894367,0.00013931521652299494,-0.0019367157864440543,15.4399995803833,0.09999999999999964,0.25,-96.50999999999999,-0.00606691889371902
2023-07-10,0.007420815941181047,-0.11111000000000004,0.0,-0.002869212795733489,0.028286899130277376,-0.008761753370651881,14.829999923706056,0.009999999999999787,0.25,52.76,0.002168300494622244
2023-07-11,-0.004043888381806582,0.0853299999999999,0.0,0.0024021386106269915,-0.01184900149194501,-0.0029376776463623244,15.06999969482422,-0.04999999999999982,0.2400000000000002,-54.35,0.009740752310541723
2023-07-12,0.005800174446877193,-0.029910000000000103,0.0,0.0067195839982545635,0.024896482365693196,-0.0023563865432141284,14.84000015258789,-0.019999999999999574,0.25,-1.3599999999999994,0.0016589560710240647
2023-07-13,-0.003898242550031128,0.012170000000000236,0.0,0.007383905235389676,0.012219545827685252,-0.01196559852440604,13.539999961853027,-0.13000000000000034,0.25,51.4,0.0002942934626144478
2023-07-14,-0.01521061914801436,-0.07535000000000025,0.0,0.008434482989626346,0.014937376716626538,-0.0074891760010213915,13.609999656677246,-0.10000000000000009,0.25,-13.269999999999996,0.008678390882256082
2023-07-17,0.00174017847273511,0.05833000000000066,0.0,-0.0010249321969073577,-0.019303353554000147,0.0014023141203178824,13.34000015258789,0.07000000000000028,0.25,130.7,-0.0003534664954916167
2023-07-18,-0.00020063534593361965,-0.0056200000000004025,0.0,0.0038479695744211284,-0.016982378389891473,-0.0007009494576735165,13.479999542236328,-0.020000000000000018,0.25,-50.70000000000002,-0.00539389227405529
2023-07-20,0.002104666118412979,-0.057010000000000005,0.0,0.007092066941428499,0.02134835522726508,0.0010011624034422795,13.300000190734863,-0.010000000000000231,0.25,-51.739999999999995,0.004963478392324916
2023-07-21,0.0006338721458636343,0.016760000000000552,0.0,-0.0044246925690245575,-0.0015854508375801046,0.009361634085656156,13.989999771118164,0.050000000000000266,0.25,155.97000000000003,0.0024172880714719014
2023-07-24,0.0039609285064017286,-0.031649999999999956,0.0,0.0003240420146131129,0.018861102278281194,0.0018816786366873117,13.600000381469728,-0.010000000000000231,0.25,-179.4,0.002698691252239982
2023-07-25,-0.002228172324775457,0.055289999999999395,0.0,0.004026038496874662,0.021437162555230316,0.00276651477534795,13.90999984741211,0.020000000000000018,0.25,24.89,0.00265105455445358
2023-07-26,0.00023302651614187653,-0.09457999999999966,0.0,0.0028107195758391157,0.01123961339214219,0.0,13.859999656677246,0.050000000000000266,0.25,-67.91,0.004409049937683207
2023-07-27,0.0006987539173302082,0.04624000000000006,0.0,-0.00015545097867608604,-0.010731729729881678,-0.004549049471854971,13.1899995803833,-0.050000000000000266,0.25,182.75,-0.007456291573642915
2023-07-28,-0.0016645031973130386,-0.001840000000000508,0.0,-0.0064453930551966465,0.016491814562992424,0.008684523847731995,14.40999984741211,0.1499999999999999,0.5,-125.17999999999999,0.000517057658349529
2023-07-31,0.005846804244949766,0.00912999999999986,0.0,0.009829375810433305,0.0060995458759762755,-0.0014749390247938976,13.329999923706056,-0.04999999999999982,0.5,-12.980000000000004,0.004501139978282609
2023-08-01,-0.00046383726770038436,0.12365000000000048,0.0,0.0014676354365690258,0.015026778429613863,0.002358934254969469,13.630000114440918,0.010000000000000231,0.5,-1.1599999999999966,-0.006493475386667669
2023-08-02,0.001059883512043669,-0.09067000000000025,0.0,-0.0026686453076827377,-0.005270592453453737,0.0043103753405127065,13.93000030517578,0.07999999999999963,0.5,70.6,-0.004655610546542732
2023-08-03,0.0017860100662883127,0.022540000000000227,0.0,-0.01393620063833545,-0.023375487751982504,0.002830723614033026,16.09000015258789,0.03000000000000025,0.5,-30.19999999999999,0.0063359030313137055
2023-08-04,0.005864732964106167,-0.009909999999999641,0.0,-0.0025512254502917386,0.02558516577812764,-0.0004874511190235964,15.920000076293944,0.1200000000000001,0.5,-59.38,-0.006579271526041097
2023-08-07,-0.0038840113340956606,-0.02757000000000076,0.0,-0.005314169373939137,0.015453207943668446,-0.005084135693926406,17.100000381469727,-0.15000000000000036,0.5,-1.6300000000000026,0.0048801183557234395
2023-08-08,0.0001319087193589752,0.10444000000000031,0.0,0.008983618964856888,-0.010682272518840463,0.00029407957027061116,15.770000457763672,0.040000000000000036,0.25,-1.2800000000000011,-0.002552236060376245
2023-08-09,0.004540228230206722,-0.03636999999999979,0.0,-0.004227205100058029,0.01188896357162239,0.00469250761579687,15.989999771118164,-0.07000000000000028,0.25,-9.409999999999997,0.000916598228746679
2023-08-10,-0.0016294652957800082,-0.025820000000000398,0.0,-0.007063619102046559,0.01769115419565015,-0.00039021477602041443,15.960000038146973,-0.019999999999999574,0.25,27.36,0.0026385185309720782
2023-08-11,-1.3164594907522087e-05,0.007369999999999877,0.0,0.0002506825210808472,-0.018897845248432077,0.0002926567515224576,15.850000381469728,0.08999999999999986,0.25,-30.509999999999998,-0.001930825973108341
2023-08-14,0.003413644751276479,-0.028419999999999668,0.0,-0.0010702648992282349,0.0044576032105352326,0.0031164780362242794,14.84000015258789,0.07000000000000028,0.25,123.56,0.004378910659381674
2023-08-15,0.0037938297728192794,0.0546300000000004,0.0,0.005734004879418109,-0.008207653636332246,0.0033976259990406987,14.81999969482422,0.03000000000000025,0.25,66.22999999999999,0.0007130708298817012
2023-08-16,0.001956692510539426,-0.06876000000000015,0.0,-0.011618139396096794,-0.018593860122390282,0.0001937659203603559,16.459999084472656,0.019999999999999574,0.25,-183.2,-0.002108189640182445
2023-08-18,-0.002315835142997713,0.05013000000000023,0.0,-0.00758408179262382,-0.02007925112993547,0.0020326105557284535,16.780000686645508,0.07000000000000028,0.25,75.22000000000001,-0.005904762420605891
2023-08-21,0.0033252948421935713,-0.10276000000000085,0.0,-0.007891529261486951,0.023284408455356065,-0.00038685606297583774,17.299999237060547,-0.020000000000000462,0.25,-91.62,0.0008919012886039468
2023-08-22,-0.005515589772985052,0.14944000000000024,0.0,0.006855634859800119,-0.006544430041808269,-0.0004837252533462788,17.1299991607666,0.08000000000000007,0.25,93.20999999999998,0.007316129555718476
2023-08-23,0.002673500548388219,-0.04031999999999947,0.0,-0.002781331046545432,-0.004594317974920159,0.0022233633618178317,16.969999313354492,0.0,0.25,-77.44999999999999,0.0007168682186264874
2023-08-24,-0.00012406298513845115,-0.06257000000000001,0.0,0.010984330710790857,-0.01833760382286176,-0.0019330853691412742,15.979999542236328,-0.14999999999999947,0.25,88.52000000000001,-0.0031862238734792214
2023-08-25,-0.0014962151108210975,0.060389999999999944,0.0,-0.013549353984007695,0.0020261328906361342,0.005980559300589938,17.200000762939453,0.040000000000000036,0.25,-64.74000000000001,-0.0005725648576557774
2023-08-28,-0.0036091762638736924,-0.04674000000000067,0.0,0.0066955010602960385,0.009818794333739334,0.0009612465570265627,15.68000030517578,0.019999999999999574,0.25,60.879999999999995,0.003804572360461833
2023-08-29,0.0032102756302485602,0.06591000000000058,0.0,0.006245078594195874,0.0033764384300072336,-0.00019221939637947827,15.079999923706056,-0.04999999999999982,0.25,-67.22,0.0052030448200302
2023-08-30,-0.00212811316749395,-0.0829500000000003,0.0,0.014404068712057239,0.013146725055070974,-0.004913015087694816,14.449999809265137,-0.08000000000000007,0.25,-0.9299999999999926,0.0012669478743365659
2023-08-31,-0.0038749555907724442,-0.022059999999999746,0.0,0.003825854181192412,0.005774247736830773,-0.003773400800478832,13.880000114440918,0.0,0.25,-2.260000000000005,-0.0019247243566908878
2023-09-01,0.001282367623328895,0.005049999999999777,0.0,-0.0015982129743399298,0.024205466734826153,0.004449171380475292,13.56999969482422,-0.03000000000000025,0.25,100.19999999999999,0.003502149054565251
2023-09-04,0.0009853188303328153,-0.035639999999999894,0.0,0.0017975127655187606,0.022698761459047923,0.005965524430269653,13.09000015258789,0.08999999999999986,0.25,-109.75999999999999,0.0027330258312669997
2023-09-05,0.0001313025211970853,0.08148999999999962,0.0,0.0,0.0,0.0,13.09000015258789,0.0,0.25,-16.090000000000003,-0.0007208789422001871
2023-09-06,-0.0003939592959678606,-0.019919999999999938,0.0,-0.004202997821382226,0.013237529032624096,0.0054532515652434554,14.010000228881836,0.08999999999999986,0.25,25.1,0.0006069802917760825
2023-09-07,0.004651933041078138,0.03512000000000004,0.0,-0.006996014491431168,0.009757277178098711,0.0004769690765717982,14.449999809265137,0.03000000000000025,0.25,-25.369999999999997,-0.00589862275621833
2023-09-08,0.0024809048436686965,-0.008960000000000079,0.0,-0.003216433115733608,-0.007683062332156432,0.0019054593225868999,14.399999618530272,-0.03000000000000025,0.25,54.63999999999999,-0.004326982530065138
2023-09-11,0.00039115979376092014,-0.11509999999999998,0.0,0.0014256060622575006,0.0073403170700308,0.0002854987425351396,13.84000015258789,-0.009999999999999787,0.25,-58.61,0.0055606135029524495
2023-09-12,-0.0015655580497018207,0.14678000000000058,0.0,0.006700951498135765,-0.0025171777234120896,-0.004960390338030862,13.800000190734863,0.03000000000000025,0.25,45.13000000000001,-0.004234454200082283
2023-09-13,0.0013764911211655573,-0.06321000000000065,0.0,-0.005712169023004421,0.01760103856922335,0.0013379148638037464,14.229999542236328,-0.020000000000000462,0.25,17.529999999999987,0.00021728856626701543
2023-09-14,0.0007234173794934406,-0.031609999999999694,0.0,0.0012408621175339363,-0.0036084805448579615,0.000572823767977404,13.479999542236328,-0.019999999999999574,0.25,33.2,0.003433938083809096
2023-09-15,0.0001823786887005241,0.03249000000000013,0.0,0.008394585533666898,0.018357433089449593,0.006090103684780246,12.81999969482422,0.040000000000000036,0.2599999999999998,-21.22,0.0033650582807673857
2023-09-18,0.0027318866997028124,0.012950000000000017,0.0,-0.01223414584249305,0.006742887206266701,-0.0008542112781686484,13.789999961853027,0.040000000000000036,0.25,-48.0,-0.006711488739723492
2023-09-19,-0.003187927620990294,0.026029999999999553,0.0,0.0007210276941744809,0.007791608294717811,-0.001140060435998791,14.0,-0.009999999999999787,0.25,0.13000000000000256,0.006357668631141067
2023-09-20,0.0020180327780821017,-0.009689999999999976,0.0,-0.002153327361533286,-0.003065542232370433,0.0,14.109999656677246,0.04999999999999982,0.2599999999999998,82.9,0.004482618595982757
2023-09-21,0.0004876225248189314,-0.05412999999999979,0.0,-0.009439204206291407,-0.01013892518999615,-0.0003802366086578246,15.140000343322754,-0.020000000000000462,0.2599999999999998,-63.86,-0.002887257573469526
2023-09-22,-0.0015286792913666858,0.06259000000000015,0.0,-0.016536918318488247,-0.007225883702320246,0.0019000285421890695,17.540000915527344,0.14000000000000057,0.2599999999999998,23.629999999999995,0.003623341520549772
2023-09-25,0.002568146657983661,-0.09593000000000007,0.0,-0.0022982374027602503,0.004452879835824319,0.002085913510252446,17.200000762939453,-0.04999999999999982,0.2599999999999998,-63.69,-0.002634761762100979
2023-09-26,-0.0021125509587367475,0.09834999999999994,0.0,0.004014994203807021,-0.0038951523946915145,0.0039701173737789475,16.899999618530273,0.10999999999999943,0.2599999999999998,-28.11,-0.010714092846056289
2023-09-27,0.002404706582375127,0.012109999999999843,0.0,-0.014844165482264415,0.007885852891051037,0.002167492280472416,18.940000534057617,0.009999999999999787,0.2599999999999998,128.78,0.0020240516009959464
2023-09-29,0.005696176965525268,-0.02845999999999993,0.0,0.00022928777229402897,0.03575108748920641,0.004133353079250668,18.21999931335449,0.05000000000000071,0.25,6.569999999999993,0.0002974501325887502
2023-10-02,-0.0012271128868928116,0.01566000000000045,0.0,0.0031626174947110286,-0.03133556507942625,-0.004698373692749946,17.520000457763672,-0.020000000000000462,0.25,-13.95999999999998,0.0031028511861013186
2023-10-03,-0.0016816510010499996,-0.030829999999999913,0.0,7.936440615274876e-05,-0.021937311039610385,0.006852266525849693,17.610000610351562,0.10000000000000053,0.25,-59.05000000000001,-0.002959470592271529
2023-10-04,0.004392204451507453,0.0043400000000000105,0.0,-0.013839395863447734,0.004605497105124812,0.0009350021570160294,19.780000686645508,0.11999999999999922,0.25,23.370000000000005,-0.007855571620364543
2023-10-05,0.006808427610385692,-0.008460000000000356,0.0,0.008077047607828902,-0.05778490630519073,-0.0018708793613004815,18.57999992370605,-0.07999999999999918,0.25,81.54999999999998,-0.0017076752153446506
2023-10-06,-0.001986352493691612,0.052690000000000126,0.0,-0.0013048811469964505,-0.02293985990456182,-0.004410472217120542,18.489999771118164,-0.010000000000000675,0.2599999999999998,-133.95999999999998,0.0019896180478973235
2023-10-09,0.002562297218918985,-0.06808000000000014,0.0,0.01174564209396145,0.0058147148857052855,-0.002731092828867965,17.450000762939453,0.0600000000000005,0.25,47.46999999999999,0.0004262724944990026
2023-10-10,-0.001792918454288639,0.06332999999999966,0.0,0.0062840681193883086,0.042448843526906366,0.0003771536440089207,17.700000762939453,0.0,0.25,168.67000000000002,0.004449653247343477
2023-10-11,0.00564961300761091,-0.02796999999999983,0.0,0.005194476099985579,-0.004757723350522269,-0.0023594932911441546,17.030000686645508,-0.1200000000000001,0.25,-120.85999999999999,0.0013808262908963087
2023-10-12,0.001725546134313305,-0.041979999999999684,0.0,0.004283819500095376,-0.02927157376628209,-9.451581540975695e-05,16.09000015258789,-0.08000000000000007,0.25,49.5,0.0004900804582845808
2023-10-13,-0.0016236095443851184,-0.03439000000000014,0.0,-0.006266024940655868,-0.00697111232142511,0.007062508777174514,16.690000534057617,0.1200000000000001,0.25,-3.0600000000000023,-0.0012077819418472302
2023-10-16,0.002926955512879914,-0.030689999999999884,0.0,-0.005031495660219321,0.05605216933477308,0.0007504158554638707,19.31999969482422,-0.07000000000000028,0.25,-130.95000000000002,-0.004411153019599823
2023-10-17,-0.004010828232079433,0.1325599999999998,0.0,0.010538642302590162,-0.011815437062472789,-0.0038517936041779777,17.209999084472656,0.08000000000000007,0.25,77.54000000000002,0.006262456529503524
2023-10-18,-6.379381840027065e-05,0.0031200000000000117,0.0,-9.824987944462293e-05,0.0,9.414218399417251e-05,17.8799991607666,0.1200000000000001,0.25,-38.500000000000014,-0.0016887626047115134
2023-10-19,0.0033882053979326088,-0.0009100000000001884,0.0,-0.01349040825115111,0.018974120503322922,0.0030072355647199345,19.21999931335449,0.08000000000000007,0.25,-7.469999999999999,-0.01183069366756584
2023-10-20,0.004997587978341045,0.030710000000000015,0.25,-0.008519032328058174,0.011818507052563376,-0.0030072355647199345,21.399999618530277,0.07000000000000028,0.25,189.32,0.0004003055038985792
2023-10-23,0.0030950976923751483,0.11409000000000002,0.25,-0.012665149196156023,-0.006961657770482077,-0.000847383284442671,21.709999084472656,-0.05000000000000071,0.25,7.840000000000032,-0.015775923044262896
2023-10-24,0.0007565250644514521,0.05428000000000033,0.25,-0.0016869920654354331,-0.037424043305457566,-0.005857387867866493,20.3700008392334,-0.0699999999999994,0.0,-136.62,0.009565302826032962
2023-10-25,0.00037804801660001885,-0.01438000000000006,0.25,0.007239523519629643,-0.020682649969345768,0.00689295714366267,18.96999931335449,-0.03000000000000025,0.0,-71.0,0.0040503936310347655
2023-10-26,-0.00037804801660001885,-0.0041399999999995885,0.25,-0.014443434657238186,0.019512255690981917,0.0024436303684529648,20.190000534057617,0.1200000000000001,0.0,44.33999999999999,-0.017694750762087708
2023-10-27,0.0005985100429093393,0.01913999999999927,0.25,-0.011903081205584698,-0.0258614688619776,0.0006568732533498434,20.68000030517578,-0.08999999999999986,0.0,-86.3,0.006572116062013578
2023-10-30,0.0026731677212428195,-0.0609699999999993,0.25,-0.004811838578621774,0.02761659159195151,-0.00037531353669884027,21.270000457763672,-0.020000000000000462,0.0,52.260000000000005,-0.0033940622980086488
2023-10-31,-0.001036969628012585,0.037319999999999354,0.25,0.011938474300286828,-0.038491536178239194,-0.004137628729593779,19.75,0.040000000000000036,0.0,73.92,0.0024197406537602717
2023-11-01,-0.0038114483953179956,0.030100000000000016,0.25,0.006454084821687189,-0.015796580982288866,0.005075684355486665,18.13999938964844,0.0,0.0,-121.71000000000001,-0.016393948427854355
2023-11-02,-0.005969927808573416,-0.01424000000000003,0.25,0.010451194990192647,-0.007184401086049341,0.002060444583647403,16.8700008392334,-0.11000000000000032,0.0,89.63,0.01627180215497326
2023-11-03,0.009561274641853856,0.008939999999999948,0.25,0.018682938934086124,0.024801720920969217,-0.007136128939134068,15.65999984741211,-0.09999999999999964,0.0,-73.86999999999999,0.005533723619207009
2023-11-06,-0.003906993437965411,-0.025599999999999845,0.25,0.009349883544551574,-0.023931889330452094,-0.010419778906385346,14.90999984741211,-0.09999999999999964,0.0,13.879999999999995,0.01316786760384403
2023-11-07,-0.01628932130757299,0.03141999999999978,0.25,0.0017514577241009022,0.0038430290287170266,0.0019026316590924353,14.890000343322754,0.09999999999999964,0.0,270.86,-0.005107765043046442
2023-11-08,-0.0007768086347414993,-0.014359999999999928,0.25,0.002836093401711537,-0.04362531181365625,0.0030366287481200516,14.8100004196167,-0.08999999999999986,0.0,-220.29,-0.005815430288004464
2023-11-09,0.004715876841988376,0.024110000000000298,0.25,0.001004411032420549,-0.026720657915963564,0.0004735984838548646,14.449999809265137,-0.08999999999999986,0.0,-3.25,0.005003104620600496
2023-11-10,-0.0017658330171581582,-0.027929999999999566,0.25,-0.00811669069906884,0.005427908124148395,0.0030260762970648614,15.289999961853027,0.1299999999999999,0.0,23.370000000000005,-0.004245433722832814
2023-11-13,0.0062369260738890375,-0.008710000000000662,0.25,0.01549575927077207,0.018704362473102698,-0.00047223923764683207,14.170000076293944,-0.009999999999999787,0.0,-14.750000000000014,0.0042570012002833835
2023-11-14,-0.001955632592338219,0.02306000000000008,0.25,-0.0008361884413705667,0.014025887336881482,-0.0018910457999474772,14.760000228881836,0.019999999999999574,0.0,-11.75,0.0034660659101550806
2023-11-15,-0.0010207337409369188,-0.0176400000000001,0.25,0.01889537047457779,0.0,-0.014778388046316593,14.15999984741211,-0.1899999999999995,0.0,82.23,0.013914564836229104
2023-11-16,-0.024946362788229592,0.03978999999999999,0.25,0.001595738207846864,-0.020656536355641464,0.0026858412241415053,14.18000030517578,0.08999999999999986,0.0,-129.62,-2.8350475314908863e-05
2023-11-17,0.01344237799385084,-0.0022399999999995757,0.25,0.0011897193967129738,-0.050291447777469855,-0.00019157542558811969,14.31999969482422,-0.08000000000000007,0.0,80.41,0.0028215595141283245
2023-11-20,-0.0008267860463124777,-0.01578999999999997,0.25,0.001281227937178997,0.04019625542750305,-0.005283676688166317,13.800000190734863,-0.009999999999999787,0.0,19.350000000000023,0.0024648637478392743
2023-11-21,-0.004897245582789367,0.04701999999999984,0.25,0.007363103793794679,0.022282492152545963,-0.003376900045100939,13.40999984741211,-0.020000000000000462,0.0,-125.68,-0.004742992000117852
2023-11-22,-0.0011241026637289764,0.0013899999999997803,0.25,-0.002022975931756932,0.0021883020161750366,0.0011590373035392787,13.350000381469728,-0.009999999999999787,0.0,252.53,-0.007908027308751286
2023-11-23,0.0077194084520790796,-0.016319999999999446,0.25,0.004052905094313886,-0.008652448763583287,0.00318059002444393,12.850000381469728,0.009999999999999787,0.0,-229.48000000000002,0.014001958537631864
2023-11-24,0.007167199353393272,-0.01735000000000042,0.25,0.0,0.0,0.0,12.850000381469728,0.0,0.0,-50.510000000000005,0.0007544784841826413
2023-11-27,-0.00757368688990212,-0.06332999999999966,0.25,0.000596695609644371,-0.02044093137429659,-0.005016377911116976,12.460000038146973,0.04999999999999982,0.0,79.2,0.0005383858770304784
2023-11-28,0.0041861275105343765,0.0821499999999995,0.25,-0.001956069316898734,-0.009042618774556921,-0.0019361533552126886,12.6899995803833,-0.08000000000000007,0.0,-5.560000000000002,0.00393718133577714
2023-11-29,-0.006027124106275039,0.039670000000000094,0.25,0.0009796385280509412,0.02049391495704711,-0.00436997009982143,12.6899995803833,-0.04999999999999982,0.0,12.75,-0.0007084281599691877
2023-11-30,-0.013506901734372079,-0.004329999999999501,0.25,-0.0009466966151023826,0.018798724434829772,0.0001945955961080159,12.979999542236328,-0.07000000000000028,0.0,-18.069999999999993,0.006326413471160919
2023-12-01,0.009652458690039722,0.00849999999999973,0.25,0.003776931264994232,-0.02470547613007046,0.007078163732971099,12.920000076293944,0.10000000000000053,0.0,63.959999999999994,-0.0029468898187250403
2023-12-04,0.009193657374325426,-0.11106000000000016,0.25,0.0058565589538464025,-0.02519628598623136,-0.0022247275284890122,12.630000114440918,-0.15000000000000036,0.0,-109.35,0.004761279632885973
2023-12-05,-0.007222447035735158,0.1110199999999999,0.25,-0.005423188063826245,-0.01400333908378304,0.0035764646278240164,13.079999923706056,0.0600000000000005,0.0,12.82,0.001022213731250332
2023-12-06,0.00532993466641507,0.016460000000000363,0.25,-0.0005690315939350654,-0.00990653695719157,0.003948232364608728,12.850000381469728,-0.10000000000000053,0.0,276.98,-0.0018973396966330824
2023-12-07,-0.004061121434462578,-0.07173000000000052,0.25,-0.003913851944943758,-0.041502109910038776,0.0009606001883950555,12.970000267028809,-0.05999999999999961,0.0,-240.05,0.006641561095868553
2023-12-08,0.001486892991399813,-0.00354999999999972,0.25,0.007936610684822654,-0.0005767145110153749,-0.005874162041749287,13.0600004196167,0.019999999999999574,0.0,-14.469999999999999,0.0034944363510600596
2023-12-11,0.0012911557636208215,-0.03646999999999956,0.25,0.004087134146503857,0.026892237675278707,0.004529048587731843,12.350000381469728,0.09000000000000075,0.0,-8.980000000000004,-0.009939874555435324
2023-12-12,0.003876360764932585,0.04303999999999952,0.25,0.003916813547780507,0.001262663597626279,0.0008648920593596898,12.630000114440918,0.0,0.0,52.34,0.005138851260507948
2023-12-13,0.005562820629785747,0.02523000000000053,0.25,0.004588812795692121,-0.038738483117218614,-0.00221181728088915,12.06999969482422,-0.03000000000000025,0.0,-80.06,-0.007037216185713291
2023-12-14,-0.004997447612382189,-0.0727600000000006,0.25,0.013558345175020747,0.012456716677692548,-0.009674061839733739,12.1899995803833,-0.16000000000000014,0.0,58.83,0.01412875534312974
2023-12-15,-0.0190642526498781,0.03204000000000029,0.25,0.0026435651851546282,0.029920708641966165,-0.008885511313846628,12.479999542236328,-0.1200000000000001,0.0,-5.849999999999994,0.002084176381474734
2023-12-18,0.012555868687391225,-0.024869999999999948,0.25,-7.625240044895065e-05,-0.0020977774791575143,0.005769943748484607,12.279999732971191,-0.009999999999999787,0.0,-28.53000000000001,-0.009987550577365667
2023-12-19,-0.012045373500779277,0.08011999999999997,0.25,0.004518122263400315,0.014454746526187279,-0.0003901386425697595,12.5600004196167,0.040000000000000036,0.0,203.35,0.00955057472579135
2023-12-20,0.011165777474595018,-0.02350999999999992,0.25,0.00584926745082015,0.013296079590339183,-0.003322300952864232,12.529999732971191,-0.020000000000000018,0.0,367.62,0.004417258150912318
2023-12-21,3.8797865213879845e-05,-0.041090000000000515,0.25,-0.01479314796530673,0.010564892523759362,0.002346325164954699,13.670000076293944,-0.07000000000000028,0.0,-562.88,-0.0013927027427556027
2023-12-22,0.004068064887677636,0.05653000000000041,0.25,0.01024876930727281,-0.004456179539259253,-0.005581481556929724,13.649999618530272,0.03000000000000025,0.0,26.5,0.0038623479159394236
2023-12-27,-0.005039095875128297,-0.020520000000000316,0.25,0.0016586821527599938,-0.004476125993481794,-0.0013756452426481047,13.029999732971191,0.009999999999999787,0.0,-43.96999999999999,0.0011595279107599055
2023-12-28,-0.002594035177045484,-0.0013800000000001589,0.25,0.005652196663401554,0.007449117652217119,-0.007005792161487889,12.43000030517578,-0.10999999999999988,0.0,93.69999999999999,0.00796883228875167
2023-12-29,-0.0017547854891226677,-0.052649999999999864,0.25,0.00037010611032783913,-0.032083969530532386,0.00237370788653557,12.470000267028809,0.04999999999999982,0.0,22.870000000000005,-0.004265902105798247
2024-01-02,0.003376845860989519,0.05325999999999986,0.25,-0.002830477036734891,-0.0016733390980192553,0.0009873467583290108,12.449999809265137,0.040000000000000036,0.0,-61.040000000000006,0.006959424739712006
2024-01-03,-0.0027265662178379557,-0.06393000000000004,0.25,-0.005676660799721844,-0.017884082702065207,0.008549112378521073,13.199999809265137,0.07000000000000028,0.0,31.019999999999996,-0.006094389792115962
2024-01-04,0.007447979768144819,-0.021560000000000024,0.25,-0.008048618327197943,0.03243224969365954,0.0025408216666349404,14.039999961853027,-0.040000000000000036,0.0,23.890000000000015,0.011021788991156356
2024-01-05,0.0036711470078429898,0.011990000000000833,0.25,-0.0034342716633180004,-0.007039776591817315,-0.000390481419092481,14.130000114440918,0.08000000000000007,0.0,-43.610000000000014,-0.0012432095842171975
2024-01-08,-0.0028326807069873894,-0.0054600000000002424,0.25,0.0018240216394342923,0.02219262473481276,-9.75883098623953e-05,13.350000381469728,0.05999999999999961,0.0,-12.36,-0.009162706580227109
2024-01-09,-0.0021620932313641816,0.0720799999999997,0.25,0.01401594543635376,-0.042059056051780175,-0.001954888462972093,13.079999923706056,-0.040000000000000036,0.0,47.07000000000001,-0.011512602486904555
2024-01-10,0.0011623027815481635,-0.05192999999999959,0.25,-0.001478993852318311,0.020558744884156432,0.0035159779603590735,12.760000228881836,0.009999999999999787,0.0,872.8200000000002,0.003755852621683431
2024-01-11,0.0025136977464192967,0.005529999999999369,0.25,0.005649980650495934,-0.012116228070753188,-0.0020494720896451213,12.6899995803833,0.020000000000000462,0.0,-952.7800000000001,-0.0010151417037587152
2024-01-12,0.0013187734103841109,-0.006229999999999514,0.25,-0.0006712808369613299,0.009066160142918278,-0.000684091835155165,12.4399995803833,-0.06000000000000005,0.0,-16.599999999999994,0.0029284533729434514
2024-01-15,9.64273661612225e-05,-0.07122000000000028,0.25,0.0007506937530337154,0.009122436117268151,0.0010748020873414532,12.699999809265137,-0.020000000000000018,0.0,19.849999999999994,-0.002369450422742503
2024-01-16,-0.0034320908876548373,0.08950999999999976,0.25,0.0,0.0,0.0,12.699999809265137,0.0,0.0,3.240000000000009,0.002597140880270743
2024-01-17,0.0027569039799200112,-0.032119999999999926,0.0,-0.0037383190523563314,-0.003859927259520113,0.009331318432827196,13.84000015258789,0.11000000000000032,0.0,168.29999999999998,-0.005836908149676745
2024-01-18,0.0050688248144385994,-0.009030000000000094,0.0,-0.005632731271107971,0.002207451692810558,0.0008703287523221803,14.789999961853027,0.02999999999999936,0.0,-178.43,0.007241414495361198
2024-01-19,-6.400204808798549e-05,0.014920000000000044,0.0,0.008766720726242738,0.020731842895027164,0.0008696456242951456,14.130000114440918,0.040000000000000036,0.0,51.45,-0.0035309830269749654
2024-01-22,-0.0006979131355837609,-0.03126999999999924,0.0,0.012238308232548789,-0.009085399046793619,-0.002417445433811949,13.300000190734863,0.010000000000000675,0.0,25.950000000000017,0.002836050139764623
2024-01-23,-0.0007752656736812469,0.07179999999999964,0.0,0.002191921187231216,0.02395805985137134,0.00038719306451806546,13.1899995803833,-0.040000000000000036,0.0,28.189999999999998,0.0011446073048695382
2024-01-24,0.003487278180966058,-0.07127000000000017,0.0,0.0029171153407645534,-0.010965604213236446,0.0028026199462152235,12.550000190734863,0.02999999999999936,0.0,-103.93,-0.003922355105373754
2024-01-25,0.0037933773034524165,0.03300000000000036,0.0,0.000811598976216743,0.00963467369566473,-0.003674033734409221,13.140000343322754,0.040000000000000036,0.0,20.299999999999997,-0.006911275004039652
2024-01-26,-3.1817241765708104e-05,-0.01829000000000036,0.0,0.005246578134979529,0.029782513692604873,0.003191355495697046,13.449999809265137,-0.040000000000000036,0.0,22.64999999999999,-0.005721808133218431
2024-01-29,0.005932287997746144,-0.021250000000000213,0.0,-0.0006519977554262368,0.00836719194948543,-0.0009659822397098949,13.260000228881836,0.010000000000000675,0.0,-29.279999999999987,0.002810488055608573
2024-01-30,-0.002558964084352411,0.07591999999999999,0.0,0.007528365505246271,-0.015892877310340836,0.0013521287400042326,13.600000381469728,-0.07000000000000028,0.0,127.29,0.004883982350794014
2024-01-31,0.0038233466020187734,-0.06982999999999961,0.0,-0.0006008303969800011,0.013454289960908028,-0.002028879323138,13.3100004196167,-0.020000000000000462,0.0,-68.31,0.0021840184371182403
2024-02-01,-0.0027204015132227255,0.021950000000000358,0.0,-0.016236851740732305,-0.0256407779573653,-0.0012580916544440157,14.350000381469728,-0.0699999999999994,0.0,-62.510000000000005,-0.00086679736629236
2024-02-02,-0.0010141345865051221,0.03241999999999923,0.0,0.012416286114049768,-0.02712799220968254,-0.0021325482261262962,13.880000114440918,-0.1200000000000001,0.0,16.22999999999999,0.005136870044262665
2024-02-05,-0.0027305938541264396,-0.012589999999999435,0.0,0.01062777072263188,-0.02108224463230446,0.008407017791687288,13.850000381469728,0.16000000000000014,0.0,-42.849999999999994,-0.005564717254745943
2024-02-06,7.631626070647712e-05,0.09342000000000006,0.0,-0.0031914247092839076,0.006893726576010728,0.005087104042675428,13.670000076293944,0.13999999999999968,0.0,154.45999999999998,0.006755236762467476
2024-02-07,-0.0009987815348679874,0.015889999999999738,0.0,0.0023077459317484283,0.007255816521489322,-0.0025882835388131298,13.0600004196167,-0.08000000000000007,0.0,-100.25,-0.001692566857329325
2024-02-12,0.0013674889631243303,0.17051000000000016,0.0,0.008207682594008503,0.007474425755050085,-0.0013447258661436479,12.829999923706056,0.0,0.0,69.22,0.008603625729499242
2024-02-13,-0.008617716349981208,-0.17484000000000055,0.0,0.005346933526233499,0.040594479227870295,0.00124871303858054,13.93000030517578,0.08000000000000007,0.0,36.610000000000014,-0.01212191702127896
2024-02-15,-0.0011867534068645824,-0.00925999999999938,0.0,-0.013768609419845035,0.012274907944354041,0.0075551540543532525,15.850000381469728,0.13999999999999968,0.0,-31.960000000000008,0.01289060903038397
2024-02-16,-0.0016959969475358605,-0.014520000000000088,0.0,0.015338540978257598,0.002052547624376899,-0.0063079252069986325,14.010000228881836,-0.0699999999999994,0.0,-100.19,0.004408032870488299
2024-02-19,0.0076157300883341605,-0.050370000000000026,0.0,-0.0048150435759612975,0.014756706567403022,-0.00019181390686195954,14.239999771118164,0.05999999999999961,0.0,-24.71,-0.005309213887883857
2024-02-20,-0.00277313655201894,0.06679999999999975,0.0,0.0,0.0,0.0,14.239999771118164,0.0,0.0,30.449999999999996,0.007631652678270484
2024-02-21,0.00034548570791770317,0.04241000000000028,0.0,-0.006023426465818105,-0.01283619478373943,-0.0019197255622751541,15.420000076293944,-0.03000000000000025,0.0,61.17999999999999,-0.0004870317273351077
2024-02-22,0.0017255156861590848,0.0106799999999998,0.0,0.001263401495103622,-0.003459502921188573,-0.0006727828932673319,15.34000015258789,0.05000000000000071,0.0,-38.42999999999999,-0.0012778250261042956
2024-02-23,-0.0012139413048775083,-0.02259000000000011,0.0,0.020902888666403996,0.008944564222842288,-0.0004808679369903146,14.539999961853027,0.009999999999999787,0.0,-41.22999999999999,-0.006087047558024139
2024-02-26,-0.003458216702956207,-0.1602199999999998,0.0,0.0003478870265016809,-0.027338940164422176,-0.00019236789784748964,13.75,-0.07000000000000028,0.0,46.81999999999999,-0.0015463389737142563
2024-02-27,-0.00012192112370001951,0.1636300000000004,0.0,-0.0037939392446677545,0.014149700208427873,-0.0010588691184230115,13.739999771118164,0.020000000000000462,0.0,50.66000000000001,0.0002050433086608905
2024-02-28,0.0033563562365532817,-0.06723000000000035,0.0,0.0017048955387206632,0.016491276620095974,0.0,13.43000030517578,0.02999999999999936,0.0,-50.38000000000001,0.00592850715290183
2024-02-29,0.0009267693167700486,-0.04682999999999993,0.0,-0.0016595313211116292,-0.0041929014273733856,0.0014436412895015849,13.84000015258789,-0.040000000000000036,0.0,25.799999999999997,-0.0017105646985928757
2024-03-01,0.0037749011798720034,-0.053910000000000124,0.0,0.00521547045579851,-0.0035714167278451114,0.0017296083787732286,13.399999618530272,-0.019999999999999574,0.0,-37.33,-0.0005747345098807699
2024-03-04,-0.0005220361117981298,0.049739999999999895,0.0,0.007975936433387787,0.02161493552946414,-0.0028843693259101855,13.109999656677246,-0.05999999999999961,0.0,-47.269999999999996,-0.0048199464828595495
2024-03-05,-0.0007707764277178342,0.11326999999999998,0.0,-0.0011939745749618424,-0.015500321222901015,-0.000288880342364628,13.489999771118164,0.02999999999999936,0.0,126.72,-0.0040331424910498015
2024-03-06,0.004711042091273043,-0.03155999999999981,0.0,-0.010245406275918967,-0.007521181992922621,-0.0002889638183320997,14.460000038146973,-0.08999999999999986,0.0,-87.06,0.011297279718057496
2024-03-07,-0.0009201238056952832,0.011339999999999684,0.0,0.0051279328530018375,0.012461958518869665,-0.004151188981360576,14.5,-0.019999999999999574,0.0,9.680000000000007,0.006007062788981443
2024-03-08,-0.0053151830284363655,-0.02660000000000018,0.0,0.010251402284984223,-0.002530647324635815,-0.005334927491491115,14.4399995803833,-0.020000000000000462,0.0,-51.220000000000006,0.0010766372370465405
2024-03-13,-0.003004252954712072,0.10705000000000009,0.0,-0.006549922992050483,-0.011724336602441099,-0.0007783794127664834,14.739999771118164,0.0,0.0,-20.050000000000004,0.0053096796165483795
2024-03-14,-0.004812792040844727,-0.03617999999999988,0.0,0.008090260316517828,0.021683459672695804,0.0004865766850716824,13.75,0.10000000000000053,0.0,122.5,0.0016301989198961309
2024-03-15,0.0017994863467674094,0.004550000000000054,0.0,-0.0028752210514948473,0.01913340619143611,0.0055299650077902385,14.399999618530272,0.09999999999999964,0.0,-89.47999999999999,-0.014261892018545552
2024-03-18,0.003589287278590092,-0.16324000000000005,0.0,-0.006504022859738612,-0.002711045610756635,0.0006770124008701472,14.40999984741211,0.019999999999999574,0.0,111.85,-0.003500222224621652
2024-03-19,0.0005948201603356296,0.04760000000000009,0.0,0.006298184238481497,0.02051855427951299,0.00144922033316508,14.329999923706056,0.03000000000000025,0.0,-41.28999999999999,0.004685631555183534
2024-03-20,0.006608857438770599,0.008560000000000123,0.0,0.005633253044342368,0.009025874969929681,0.002218003013697789,13.81999969482422,-0.040000000000000036,0.0,-48.280000000000015,-0.0007660502576261052
2024-03-21,-0.0015892695885071362,-0.0037599999999997635,0.0,0.008864765516360507,-0.02167812289445159,-0.0038605770767521363,13.039999961853027,-0.03000000000000025,0.0,110.05,0.0009850516540623744
2024-03-22,-0.001974208569880176,-0.007060000000000066,0.0,0.003231309094529067,-0.007496202357380355,0.0056891945309960334,12.920000076293944,0.0,0.0,-124.41999999999999,0.0016065393662358929
2024-03-25,0.002324064655377711,-0.0811200000000003,0.0,-0.0014031718343261446,-0.005442220602357217,0.0041260942723848615,13.0600004196167,-0.04999999999999982,0.0,-4.540000000000006,0.003749064117627654
2024-03-26,0.005018050208418501,0.10461999999999971,0.0,-0.0030596403820322138,0.01623851331766346,-0.0019169654555462046,13.1899995803833,0.03000000000000025,0.0,6.6200000000000045,-0.001640827256924382
2024-03-27,-0.0011776900175863858,-0.07686999999999955,0.0,-0.0028037219828060955,-0.004034904322067767,0.0005754609535788546,13.239999771118164,-0.009999999999999787,0.0,5.8700000000000045,-0.0075733790851355565
2024-03-28,0.0027837548028646353,0.03483999999999998,0.0,0.008593595582706115,-0.003313548720420556,0.0005751299887180039,12.779999732971191,-0.040000000000000036,0.0,12.36,-0.0029151260283928337
2024-04-01,0.003090997572195775,0.06064000000000025,0.0,0.0011158627007610278,0.022125868956703876,0.0019148361635918931,13.010000228881836,0.0,0.0,-38.59,-0.011557004728638631
2024-04-02,-0.0018282116991237274,-0.0032700000000005502,0.0,-0.002015614526957421,0.0064717498702835385,0.004485321180904833,13.649999618530272,0.1299999999999999,0.0,54.42999999999999,0.004420828729744031
2024-04-03,0.006152150026508707,-0.011549999999999727,0.0,-0.007265388203672174,0.017055991293518424,-0.0019061857824116402,14.609999656677246,0.03000000000000025,0.0,-49.39999999999999,-0.009739105774444923
2024-04-04,0.0005768003074475558,-0.015710000000000335,0.0,0.0010905275233383804,0.00328290570716927,-0.005452729783682386,14.329999923706056,0.0,0.0,22.679999999999993,0.012142609659681725
2024-04-05,-0.0011915588879638506,-0.024329999999999963,0.0,-0.012411035619262378,0.013486962431429106,-0.0012477541735407272,16.350000381469727,-0.05000000000000071,0.0,-7.179999999999993,0.004467689568627975
2024-04-16,-0.0019786127904168893,0.33810000000000073,0.0,0.011038050135699251,0.003688849418979956,0.001727284760779213,16.030000686645508,0.08000000000000007,0.0,-13.939999999999998,-0.01689458040938696
2024-04-17,0.010663182071857236,-0.23179000000000016,0.0,-0.02982541968248853,-0.01799552844234764,0.01861754986045394,18.399999618530277,0.28000000000000025,0.0,139.1,-0.004751987826166371
2024-04-18,0.014648035958918726,-0.04320000000000057,0.0,-0.005797375076005196,-0.03177890888493984,-0.002921685216049852,18.209999084472656,-0.08000000000000007,0.0,-115.14,0.005032044902401722
2024-04-19,-0.004066581453839646,-0.03343000000000007,0.0,-0.0022106017004848155,0.00048362852018968283,0.0018859466134539815,18.0,0.04999999999999982,0.0,-16.86,-0.011154365754935114
2024-04-22,-0.0016016759414956283,-0.10848999999999975,0.0,-0.00879712965405588,0.004943592704170108,0.0,18.709999084472656,-0.019999999999999574,0.0,-3.450000000000003,-0.0019062134159888444
2024-04-23,-0.0005982180652157609,0.1570499999999999,0.0,0.008693351156837892,-0.0034942010280367697,-0.0006596588253815483,16.940000534057617,0.0,0.0,-6.029999999999994,0.005215961304308792
2024-04-24,0.0021998940067113892,0.0028700000000005943,0.0,0.011893566567723113,0.006136859871728184,-0.0036832395776800197,15.6899995803833,-0.009999999999999787,0.0,-12.840000000000003,0.008921119109670528
2024-04-25,-0.006533658189008307,0.01962999999999937,0.25,0.00021298737793173927,-0.006619787763345819,0.0016071680745444183,15.970000267028809,0.040000000000000036,0.0,52.449999999999996,-0.002685206063313572
2024-04-26,0.0049319822475126784,0.04689000000000032,0.25,-0.004586934270118803,0.009135802798019732,-0.0024591153729396353,15.369999885559082,0.04999999999999982,0.0,125.64000000000001,-0.01680198062521221
2024-04-29,-0.0011103572789661342,-0.02383000000000024,0.25,0.010157381332325244,0.0033448697098901192,0.003214562339008964,15.029999732971191,-0.03000000000000025,0.0,-157.3,0.01687049179829181
2024-04-30,6.171887056360958e-05,0.03185000000000038,0.25,0.0031734080766394612,-0.014656692597929677,-0.0034039424232714666,14.670000076293944,-0.040000000000000036,0.0,8.879999999999995,0.010898329052819733
2024-05-02,0.002650314349898153,0.06559000000000026,0.25,-0.015855551118928446,-0.008507549595007546,0.00604344974818094,15.649999618530272,0.0600000000000005,0.0,31.53,-0.016273359628661055
2024-05-03,-0.0034282265084524255,0.030819999999999403,0.25,0.00564567123945281,-0.03705052583121926,-0.008698978364983567,14.68000030517578,-0.11000000000000032,0.0,-31.379999999999995,0.0024276093369710594
2024-05-06,-0.005785578896217558,-0.05135000000000023,0.25,0.012478557659509448,-0.010696604611133864,-0.002567436109225163,13.489999771118164,-0.08000000000000007,0.0,-24.78,0.0001634149177505151
2024-05-07,-0.0012432400432693669,0.12466000000000044,0.25,0.010273173691247806,0.004725760595284179,0.00019044432927550758,13.489999771118164,-0.009999999999999787,0.0,20.840000000000003,-0.0017221251327512732
2024-05-08,-0.002678211560063204,0.03176000000000023,0.25,0.0013425282288253015,-0.0012751003018784957,0.0034210866671360307,13.229999542236328,-0.020000000000000462,0.0,-37.64,-0.004899516995459763
2024-05-13,0.002429377966244317,0.18839000000000006,0.25,-5.835635194628708e-06,0.00775247740240026,0.0013272601985692134,13.0,0.010000000000000675,0.0,-2.990000000000002,0.0014753691950311065
2024-05-14,-0.0021799392021666364,-0.09264000000000028,0.25,0.006484739545408402,0.001644486896575259,-0.003131395303143769,13.600000381469728,0.0,0.0,1.009999999999998,-0.00218543698310647
2024-05-15,0.00516186350902359,-0.027930000000000454,0.25,0.004826148527454777,-0.014000560976655585,-0.001997803843080348,13.420000076293944,-0.03000000000000025,0.0,98.25,0.013470563191765095
2024-05-16,-0.0011792820160714257,-0.12349999999999994,0.25,0.011647827787300002,0.007788110021032857,-0.006304985160508814,12.449999809265137,-0.08999999999999986,0.0,-38.78,0.009269760568386687
2024-05-17,-0.01174426292244668,-0.14412000000000003,0.25,-0.002083837474089023,0.007601786273661482,0.0010535953432624368,12.420000076293944,0.019999999999999574,0.0,-41.239999999999995,0.009687292707333484
2024-05-20,0.0010551051568281622,0.0002400000000006841,0.25,0.0011640956878942177,0.010421265723094209,-9.575545859963341e-05,11.989999771118164,0.040000000000000036,0.0,-0.8800000000000026,-0.006931887614690879
2024-05-21,0.0017059407739186128,0.14713999999999938,0.25,0.0009159703084904436,-0.0032527803713788828,0.0011482419069395178,12.149999618530272,0.020000000000000462,0.0,38.24,-0.011161165657313177
2024-05-22,0.004564076821447216,-0.11032999999999937,0.25,0.002498749766893127,-0.006789927983864352,0.0008603352424856325,11.859999656677246,-0.03000000000000025,0.0,-30.270000000000003,0.005044939876585275
2024-05-27,-0.0016231742857097942,0.06806999999999963,0.25,-0.002709791209351664,-0.02155286414589508,0.0026717455887519392,12.289999961853027,0.019999999999999574,0.0,-7.109999999999999,-0.006384152090266326
2024-05-28,0.002059732963010319,0.01081999999999983,0.25,-0.00043151320679868377,0.0019318896470794655,-0.002098648264874825,11.93000030517578,0.03000000000000025,0.0,-2.6799999999999997,0.010700837953667275
2024-05-29,0.002055499182095133,-0.1177899999999994,0.25,0.00024877090688590897,0.026786756378970544,-0.0010509780682603775,12.920000076293944,0.08000000000000007,0.0,4.480000000000004,-0.015756629325807125
2024-05-30,0.0028582099736489397,7.00000000000145e-05,0.25,-0.007394317215743129,-0.007544339248005905,0.004673108174339191,14.279999732971191,0.07000000000000028,0.0,66.07,-0.014969114932894101
2024-05-31,0.007116123569266719,0.029299999999999216,0.25,-0.0059929575357529075,-0.016800695999504178,-0.0036221301060788136,14.470000267028809,-0.0600000000000005,0.0,-30.239999999999995,-0.009054942649475706
2024-06-03,-0.0002525937656479016,0.07063000000000041,0.25,0.007995824231928239,-0.011878845804019988,-0.000477606885276316,12.920000076293944,-0.040000000000000036,0.0,-20.379999999999995,0.0093461693231216
2024-06-04,0.0009239013930582018,0.006850000000000023,0.25,0.0011154602235343702,-0.03664184346355892,-0.005076384499319353,13.109999656677246,-0.09999999999999964,0.0,119.54999999999998,0.008930918640130514
2024-06-05,-0.0024656364583943713,-0.06120999999999999,0.25,0.0015016810037842276,-0.013155424182365927,-0.0002881035246513619,13.15999984741211,-0.08000000000000007,0.0,-124.14999999999999,-0.021591539270346516
2024-06-06,0.00449521986057988,-0.035499999999999865,0.25,0.011778015849955636,0.011132340007921293,0.0015356182576500288,12.630000114440918,-0.040000000000000036,0.0,-32.48,0.003911216329083089
2024-06-07,0.0023932999058402515,-0.04768000000000061,0.25,-0.0001998366016362496,0.019784141207532357,-0.0016316956437716357,12.579999923706056,-0.009999999999999787,0.0,44.830000000000005,-0.011093262327868558
2024-06-10,-0.0045029089619710305,0.01069000000000031,0.25,-0.0011158420502788147,-0.0002648169491052954,0.007560215191439568,12.220000267028809,0.14999999999999947,0.0,-24.560000000000002,0.0034151282637200353
2024-06-11,0.001740900147632729,0.07232000000000038,0.25,0.002577529978241344,0.028839985781384136,0.0024757405056137216,12.739999771118164,0.040000000000000036,0.0,37.08,-0.009560324286146837
2024-06-12,0.0025781120412080583,-0.04455000000000009,0.25,0.0027067148552095688,0.002056074519455109,0.0007605459934802994,12.850000381469728,-0.08000000000000007,0.0,-33.35,-0.0008162610242496982
2024-06-13,-0.00040466802295924253,0.01698999999999984,0.25,0.008467720241887022,0.007672652323998719,-0.005526999180847092,12.039999961853027,-0.08000000000000007,0.0,40.93,-0.0027092053049564413
2024-06-14,-0.0046349837226955515,0.016650000000000276,0.25,0.002341911437117261,0.001527530140252864,0.005241807821713351,11.9399995803833,-0.0699999999999994,0.0,-6.040000000000006,-0.014260762102940916
2024-06-19,0.003444461518441244,0.11283999999999939,0.25,-0.00039393828099854034,-0.0021647146502488113,0.0033215319127366527,12.65999984741211,-0.040000000000000036,0.0,-5.289999999999992,-0.0011756400579212567
2024-06-20,0.005694183455302593,-0.059330000000000105,0.25,0.010153318553838275,0.039000103292846866,-0.0027513029868098116,12.300000190734863,0.019999999999999574,0.0,-36.27,0.013642647755126802
2024-06-21,0.00011601931657168052,0.0369900000000003,0.25,-0.002529127395412445,0.007328706088144621,0.0031301349156409586,13.279999732971191,0.03000000000000025,0.0,37.29,0.008855580672355146
2024-06-24,0.006753329149363552,-0.07275999999999971,0.25,-0.0015633517188238244,-0.017679954670203557,0.001986913132718371,13.199999809265137,0.0,0.0,-13.789999999999992,0.001334434980844179
2024-06-25,-0.002969520234088918,-0.009680000000000355,0.25,-0.003069879155868094,0.011086512827385597,-0.003123984406331104,13.329999923706056,0.0,0.0,23.33999999999999,-0.0009382804771114195
2024-06-26,-0.0029783645544174675,0.07603000000000026,0.25,0.003925873679182956,-0.009848601417631109,0.001326505675220524,12.84000015258789,-0.019999999999999574,0.0,-49.709999999999994,0.00332715890986357
2024-06-27,0.00042081840330077114,-0.0038999999999997925,0.25,0.0015711962247202393,0.0008656365268331356,0.004157640249605521,12.550000190734863,0.08999999999999986,0.0,17.11,0.008982460391310454
2024-06-28,0.0020100509280229772,-0.03154000000000057,0.25,0.0009069098567984213,0.0103296090759315,-0.0013209983541484505,12.239999771118164,-0.03000000000000025,0.0,22.019999999999996,0.013630369390982722
2024-07-01,-0.0036331960245234995,0.06184000000000012,0.25,-0.004092013462368982,-0.0024497433826136117,-0.0003777591348805842,12.4399995803833,0.07000000000000028,0.0,-32.529999999999994,0.01070878930844188
2024-07-02,-0.001919492373550824,0.0015499999999999403,0.25,0.0026719909814296727,0.022314730893051582,0.0002833147177812023,12.220000267028809,0.1200000000000001,0.0,187.70000000000002,-0.002030722354371406
2024-07-03,0.0028717216448175265,0.011880000000000557,0.25,0.006176205771184939,-0.006859641948525841,-0.0017011657333814156,12.029999732971191,-0.05000000000000071,0.0,-202.63,0.010000545310841602
2024-07-04,6.101095148380864e-05,0.01808999999999994,0.25,0.005071562269533203,0.01283837572594937,-0.003031450698364857,12.09000015258789,-0.0699999999999994,0.0,17.369999999999997,0.003347883997397716
2024-07-05,-0.003116314275365184,-0.025780000000000136,0.25,0.0,0.0,0.0,12.09000015258789,0.0,0.0,-25.07,0.004488376183227061
2024-07-08,-0.0007040421491666393,-0.02554000000000034,0.25,0.0054339743609688185,-0.008620666262815213,-0.004945837316700619,12.479999542236328,-0.08000000000000007,0.0,745.2,-0.0003302484700302699
2024-07-09,-0.005126878161627602,0.02906999999999993,0.25,0.0010161824764054472,-0.0100309234759548,0.0012387907934261477,12.369999885559082,0.0,0.0,-669.5,0.00259266290425586
2024-07-10,0.0019801984884804114,-0.0214799999999995,0.25,0.0007407974780644366,-0.01123742298134811,0.0010469768033471993,12.510000228881836,0.019999999999999574,0.0,-23.72,0.0023688129724188656
2024-07-11,-1.2299200182752656e-05,0.04343999999999948,0.25,0.010156314878106087,0.008439837303350295,-0.0006661245228283263,12.850000381469728,-0.019999999999999574,0.0,97.17,0.0018324297708787185
2024-07-12,-0.00486529058256302,0.0894200000000005,0.25,-0.008801649969266023,0.006313817339399286,-0.005823689134446752,12.920000076293944,-0.08000000000000007,0.0,-153.33,0.0037151909215236145
2024-07-15,-0.005820089489306568,0.002829999999999444,0.25,0.00550186402496422,-0.00497487718457279,-0.0033568928618565863,12.460000038146973,-0.020000000000000462,0.0,79.91999999999999,-0.00667068173105001
2024-07-16,0.00024835465171690885,-0.0639599999999998,0.25,0.002822216423354007,-0.0036558097911436604,0.0009603045111106212,13.119999885559082,0.05000000000000071,0.0,-9.809999999999988,-0.007525270036087051
2024-07-17,0.005386509634083936,-0.05804000000000009,0.25,0.0063690499714521565,-0.0141393083402237,0.0007674777505330965,13.1899995803833,-0.0600000000000005,0.0,-2.8300000000000125,-1.040872846225227e-05
2024-07-18,-0.0013593674856497984,-0.03060999999999936,0.25,-0.014025441523644488,0.02554990555897696,-0.004999497496068095,14.479999542236328,-0.009999999999999787,0.0,32.53,0.013317640049464785
2024-07-19,-0.00216644571132818,-0.014180000000000526,0.25,-0.007847112145350721,-0.00036215102259085086,0.004040003307986595,15.93000030517578,0.040000000000000036,0.0,247.45999999999998,-0.0036366313876197154
2024-07-22,0.00290814795189398,0.026080000000000325,0.25,-0.007165879226405991,-0.03301929291921013,0.002205527645442018,16.520000457763672,0.04999999999999982,0.0,-288.08,0.0037602768893219007
2024-07-23,0.0012966566603260787,0.06472999999999995,0.25,0.010734217246220368,-0.004377450337009314,-0.0008624787816513546,14.90999984741211,0.009999999999999787,0.0,-10.0,-0.001109488124596325
2024-07-24,0.0008758470702527887,-0.003330000000000055,0.25,-0.0015593176939461273,-0.035987036715088294,0.0013412475025855741,14.720000267028809,-0.009999999999999787,0.0,62.95,-0.007011003762540824
2024-07-25,0.00011095453936604827,0.0014199999999995327,0.25,-0.023421242222893213,0.008152711246338207,-0.0005745792118032611,18.040000915527344,0.03000000000000025,0.0,-62.540000000000006,-0.003100309776884913
2024-07-26,0.0014783789806092074,0.04396000000000022,0.25,-0.005155889019716753,0.008853621226170283,-0.00028741345631999593,18.459999084472656,-0.010000000000000675,0.0,-39.46,0.006592627630851666
2024-07-29,0.005634704860932871,0.008799999999999919,0.0,0.01102942040957089,-0.014410891435045592,-0.000383370864086352,16.389999389648438,-0.0699999999999994,0.0,28.410000000000004,0.00010015466367185866
2024-07-30,-0.003359810707610933,0.018279999999999852,0.0,0.0008129795718279098,-0.017651057634833656,0.0022979507136726696,16.600000381469727,-0.03000000000000025,0.0,-1.8900000000000006,-0.006473627666773396
2024-07-31,0.001147790051980735,-0.048929999999999474,0.0,-0.004972514361366365,-0.014348515000907724,-9.559090253397073e-05,17.690000534057617,-0.019999999999999574,0.0,7.219999999999999,0.0019173403673473643
2024-08-01,0.0016426384486258883,0.019560000000000244,0.0,0.01566998070191694,0.04167269848409472,-0.004313494100995463,16.360000610351562,-0.0600000000000005,0.0,-20.410000000000004,0.009631657823080175
2024-08-02,-0.004511493526822008,0.007369999999999877,0.0,-0.013788123791989904,-0.020750402038848037,0.0030692494838229223,18.59000015258789,-0.09999999999999964,0.0,7.939999999999998,-0.0024411225318150542
2024-08-05,0.0015982299935082267,-0.013810000000000322,0.0,-0.018552906608553243,-0.037246526920984735,-0.011655471739614676,23.38999938964844,-0.1900000000000004,0.0,36.71,-0.03459059929567587
2024-08-06,-0.016660342619049473,0.06184999999999974,0.0,-0.03042704139239305,-0.007920213535323128,-0.005050973722581453,38.56999969482422,-0.020000000000000018,0.0,52.44999999999999,0.009805231908556422
2024-08-07,0.012166506375999475,-0.043079999999999785,0.0,0.010300849493599884,0.0035581604246184284,0.0027229305388676295,27.709999084472656,0.1200000000000001,0.0,57.71000000000001,0.011563341577154773
2024-08-08,-0.003442505208944624,-0.014249999999999652,0.0,-0.007764715388770327,0.02735475291781775,0.002231127952566858,27.850000381469727,0.06000000000000005,0.0,-154.51999999999998,-0.0023612793867577864
2024-08-09,-0.008037252271639872,0.016329999999999956,0.0,0.022781139590899002,0.012680120334173317,9.691523114696565e-05,23.790000915527344,0.03000000000000025,0.0,-34.68,0.008562811560688388
2024-08-12,-0.0027498298684918154,-0.010460000000000136,0.0,0.004660798434381164,0.008495037712886067,-0.0006784560021992903,20.3700008392334,-0.050000000000000266,0.0,104.05000000000001,0.00558297073078684
2024-08-13,-0.003824815773592505,0.08999000000000024,0.0,4.3033051721153015e-05,0.04105103282825873,0.0,20.709999084472656,-0.040000000000000036,0.0,-46.260000000000005,0.008054107103552255
2024-08-14,0.0019518324309029111,-0.03207000000000004,0.0,0.016707233419049672,-0.021590373742851554,-0.005639313337416851,18.1200008392334,-0.04999999999999982,0.0,11.920000000000002,0.01073526314889861
2024-08-15,-0.012625505622116506,-0.08626999999999985,0.0,0.003816436561198344,-0.01764025786340273,9.751997633067333e-05,16.190000534057617,-0.020000000000000018,0.0,32.120000000000005,-0.0035752305589102917
2024-08-16,-0.008256737536521896,-0.01877000000000084,0.0,0.016004489931304988,0.015212363125069572,0.003989337871885823,15.229999542236328,0.08999999999999986,0.0,100.64999999999999,0.0030439977632052972
2024-08-19,0.00863764155331559,-0.050189999999999735,0.0,0.0019878023683954638,-0.01950842936361674,-0.005062357640317927,14.800000190734863,-0.029999999999999805,0.0,-26.169999999999987,0.004663595993324776
2024-08-20,-0.00458045205695079,0.23489000000000004,0.0,0.009675327436177383,-0.03019695357839325,-0.005578675579700487,14.649999618530272,-0.03000000000000025,0.0,-106.42,0.008953413943359578
2024-08-21,-0.010254528107981997,0.007150000000000212,0.0,-0.001986527237608726,-0.004447171575921338,-0.004426279239488906,15.880000114440918,-0.040000000000000036,0.0,-34.220000000000006,0.002731592528654403
2024-08-22,-0.005231725157681666,-0.020050000000000345,0.0,0.004230714721005668,-0.028912071948662188,-0.003951027653131156,16.270000457763672,-0.029999999999999805,0.0,62.49,-0.008763709007832077
2024-08-23,0.002716162828777513,0.027029999999999887,0.0,-0.00897294225665668,0.014903019205474877,0.00464084973759693,17.549999237060547,0.06999999999999984,0.0,-29.67,0.007400042798698436
2024-08-26,0.015667120621539965,-0.1013699999999993,0.0,0.011417937401663636,0.024622451234376896,-0.007812934985010678,15.859999656677246,-0.04999999999999982,0.0,-17.540000000000006,0.008170997255437129
2024-08-27,-0.022588447748347562,0.12563999999999975,0.0,-0.003158710169605783,0.034026222936781814,0.0012898474141769256,16.149999618530273,0.009999999999999787,0.0,-5.869999999999997,-0.0010936496036251242
2024-08-28,0.005538274106029917,0.00851000000000024,0.0,0.0015939251127239373,-0.024715209335050226,-0.002979102700727765,15.43000030517578,0.010000000000000231,0.0,-28.019999999999996,0.007995732007763934
2024-08-29,0.00029098246316117127,-0.014680000000000248,0.0,-0.005993900794734941,-0.013462411477556557,0.005356026370427536,17.110000610351562,0.009999999999999787,0.0,28.380000000000003,-0.004091333224112148
2024-08-30,-0.0017536175611549965,-0.09480000000000022,0.0,-3.937984343771461e-05,0.018480975585486448,0.0024699909711660695,15.649999618530272,0.03000000000000025,0.0,28.189999999999998,0.005638393343431858
2024-09-02,0.0003108198697425735,0.03282999999999969,0.0,0.01004245707914464,-0.031582987731720635,0.003546109136158826,15.0,0.040000000000000036,0.0,-31.39,0.0030974926362663524
2024-09-03,0.005179263353170427,0.09930000000000039,0.0,0.0,0.0,0.0,15.0,0.0,0.0,540.37,-0.01018995563148195
2024-09-04,-0.0003156949552334254,0.000600000000000378,0.0,-0.021377963372398057,-0.04462491355686993,0.0012775011179968487,20.71999931335449,-0.07000000000000028,0.0,-530.38,0.00737441532410088
2024-09-05,0.0008244473625786952,-0.09590000000000032,0.0,-0.0016038290273812095,-0.016339756459788468,-0.004626232130553909,21.31999969482422,-0.06999999999999984,0.0,21.86,0.0010612225878308124
2024-09-06,-0.005713876842058596,0.0043400000000000105,0.0,-0.0030225810146742305,-0.0007227383460923775,-0.002469502894687281,19.899999618530277,-0.040000000000000036,0.0,-37.91,0.005298138249051121
2024-09-09,-0.0017757067066277443,-0.04657999999999962,0.0,-0.01741094450742331,-0.021635156991438365,0.0006920727401391602,22.3799991607666,-0.009999999999999787,0.0,48.18000000000001,-0.0024775294372023637
2024-09-10,-0.000778664629571324,0.1369599999999993,0.0,0.011513534435817263,0.015251812532925513,0.0036502061982117695,19.450000762939453,-0.020000000000000018,0.0,-47.440000000000005,0.007585257860991845
2024-09-11,0.0033568912803811912,0.016799999999999926,0.0,0.004462699977795026,-0.04403506466059692,0.0007874220461978609,19.07999992370605,-0.050000000000000266,0.0,62.4,-5.580413492545233e-05
2024-09-12,0.0020810712366099438,-0.08061999999999969,0.0,0.010608555649842089,0.023449106693669286,0.0004918897581669412,17.690000534057617,0.0,0.0,-79.96000000000001,0.00478161077410455
2024-09-13,-0.0033628693659171205,-0.011529999999999596,0.0,0.007467352156803386,0.02436286739070148,-0.003053413393601545,17.06999969482422,0.03000000000000025,0.0,20.46,0.0017907494723701234
2024-09-17,-0.0011861540472111187,-0.03701000000000043,0.0,0.005393142234355608,-0.004650490701332721,-0.002568177349114187,16.559999465942383,-0.020000000000000018,0.0,34.39,0.0025118988752446114
2024-09-18,-0.0021880623784884534,0.09891000000000005,0.0,0.0015203559612064765,0.03633123896909929,-0.0021782307692035374,17.610000610351562,-0.010000000000000231,0.0,17.659999999999997,-0.0003376613990422328
2024-09-19,-0.0026033207023061777,-0.1901799999999998,-0.25,-0.0029006587083131308,-0.0039408744496371995,-0.002878565872758365,18.229999542236328,0.050000000000000266,0.0,41.56000000000002,0.009692821179804412
2024-09-20,-0.0029237750979653754,-0.08790999999999993,-0.25,0.016834356892726277,0.014559871958021553,9.941987261274932e-05,16.329999923706055,0.029999999999999805,-0.5,-26.01000000000002,-0.02075510870982633
2024-09-23,-0.006728418028103533,0.025879999999999903,-0.25,-0.0019429136300157523,-0.0004170262146345749,0.0010927394853919026,16.149999618530273,0.0,-0.5,-59.69999999999999,0.00421775351997411
2024-09-24,-0.0028729714364477132,0.04884000000000022,-0.25,0.0028053344257124024,-0.02178728969472221,0.0019837037733703156,15.890000343322754,0.020000000000000018,-0.5,7.199999999999989,0.0003549202146420072
2024-09-25,0.001325477862220481,0.00865999999999989,-0.25,0.0025080311033462976,0.016769149514566983,-0.005464720438951076,15.390000343322754,-0.009999999999999787,-0.5,-1.1299999999999955,-0.004844188018738649
2024-09-26,-0.003498907776620541,-0.10972999999999988,-0.25,-0.0018629832062124763,-0.026479354040803038,0.005464720438951076,15.40999984741211,0.04999999999999982,-0.5,31.439999999999998,0.0004667950048773406
2024-09-27,0.005303013599009532,0.032569999999999766,-0.25,0.004030542158199424,-0.029413947297257437,-0.003573565625344166,15.369999885559082,0.0,-0.5,-21.799999999999997,-0.006165263433336676
2024-09-30,-0.008688094555386883,-0.03856000000000037,-0.25,-0.0012540029000724928,0.007508348000242471,-0.0013931676312921581,16.959999084472656,-0.040000000000000036,-0.5,8.400000000000006,-0.022199733933145893
2024-10-01,0.0031800742315795105,0.04459999999999997,-0.25,0.004227603658440771,-0.00014671267121890708,0.0035785387673037405,16.729999542236328,0.06000000000000005,-0.5,25.75999999999999,0.015056730912561989
2024-10-02,0.003473231706358604,0.04161000000000037,-0.25,-0.009367848694454395,0.024059184564979574,0.00406005072872162,19.26000022888184,-0.06999999999999984,-0.5,-57.41,-0.010374122174386713
2024-10-03,0.005914999389739606,-0.026209999999999845,-0.25,0.00013838132698751338,0.0038590291938218613,0.00483066801391363,18.899999618530277,0.04999999999999982,-0.5,74.74,-0.0025728439195749075
2024-10-04,0.004145908872320803,0.03204999999999991,-0.25,-0.0016828286544594562,0.05021569050716046,0.003044118434402776,20.489999771118164,0.06000000000000005,-0.5,-56.91999999999999,-0.006348101365752257
2024-10-07,0.008641748331777777,-0.10484000000000027,-0.25,0.008930255699185707,0.009048588790040668,0.0051831204347507764,19.209999084472656,0.1299999999999999,-0.5,-2.1200000000000045,0.0010725100149304723
2024-10-08,0.012408941815980512,0.09417000000000009,-0.25,-0.009632263829388421,0.03643489329725291,0.00019510653235688125,22.63999938964844,0.050000000000000266,-0.5,-26.200000000000003,0.007038917561537517
2024-10-09,0.005988423323735503,-0.006109999999999616,-0.25,0.009642706804694257,-0.047384615071751846,9.753899307529679e-05,21.420000076293945,0.009999999999999787,-0.5,78.71000000000001,-0.007418728246488371
2024-10-10,-0.003920250967324179,0.006799999999999251,-0.25,0.0070882310169952945,-0.004495639157300779,0.0036986342262350647,20.86000061035156,0.019999999999999574,-0.5,-55.49000000000001,-0.0028308624687181094
2024-10-11,-0.0011357248325758462,0.024370000000000225,-0.25,-0.0020722685059819668,0.03501599503871056,0.0005827268922402595,20.93000030517578,0.03000000000000025,-0.5,25.120000000000005,0.00540269714067243
2024-10-14,0.0004021497237900462,-0.02695000000000025,-0.25,0.006033608707298299,-0.0038306753550028105,-0.0009714249399541686,20.459999084472656,-0.009999999999999787,-0.5,150.39,0.00517933110828217
2024-10-15,-0.0069734690390479415,0.04182000000000041,-0.25,0.007678114574593664,-0.023161832450448117,0.003976955212621647,19.700000762939453,0.0,-0.5,-178.81,0.008862655342579018
2024-10-16,0.0007066003184625913,-0.08253999999999984,-0.25,-0.007638566037513783,-0.04501833368193964,-0.0003873055288794447,20.63999938964844,-0.04999999999999982,-0.5,72.16,0.002878887333652713
2024-10-17,0.0003595070240720588,-0.00820000000000043,-0.25,0.004668232782780279,-0.0026956452410500376,0.0031906645786685672,19.57999992370605,-0.010000000000000675,-0.5,-60.72999999999999,0.011193465623287935
2024-10-18,0.0003402025704684064,0.051600000000000534,-0.25,-0.00017117512853737082,0.003969929843791853,0.002314199232432479,19.11000061035156,0.07000000000000028,-0.5,35.11999999999999,0.003229539565442252
2024-10-21,-0.005850046093586414,-0.07884000000000047,-0.25,0.003963686942773492,-0.020731272950514246,-0.0032799949123045735,18.030000686645508,-0.009999999999999787,-0.5,-44.67999999999999,0.0016141650639358573
2024-10-22,-0.0016795869581525125,0.11354000000000042,-0.25,-0.0018244327564183038,0.019173521255787307,0.005012099865565389,18.3700008392334,0.11000000000000032,-0.5,213.68,0.002106049096934015
2024-10-23,0.0057376942374975926,0.0024600000000001288,-0.25,-0.00047496666719659686,0.02145191051924833,0.0006727828932673319,18.200000762939453,0.009999999999999787,-0.5,-167.78000000000003,-0.00018206457135860887
2024-10-24,0.0019266591278679357,-0.05948000000000064,-0.25,-0.009233824267679935,-0.018480152964078123,0.003357141616745274,19.239999771118164,0.040000000000000036,-0.5,-17.42,-0.009161002170005261
2024-10-25,0.004928167675156914,-0.04125999999999941,-0.25,0.002143473130557183,-0.008229249128125282,-0.003549361013124752,19.07999992370605,-0.03000000000000025,-0.5,-31.25999999999999,-0.002840619008633638
2024-10-28,-0.0026530725658080456,-0.05958000000000041,-0.25,-0.0002994920131857981,0.022399983188136297,0.0019201674287812054,20.32999992370605,0.040000000000000036,-0.5,16.310000000000002,-0.007832013061189969
2024-10-29,0.004254267742393125,0.06346000000000007,-0.25,0.0026479346267329618,-0.06325767149745243,0.000575295423547395,19.799999237060547,0.03000000000000025,-0.5,-7.990000000000009,-0.003678284700486145
2024-10-30,0.003747432665161199,-0.030529999999999724,-0.25,0.0016128259449015303,-0.002526164855852997,-0.00038351789367396805,19.34000015258789,0.0,-0.5,13.320000000000007,-0.004843039229601942
2024-10-31,0.0013326989121473787,-0.07851000000000052,-0.25,-0.003305691672489175,0.020616273238773353,-0.0027848572297992646,20.350000381469727,0.009999999999999787,-0.5,-18.52000000000001,0.000550578637348309
2024-11-01,-0.004608522784545599,-0.060579999999999856,-0.25,-0.018790134928744706,0.00942926421915935,-9.611488950245217e-05,23.15999984741211,-0.009999999999999787,-0.5,37.18000000000001,-0.009120157254741912
2024-11-04,0.0011143481421207468,0.029060000000000308,-0.25,0.004084158004525662,0.0033152567667684707,0.002880972119301717,21.8799991607666,0.08999999999999986,-0.5,8.650000000000006,-0.003437349948946178
2024-11-05,0.008176245834093265,0.09600000000000009,-0.25,-0.0028160448131906435,0.028094971727140816,-0.0037469361518258637,21.979999542236328,-0.0600000000000005,-0.5,115.52,0.0016602585220599764
2024-11-06,-0.003287812774537713,0.015509999999999913,-0.25,0.012191031029562538,0.0072493924953977995,-0.004534291944420232,20.489999771118164,-0.04999999999999982,-0.5,80.68,-0.01452895227989437
2024-11-07,-0.007947903863394501,-0.12828000000000017,-0.25,0.02498128095718677,-0.004175888887395729,0.016018741767100053,16.270000457763672,0.16000000000000014,-0.5,-169.92000000000002,-0.019143448148472686
2024-11-08,0.009732263783957862,0.0866699999999998,-0.25,0.007403754173996191,0.009302367042198334,-0.005534309983287855,15.199999809265137,-0.11000000000000032,-0.5,180.95,0.005963943526895221
2024-11-11,-0.01658621240353142,-0.024490000000000123,-0.25,0.003749794035718068,-0.027744576093622797,0.004677569110669744,14.9399995803833,-0.009999999999999787,-0.75,-15.109999999999957,-0.002848903168723993
2024-11-12,0.0057170239388550925,0.1194500000000005,-0.25,0.0009685941909562956,-0.03381331188501857,0.005129686494694141,14.970000267028809,0.0,-0.75,77.91999999999996,0.007612345797191722
2024-11-13,0.007500293273587033,-0.012579999999999814,-0.25,-0.002896851476936746,0.0011751151308629915,0.004537687244231314,14.710000038146973,0.1299999999999999,-0.75,-160.98,-0.0018201431856930128
2024-11-14,0.00151489323981302,-0.06334000000000017,-0.25,0.0002322007641417656,0.004540433309838221,0.004329481716831118,14.020000457763672,0.010000000000000675,-0.75,-54.94999999999999,-0.01296008780451352
2024-11-15,0.0036856546542303192,-0.04069000000000056,-0.25,-0.006068108582244491,0.003937825382706706,0.0017827338585103547,14.3100004196167,-0.010000000000000675,-0.75,-34.670000000000016,-0.007415712105903083
2024-11-18,0.005418405627702683,0.018930000000000113,-0.25,-0.013291430866793519,-0.024758122586162834,0.00018751661475757686,16.139999389648438,0.0,-0.75,132.69000000000003,-0.003774743609783471
2024-11-19,-0.002639469146465956,0.10927000000000042,-0.25,0.003910159746206787,0.0314316815457234,-0.003850346680662753,15.579999923706056,-0.009999999999999787,-0.75,194.8,0.008574794182266032
2024-11-20,-0.005375860611719574,0.016820000000000057,-0.25,0.003955750520596268,0.0033200423491468456,-0.0006588516924095345,16.350000381469727,-0.03000000000000025,-0.75,-249.17000000000002,-0.0021396543402438795
2024-11-21,0.0006956918158458336,0.0016599999999993287,-0.25,2.195062133480974e-05,-0.00752204667821843,0.004415444461003837,17.15999984741211,0.020000000000000462,-0.75,-32.24000000000001,-0.005505519309441098
2024-11-22,0.0060447766516169565,-0.018489999999999895,-0.25,0.00532625184428781,0.017702062836089993,0.0027147305552004397,16.8700008392334,0.019999999999999574,-0.75,38.099999999999994,0.007624341264239831
2024-11-25,-0.0060573718814342925,-0.05618999999999996,-0.25,0.003461959591536612,0.01613165616169976,0.00484936738153241,15.239999771118164,-0.019999999999999574,-0.75,-84.53999999999999,0.016340217668430412
2024-11-26,0.007752660015455604,0.05691999999999986,-0.25,0.003015927820126052,-0.032817831932857366,-0.006252628056503617,14.600000381469728,-0.14000000000000057,-0.75,-47.620000000000005,-0.009370912649030672
2024-11-28,-0.0024370830027375945,-0.05505999999999922,-0.25,0.005705697155262257,-0.0024690419843933498,0.0017771359471066006,14.100000381469728,0.03000000000000025,-0.75,62.400000000000006,-0.006331298081164505
2024-11-29,-0.0023737175407045896,-0.037220000000000475,-0.25,-0.003808481083577675,-0.0007272590783866661,-0.008728764303189251,14.100000381469728,-0.04999999999999982,-0.75,12.569999999999993,-0.012000782995926329
2024-12-02,0.000913630484294714,0.06883999999999979,-0.25,0.005592120396801903,-0.010532590263325758,-0.0032103130939935554,13.510000228881836,-0.07000000000000028,-0.75,12.090000000000003,-0.009502094855221799
2024-12-03,-0.0030908025993205968,0.023290000000000255,-0.25,0.0024454638805817552,0.0014694855729144862,0.006692132066393519,13.34000015258789,0.010000000000000675,-0.75,-96.13,0.020927706039262972
2024-12-04,0.005104141646095073,-0.034279999999999866,-0.25,0.00045134724202178234,0.02666057579336023,-0.0007517545864308417,13.300000190734863,0.040000000000000036,-0.75,13.509999999999991,0.018006275888291512
2024-12-05,0.001883831012372994,-0.0512100000000002,-0.25,0.00603318162813693,-0.020220236738356157,-0.00028213444614433314,13.449999809265137,-0.040000000000000036,-0.75,85.72,-0.0018375826197747358
2024-12-06,-0.00209758048149844,-0.08561999999999959,-0.25,-0.0018715258393822154,-0.0035077185456158233,-0.005941986518624098,13.539999961853027,-0.020000000000000462,-0.75,-80.52,0.009454575600775783
2024-12-09,-0.00420834516711821,-0.04348000000000063,-0.25,0.0024923453675373963,-0.016236609142369574,0.002456559586245355,12.770000457763672,-0.019999999999999574,-0.75,293.3,0.007414863572268615
2024-12-10,-0.000884240379775747,0.06852000000000036,-0.25,-0.0061631672852264785,0.017260969981989227,0.0016971558179355029,14.1899995803833,0.04999999999999982,-0.75,-156.89,0.0020893343804075926
2024-12-11,0.0024108838838188262,0.05827999999999989,-0.25,-0.0029682843142797566,0.003212526021897588,0.0023523887245033848,14.18000030517578,0.019999999999999574,-0.75,-15.410000000000025,0.0015370446422764417
2024-12-12,0.002769736127948619,-0.12509999999999977,-0.25,0.008132626411368804,0.024482856092888028,0.002909274800379613,13.579999923706056,0.040000000000000036,-0.75,1.3300000000000125,-0.009491182200351389
2024-12-13,0.0034514169368975445,-0.11950000000000038,0.0,-0.005428731461464054,-0.0038486866287925636,0.0023400581852675018,13.920000076293944,0.0600000000000005,-0.75,-94.28,-0.009436662698000475
2024-12-16,0.00027562389441015966,0.06484999999999985,0.0,-2.6466989371698446e-05,0.017975210387811913,0.00037391022774801996,13.8100004196167,0.08000000000000007,-0.25,16.24000000000001,-0.009073133371144237
2024-12-17,0.003650743193421846,0.2355900000000002,0.0,0.0037921550087851585,-0.008169085303321388,-0.0013092622205874704,14.6899995803833,-0.010000000000000675,-0.25,147.25,-0.013998062449530835
2024-12-18,-0.004427651639966612,-0.026819999999999844,0.0,-0.003871479480656248,-0.00894951991231352,0.0009353519928394505,15.869999885559082,0.010000000000000675,-0.25,-201.99,-0.006989837420512401
2024-12-19,-0.0018066956290834213,-0.04886000000000035,0.0,-0.029936505304517524,0.007109371433892342,0.009954030795067403,27.6200008392334,0.09999999999999964,-0.25,165.05,-0.0185502175335035
2024-12-20,0.013663409443516628,-0.02273999999999976,0.0,-0.0008654867505377695,-0.009538091283001648,0.003511414424155035,24.09000015258789,0.07000000000000028,-0.5,-80.28,0.0009494152275930645
2024-12-23,-0.010209697047082855,-0.05616999999999983,0.0,0.010810479402397988,-0.006457718771803123,-0.007313839870994876,18.36000061035156,-0.05000000000000071,-0.5,9.090000000000003,0.015991407644307287
2024-12-24,0.011076446738815804,0.08772000000000002,0.0,0.007260849585616569,-0.003172334679828026,0.0038950078159958323,16.780000686645508,0.07000000000000028,-0.5,-41.78,-0.004335314885715036
2024-12-27,0.003601324941714168,0.057310000000000194,0.0,0.010982233165126587,0.012344072817911389,0.0020342237028581067,14.270000457763672,0.0,-0.5,113.16,-0.004137665436257265
2024-12-30,-0.001765048918718648,0.014909999999999535,0.0,-0.01152304605317056,0.007107350612810315,-0.002404533977019341,15.949999809265137,0.03000000000000025,-0.5,-147.87,0.00613950985553835
2025-01-02,-0.0006797046636073389,-0.003649999999999487,0.0,-0.010759673941729275,0.005508869073121758,0.0012029544324851926,17.399999618530273,-0.07000000000000028,-0.5,34.06,0.01169705823187428
2025-01-03,0.0032398936034674364,-0.12931000000000026,0.0,-0.006520369608431054,0.029699649766028458,0.011585290995402175,17.93000030517578,0.020000000000000462,-0.5,50.53,0.00017087553646710774
2025-01-06,-0.0018130711425232704,-0.04474999999999962,0.0,0.012517356707824945,0.01128575241491081,-0.004030439172105993,16.1299991607666,0.02999999999999936,-0.5,-21.49000000000001,-0.011787521239611465
2025-01-07,-0.0013773858854797538,0.09432999999999936,0.0,0.005522766496818932,-0.005423027593439933,-0.006353272278762034,16.040000915527344,0.020000000000000462,-0.5,54.900000000000006,0.0003967956203343448
2025-01-08,1.8530540790706596e-05,-0.01672999999999991,0.0,-0.011166021516636704,0.00933641113600725,0.002583015968950164,17.81999969482422,0.04999999999999982,-0.5,38.629999999999995,-0.0004140361839883866
2025-01-09,-0.0013235333932613003,-0.017509999999999692,0.0,0.0015591440938305112,-0.01260435887354916,0.005054418969860031,17.700000762939453,0.0,-0.5,-48.93000000000001,-0.002228947842576545
2025-01-10,0.0018487645969731403,0.011459999999999582,0.0,0.0,0.008149983753407142,0.0008247031087238454,17.700000762939453,0.009999999999999787,-0.5,18.700000000000017,0.003430730611917454
2025-01-13,0.003047095689248991,0.005570000000000519,0.0,-0.015531637650232355,0.035221948576785955,0.004295589631028385,19.540000915527344,0.08999999999999986,-0.5,-82.95000000000002,-0.010206895000919758
2025-01-14,0.0019073994400020666,0.09615999999999936,0.0,0.0015742043780537784,0.028961416755598712,0.002823166191239679,19.190000534057617,0.020000000000000462,-0.5,31.840000000000003,-0.00861832046668809
2025-01-15,0.0016706098587064844,-0.11967999999999979,0.0,0.0011456233341640143,-0.01688883153575027,-0.006294802109844788,18.709999084472656,-0.009999999999999787,-0.5,5.800000000000011,0.017511844582712044
2025-01-16,0.0015207516322757186,-0.048789999999999445,-0.25,0.018147132504516605,0.03224858479460391,-0.0016486568211471209,16.1200008392334,-0.1200000000000001,-0.5,-74.68,0.003941200777019205
2025-01-17,0.002496868260754681,-0.2163200000000005,-0.25,-0.002114924340865798,-0.01713752375435096,-0.0011923620412641611,16.600000381469727,-0.04999999999999982,-0.5,23.960000000000008,0.0066103976969955625
2025-01-20,0.0004888541414977965,-0.015329999999999622,-0.25,0.009941478308393314,-0.010219852162403065,0.003572899169909327,15.970000267028809,0.0,-0.5,38.94999999999999,0.0022447716116733574
2025-01-21,-0.0001038734444112066,0.07059999999999977,-0.25,0.0,0.0,0.0,15.970000267028809,0.0,-0.5,20.080000000000013,0.0015443952311642306
2025-01-22,-0.007488029372739291,-0.05804000000000009,-0.25,0.008730009440595765,-0.025884229863912367,-0.011867127345836614,15.0600004196167,-0.040000000000000036,-0.5,31.659999999999997,0.010431340236870312
2025-01-23,0.005267714291308678,-0.03383000000000003,-0.25,0.006119181086994274,-0.005947244685811981,0.0010174408917755784,15.100000381469728,0.02999999999999936,-0.5,-103.60000000000001,-0.0033796098769087735
2025-01-24,-0.006019008773060719,-0.003809999999999647,-0.25,0.005299419459529275,-0.010929066086830197,-0.001109935517797922,15.020000457763672,0.05000000000000071,-0.5,54.750000000000014,-0.00924908392553192
2025-01-30,-0.00011701771845018527,0.1940900000000001,-0.25,-0.002859215984466701,0.0005359179363271238,-0.005661536258415367,14.850000381469728,-0.020000000000000462,-0.5,12.639999999999986,-0.013003154214096924
2025-01-31,0.00043731751939368735,-0.06270000000000042,-0.25,-0.004940742759135475,-0.02619052221436924,0.003345111845917792,15.84000015258789,-0.11000000000000032,-0.5,104.35,0.005036828651999059
2025-02-03,0.0022452912162425065,-0.02719999999999967,-0.25,-0.005059603990266837,-0.0027537477775538832,0.005273636495052081,16.43000030517578,0.0600000000000005,-0.5,202.26999999999998,-0.011194158082941996
2025-02-04,0.00409616802212831,-0.035820000000000185,-0.25,-0.007637690729495716,0.008648621033832349,0.005704792021586691,18.6200008392334,-0.040000000000000036,-0.5,-168.61999999999995,0.006154637262492102
2025-02-05,-0.0013042841426642582,-0.008569999999999744,-0.25,0.007198907403029864,-0.006307531016771506,-0.00949533563141891,17.209999084472656,-0.020000000000000462,-0.5,66.19,-0.0069842885737472216
2025-02-06,-0.0012814819376067987,-0.032110000000000305,-0.25,0.0039010539156141277,-0.02323903673808303,-0.0035260058040611497,15.770000457763672,-0.08999999999999986,-0.5,-167.16000000000003,-0.021395696368779582
2025-02-07,-6.135496449388711e-05,0.027040000000000397,-0.25,0.003637674355266185,-0.005930519651741406,0.0010219781459790411,15.5,0.020000000000000462,-0.5,146.26,-0.01952755022398378
2025-02-10,0.001771666510167691,-0.09274000000000004,-0.25,-0.009509845693660424,0.00550809086907833,0.0032447853869053134,16.540000915527344,0.040000000000000036,-0.5,-39.56,-0.014104642596079131
2025-02-11,-0.0007536252827549106,0.08122000000000007,-0.25,0.006690112295453687,0.018420834822808096,0.0025882689482301657,15.8100004196167,0.019999999999999574,-0.5,-42.55000000000001,-0.017625750583134092
2025-02-12,0.0009434528805130071,-0.13865000000000016,-0.25,0.00033952514367463493,0.013732706945136286,-0.0033290266770533705,16.020000457763672,0.03000000000000025,-0.5,-59.45999999999998,0.017270060485508054
2025-02-13,0.0008080087329389585,0.03475999999999946,-0.25,-0.002727583189647831,-0.02695576734257976,-0.0001852398608823691,15.890000343322754,0.08000000000000007,-0.25,54.39999999999998,-0.004858463610112551
2025-02-14,0.001937766046589573,-0.016939999999999955,-0.25,0.010372313214235263,-0.0011215734948457623,-0.00585372062060685,15.100000381469728,-0.10000000000000053,-0.25,-48.589999999999975,0.003756578948175715
2025-02-17,-0.009572387015762018,-0.009489999999999554,-0.25,-7.194639557361882e-05,-0.00774492439283847,-0.006919775818822416,14.770000457763672,-0.04999999999999982,-0.25,61.22000000000003,0.028573921504520428
2025-02-18,-0.002840209367910518,0.07076999999999956,-0.25,0.0,0.0,0.0,14.770000457763672,0.0,-0.25,74.78999999999996,0.006227545749831975
2025-02-19,0.002901863549624295,-0.01252999999999993,-0.25,0.0024420036555508062,0.015569437709031853,0.004494000174224411,15.350000381469728,0.08000000000000007,-0.25,-92.33999999999997,-0.011513677630480501
2025-02-20,0.005962460421667259,-0.0332599999999994,-0.25,0.0023741488668242994,0.005551735704513838,0.0011202980959197362,15.270000457763672,-0.019999999999999574,-0.25,61.129999999999995,-0.0010051119194862679
2025-02-21,0.0018002044008458284,0.14890999999999988,-0.25,-0.004343604884288865,0.004419282092243293,-0.007774868000939961,15.65999984741211,-0.03000000000000025,-0.25,26.430000000000007,0.0022013013202872855
2025-02-24,-0.0062164127131474345,-0.014639999999999986,-0.25,-0.01721139667253979,-0.030358324246371637,0.002535848049020295,18.209999084472656,-0.08000000000000007,-0.25,7.699999999999989,-0.00788043188949672
2025-02-25,0.0020232021082176033,0.03174999999999972,-0.25,-0.004981493566251771,0.004252244899221935,-9.382426978810088e-05,18.979999542236328,-0.019999999999999574,-0.25,-19.720000000000027,-0.02437219866363094
2025-02-26,7.984720452824945e-05,-0.018839999999999968,-0.25,-0.004690715138396584,-0.025354028412746032,-0.0027241660821415437,19.43000030517578,-0.10000000000000053,-0.25,-123.75999999999999,0.0028941011525738247
2025-02-27,0.002129284769010198,-0.17539999999999978,-0.25,0.0001360150295841578,-0.004507423868616911,0.001034180626755976,19.100000381469727,-0.04999999999999982,-0.25,43.03000000000003,-0.01844437028754875
2025-02-28,0.0032679406335454075,-0.001300000000000523,-0.25,-0.015991742678524545,0.024898684414305094,0.007675781485370514,21.1299991607666,0.040000000000000036,-0.25,13.370000000000005,-0.03368934301374438
2025-03-03,0.011318019084011866,0.09471000000000007,-0.25,0.01572978042066353,-0.008421951647283876,0.003444292436518559,19.6299991607666,-0.04999999999999982,-0.25,56.68000000000001,0.038950359520979916
2025-03-04,-0.001916768455631157,0.15523000000000042,-0.25,-0.017753402648310157,-0.02012663812526405,-0.008023933775452186,22.780000686645508,-0.08000000000000007,-0.25,84.52999999999997,-0.02159102266373658
2025-03-05,-0.0042944507502031826,-0.0686100000000005,-0.25,-0.012310288231505595,-0.0016101973239743828,-0.009506421504101858,23.51000022888184,0.05999999999999961,-0.25,17.779999999999973,0.023390221871503414
2025-03-06,-0.004398348889868231,-0.1437999999999997,-0.25,0.011097472528735608,-0.028983296211349874,0.0,21.93000030517578,0.0600000000000005,-0.25,-56.22999999999996,0.013148964907742311
2025-03-07,-0.006744692640856087,0.041999999999999815,-0.25,-0.01797967710745496,0.0007537959571211061,-0.01601559820399956,24.8700008392334,0.009999999999999787,-0.25,334.96,0.002739256481842034
2025-03-10,0.0032646599367787132,-0.04129999999999967,-0.25,0.005505435045455087,0.010194995310435218,-0.0021164147117005427,23.3700008392334,0.03000000000000025,-0.25,-169.55999999999995,-0.005710682113585719
2025-03-11,-0.0018090007727487034,0.09424999999999972,-0.25,-0.02734354178842935,-0.01518030411088045,0.0006739574187113462,27.86000061035156,-0.10000000000000053,-0.25,-152.92000000000007,-0.007967414236471626
2025-03-12,0.0019254245201416609,-0.037969999999999615,-0.25,-0.00759664691853601,0.0033262991469502623,-0.004533417041892918,26.920000076293945,0.0600000000000005,-0.25,300.25,0.018045417596058044
2025-03-13,0.006709880770543464,-0.11006000000000071,-0.25,0.004874967940491359,0.02135525494073498,0.0016420980887659198,24.229999542236328,0.040000000000000036,-0.25,-270.53,-0.0026483365893330557
2025-03-14,-0.00783771517830445,-0.03359999999999985,-0.25,-0.013988366806465535,-0.016837129109330107,0.002121107795967525,24.65999984741211,-0.05000000000000071,-0.25,29.860000000000014,-0.02002431926556625
2025-03-17,-0.0028435423856905118,0.09277000000000069,-0.25,0.021042905953198243,0.009421998029068845,-0.001059991510803826,21.770000457763672,0.040000000000000036,-0.25,-20.900000000000034,-0.0067270815223015035
2025-03-18,0.003787581418452035,0.11379999999999946,-0.25,0.006395634974605713,0.005936519653962691,-0.00338016128888885,20.51000022888184,0.0,-0.25,207.07,-0.03916247370375814
2025-03-19,0.0029977692144846912,-0.006960000000000299,-0.25,-0.010710667074320668,-0.010113118438230373,-0.0012584569922662325,21.700000762939453,-0.019999999999999574,-0.25,-35.289999999999964,0.014084258702570907
2025-03-20,0.008788391494281456,-0.02516999999999925,-0.25,0.01074060817295397,0.003878896794933695,0.0018387041817407024,19.899999618530277,-0.040000000000000036,-0.25,-48.789999999999964,0.011031677257186345
2025-03-21,-0.01121651692768566,0.05461999999999989,-0.25,-0.00218728351378239,0.016246088036584005,0.004052477288751355,19.799999237060547,-0.009999999999999787,-0.25,-106.79000000000002,-0.01954113839437177
2025-03-24,0.005995365522759144,-0.012800000000000367,-0.25,0.0008243136078327495,0.0002929052742830507,0.0023083387162152746,19.280000686645508,0.009999999999999787,-0.25,-68.31,-0.015614831558288245
2025-03-25,0.005493602100605344,0.19533999999999985,-0.25,0.017492117128638185,0.012082566886560286,0.0016319254841814512,17.479999542236328,0.08999999999999986,0.0,108.48999999999995,0.012003426523634175
2025-03-26,0.0034326139261739996,-0.0031200000000000117,-0.25,0.0015730954906540973,-0.0015929423376386254,-0.0007676245830561257,17.149999618530273,-0.03000000000000025,0.0,-25.859999999999957,0.03726230276109277
2025-03-27,0.0027231085897945206,0.09454000000000029,-0.25,-0.011219640357598593,0.00937621753636364,0.0035452798177422196,18.32999992370605,0.040000000000000036,0.0,-156.49,0.005894529995229547
2025-04-08,0.00048120301680398825,0.5831099999999996,-0.25,-0.003312461007132228,0.0038689830258036295,-0.004601708346740452,18.690000534057617,0.03000000000000025,0.0,-3.3799999999999955,-0.08231843038180564
2025-04-09,0.013540673071620546,-0.68689,-0.25,-0.13330584639475695,-0.1600317271415843,-0.010723192321556496,52.33000183105469,-0.1200000000000001,0.0,252.88,-0.004706459913204952
2025-04-10,0.011572825201643155,-0.2406599999999992,-0.25,0.09089487983303712,0.04544366963540547,-0.0005828967270442575,33.619998931884766,0.08000000000000007,0.0,24.090000000000032,0.04681526721961582
2025-04-11,-0.014555443594897355,-0.08544000000000018,-0.25,-0.03522060702411167,-0.037253103871513815,-0.019925071373085856,40.720001220703125,0.0600000000000005,0.0,33.44999999999993,0.0013106401057214612
2025-04-14,0.0016826026266727467,-0.09440999999999988,-0.25,0.017930380835776916,0.023526631030738265,-0.010864836096727615,37.560001373291016,0.08000000000000007,0.0,210.27999999999997,0.016830921729372506
2025-04-15,-0.0027244709394711464,-0.13597000000000037,-0.25,0.007913319326343426,0.00048766610077244366,-0.0014040659305329939,30.88999938964844,-0.10000000000000053,0.0,-338.15999999999997,0.011423211210702888
2025-04-16,-0.0004766444322843455,0.14060999999999968,-0.25,-0.0017292752253013077,-0.003255691419577822,0.005804097443401268,30.1200008392334,-0.03000000000000025,0.0,-123.70999999999998,-0.0064833987929997505
2025-04-17,0.0019944341080631034,0.10353000000000012,-0.25,-0.022663253964902097,0.018417311552441085,-0.00841692317480991,32.63999938964844,-0.05999999999999961,0.0,133.85000000000002,0.005953262882460564
2025-04-21,-0.0011247522375388286,-0.05337000000000014,-0.25,0.0013259586237737153,0.03476557838103833,0.0,29.649999618530277,0.04999999999999982,0.0,2.2199999999999704,0.0011949105741084765
2025-04-22,0.0,0.14622000000000046,-0.25,-0.02384964833401959,-0.02504824830480956,-0.011130323304691991,33.81999969482422,0.08000000000000007,0.0,-100.06,0.01421737761085673
2025-04-23,0.0012080384247816767,-0.056560000000000166,-0.25,0.024806952125450366,0.01931131106134476,0.006490888910444248,30.56999969482422,-0.009999999999999787,0.0,31.090000000000032,0.014592750279042832
2025-04-24,0.002565808953743698,0.00048000000000048004,-0.25,0.016523864366879693,-0.0322353259480499,0.009257443798579956,28.450000762939453,-0.009999999999999787,0.0,-101.22000000000003,-0.0031550682202539093
2025-04-25,-0.0007179903949374733,-0.0055400000000007665,0.0,0.020056628082583572,0.008316063471168533,-0.0055239976750920405,26.46999931335449,-0.08000000000000007,0.0,82.07999999999998,0.009845862971179287
2025-04-28,-0.004014934983318952,0.05895000000000028,0.0,0.007346084795701202,0.0036563038861121555,0.0018112331701516382,24.84000015258789,-0.03000000000000025,0.0,96.00999999999999,0.0065738444255050155
2025-04-29,0.002648692827170507,0.033660000000000245,0.0,0.0006405015390011926,-0.015511644237856004,-0.004635226726065866,25.149999618530277,-0.05999999999999961,0.0,271.88,0.0038760879155237404
2025-04-30,-0.0016657746727677392,0.023609999999999687,0.0,0.005785641545557496,-0.026620353701971133,0.002320260587368672,24.170000076293945,-0.040000000000000036,0.0,-212.52999999999997,0.002622063775563177
2025-05-02,-0.00496015917810233,0.07181000000000015,0.0,0.0014788972519319543,-0.03726300009744943,0.0023149661386971943,24.700000762939453,-0.020000000000000462,0.0,-142.15999999999997,0.0072056220290583894
2025-05-05,-0.006356988046315237,-0.09161999999999981,0.0,0.020898536825566083,0.0013734222082444347,0.0053140825516964085,22.68000030517578,0.16000000000000014,0.0,159.25,0.002377279226676521
2025-05-06,-0.008830880590915413,0.02507999999999999,0.0,-0.00640204702931868,-0.02010117633128594,-0.0017014282980305495,23.63999938964844,0.03000000000000025,0.0,-245.71000000000004,0.009649588404585074
2025-05-07,-0.0023417433872374716,-0.009949999999999903,0.0,-0.007722985278391548,0.03373231650728492,-0.005927620392363053,24.76000022888184,-0.0600000000000005,0.0,207.18000000000006,0.00405490500362049
2025-05-08,0.0006392013245175576,0.01996999999999982,0.0,0.004336938106709098,-0.01741253381123009,0.0037214299867889267,23.549999237060547,-0.040000000000000036,0.0,-125.65000000000003,-0.014319755516325472
2025-05-09,0.00368111858757203,0.03915000000000024,0.0,0.005783021147466982,0.03119425942023213,0.010287219602941988,22.479999542236328,0.11000000000000032,0.0,139.65000000000003,0.000739826975435065
2025-05-14,0.0027671786416210153,0.10361999999999938,0.0,-0.0007117341348763517,0.018358253241505196,-0.002985404328327057,21.899999618530277,0.0,0.0,-32.110000000000014,0.0212966905653591
2025-05-15,0.0036876232480338444,-0.01996999999999982,0.0,0.040285926939542804,0.034311186168882735,0.006952104544172499,18.6200008392334,0.16000000000000014,0.0,241.05999999999995,0.008599350231522251
2025-05-16,-0.00248517344835264,-0.10965000000000025,0.0,0.004123817438756561,-0.024526397124652988,-0.0015848226728403247,17.829999923706055,-0.08000000000000007,0.0,-307.77,0.009382441681214715
2025-05-19,-0.002806076077735753,0.00882000000000005,0.0,0.00698084936809984,0.014020094966140206,0.002079508509303274,17.239999771118164,-0.020000000000000462,0.0,47.559999999999945,0.004852040863738694
2025-05-20,-0.0015031325582999244,0.013390000000000235,0.0,0.0008757295660490882,0.0031953525790582304,-0.006550202495798629,18.13999938964844,0.03000000000000025,0.0,-125.97999999999996,-0.006531320282403996
2025-05-21,-0.0035849954847293475,-0.09966000000000008,0.0,-0.003887777069571996,-0.0020758051911764497,-0.0030914764474649914,18.09000015258789,0.020000000000000462,0.0,18.120000000000005,0.006723165730221581
2025-05-22,-0.001522951163963171,0.06096000000000057,-0.25,-0.01626671926775991,-0.01595138422208553,-0.005609041019042138,20.8700008392334,0.09999999999999964,0.0,-89.21999999999997,0.0034271138890193953
2025-05-23,-0.003383171247415717,-0.0922300000000007,-0.25,-0.00044497002242138706,-0.006027531981941614,0.004009643830382714,20.280000686645508,-0.040000000000000036,0.0,-35.79000000000002,0.0065616891192679105
2025-05-26,0.0005687768656130743,-0.015989999999999505,-0.25,-0.00673089959147255,0.005377638928633743,-0.008539746230872503,22.290000915527344,-0.03000000000000025,0.0,45.05000000000001,-0.003584107946144499
2025-05-27,-0.008959826389110859,0.09671999999999947,-0.25,0.0,0.0,-0.0018178181570460694,22.290000915527344,0.0,0.0,-35.06,0.001475434144282417
2025-05-28,0.0020028045949711526,-0.11855999999999955,-0.25,0.020252580802184283,-0.010455893316601461,0.005946062839726984,18.959999084472656,-0.08000000000000007,0.0,115.89999999999998,-0.0032206350480148416
2025-06-02,0.002183104871965824,0.17239000000000004,-0.25,-0.005586802576445393,0.015481459149985888,0.003610842653130497,19.309999465942383,0.040000000000000036,0.0,-127.28999999999996,-0.015554119262596089
2025-06-03,0.00263795742067785,-0.11359999999999992,-0.25,0.008015633904262742,0.010936106128522027,-0.011884522392850094,18.36000061035156,-0.009999999999999787,0.0,162.73999999999995,-0.0028699137006142905
2025-06-04,-0.0020545537041236628,-0.021150000000000446,-0.25,0.005783533535369756,0.01413506243041951,0.005557004047396674,17.690000534057617,0.0,0.0,30.720000000000027,0.0034314294887476393
2025-06-05,0.002691551526915248,-0.05459000000000014,-0.25,7.368474471824982e-05,-0.008870664547419693,-0.004645525243508253,17.610000610351562,-0.08999999999999986,0.0,-55.329999999999984,0.006259539495184541
2025-06-10,-0.0025073894637781535,0.015730000000000466,-0.25,-0.005291357978697064,0.008239635722055105,-0.0005062831279794011,18.479999542236328,0.03000000000000025,0.0,-79.62,0.016358273682341107
2025-06-11,-0.0007798636200675446,-0.01719000000000026,-0.25,0.016615733943414313,0.02508903542177432,0.0031346927590227835,16.950000762939453,0.0699999999999994,0.0,-67.17000000000002,-0.001147021107673396
2025-06-12,-0.0019061328118166188,-0.22804000000000002,-0.25,-0.002747660318286549,0.04763159863056643,-0.004249356836262486,17.260000228881836,-0.05999999999999961,0.0,8.28000000000003,-0.0025072662218459385
2025-06-13,-0.029340938301281483,-0.05696000000000012,-0.25,0.0038151330716758025,-0.0016153995491636763,-0.007224647054052902,18.020000457763672,-0.04999999999999982,0.0,202.73999999999995,-0.005331121340052647
2025-06-16,0.024200915002307255,-0.11553999999999931,-0.25,-0.011360668590102208,0.07008969602291071,0.002651731673716462,20.81999969482422,0.04999999999999982,0.0,-214.59999999999997,-0.006787381045384677
2025-06-17,0.0072795493170492165,0.12148000000000003,-0.25,0.009348823148188856,-0.016718962337807675,-0.00183505306766385,19.11000061035156,0.04999999999999982,0.0,70.56,0.0053611903529411364
2025-06-18,-0.030023799822892272,-0.06927000000000039,-0.25,-0.008387259723644291,0.04188593780488681,0.008332531658832742,21.600000381469727,-0.07000000000000028,0.0,105.11000000000001,-0.006739256800999627
2025-06-19,0.029556958925271104,-0.13888000000000034,-0.25,-0.00030928803471930166,0.004000579549590988,0.0009103724470058694,20.13999938964844,-0.009999999999999787,0.0,31.559999999999945,-0.01977127051799954
2025-06-20,-0.04245543230837434,-0.010180000000000078,-0.25,0.0,0.0,0.0,20.13999938964844,0.0,0.0,-161.57,-0.008864567046598992
2025-06-23,0.04949663696947937,-0.012019999999999698,-0.25,-0.002181035215588878,-0.0027986835739328697,-0.0020241336215338634,20.6200008392334,0.0,0.0,10.620000000000005,-0.017525730895030733
2025-06-24,0.0024984017139555448,-0.021860000000000213,-0.25,0.009560655071259916,-0.0895745972529296,-0.0029422323215424484,19.82999992370605,-0.040000000000000036,0.0,-96.63,0.012013749266747809
2025-06-25,-0.00371940308665053,-0.013469999999999871,-0.25,0.01106032861695816,-0.06233202246291203,-0.005706124735369578,17.479999542236328,-0.040000000000000036,0.0,96.49000000000001,-0.005405017689710689
2025-06-26,-0.0048989687690905726,0.017090000000000494,-0.25,-3.286108348987682e-06,0.008507985708414267,-0.0018410591712756386,16.760000228881836,-0.009999999999999787,0.0,16.470000000000027,0.00950611793901679
2025-06-30,0.0,0.010539999999999772,-0.25,0.007988131032517387,0.004917030567026082,-0.005440641396818435,16.59000015258789,-0.03000000000000025,0.0,-102.80000000000001,0.004380350386107068
2025-07-01,-0.0037516572802083203,0.10808000000000018,-0.25,0.010356536762278878,-0.001994588385699103,-0.002783120635386105,16.729999542236328,-0.019999999999999574,0.0,271.58,-0.001779860496540664
2025-07-02,6.161619275424357e-05,-0.15866999999999987,-0.25,-0.0011191571098798647,0.005208289105660846,-0.0006194895349276308,16.829999923706055,0.019999999999999574,0.0,-66.57999999999998,-0.004945392822429895
2025-07-03,0.00039427781527479056,-0.05928000000000022,-0.25,0.004733874306490193,0.030100091680430374,-0.0004132326075598769,16.639999389648438,0.040000000000000036,0.0,-68.65000000000003,-0.0004643167816826832
2025-07-04,-8.625378696436314e-05,-0.02245000000000008,-0.25,0.00830437821066532,-0.006693918018056522,0.0041245833660745745,16.3799991607666,0.04999999999999982,0.0,374.09999999999997,-0.0018713037053217363
2025-07-07,-0.001929782279349368,0.020199999999999996,-0.25,0.0,-0.007490671729157405,0.0,16.3799991607666,0.0,0.0,-118.38999999999999,0.005192502205659366
2025-07-08,-0.0015873286796992403,0.15015,-0.25,-0.007893368104245013,0.021275820033905823,0.003082331076084799,17.790000915527344,0.05000000000000071,0.0,-225.29999999999995,0.000501250235796391
2025-07-09,0.008671674644769922,-0.03845999999999972,-0.25,-0.0007161432504698695,0.005871167894201612,0.00030769556067955506,16.809999465942383,0.019999999999999574,0.0,-180.43,0.005708982713857225
2025-07-10,-0.0035543663969459516,-0.027340000000000586,-0.25,0.006043802776780183,0.0007314084547864752,-0.00041030788183249456,15.9399995803833,-0.08000000000000007,0.0,44.25999999999999,0.008810427364279505
2025-07-11,-0.0016001972887753624,-0.031810000000000116,-0.25,0.002742441072925317,-0.02682632301637433,0.001845022075683822,15.779999732971191,0.009999999999999787,0.0,269.09999999999997,0.005986990919700119
2025-07-14,-0.0015966167308647528,0.03328000000000042,-0.25,-0.0033029717732251385,0.02784948612237681,0.0020460052993360733,16.399999618530273,0.08000000000000007,0.0,-217.10999999999996,0.007029273991250307
2025-07-15,0.0007955568242081767,-0.006429999999999936,-0.25,0.0014064243309359625,-0.021709389666200174,0.002347812608868516,17.200000762939453,0.0,0.0,56.97000000000003,0.00608575881146578
2025-07-16,0.002106040836487466,0.0007399999999995188,-0.25,-0.003964145065671332,-0.0068915136248062225,0.005490617789240204,17.3799991607666,0.07000000000000028,0.0,194.32999999999998,0.007192631518972092
2025-07-17,-0.00025227932459515046,-0.06056999999999935,-0.5,0.003188568525382962,-0.0021068389445204616,-0.002334941971848359,17.15999984741211,-0.040000000000000036,0.0,-105.55000000000001,0.013123010811936453
2025-07-18,0.001174578732673126,-0.14078999999999997,-0.5,0.005359380240012257,0.01732426359757877,0.0034497189502245007,16.520000457763672,0.009999999999999787,0.0,-23.279999999999973,0.00341039470779414
2025-07-21,0.0035888617853316873,-0.10465999999999998,-0.5,-9.049030280827708e-05,-0.0029656691622079734,-0.0025353696608458876,16.40999984741211,-0.02999999999999936,0.0,-16.630000000000052,0.011730417077622235
2025-07-22,-0.0005329255094910224,0.018129999999999313,-0.5,0.0013981570056724735,-0.002081157234508524,-0.006417837715638974,16.649999618530273,-0.0600000000000005,0.0,-138.89,-0.007251787421678202
2025-07-23,0.0005206658514893547,-0.005139999999999922,-0.5,0.000637328496667422,-0.014841707006914895,-0.0047121485420023035,16.5,-0.03000000000000025,0.0,-68.51999999999998,0.016808067878175237
2025-07-24,-0.005169663871527064,-0.06203999999999965,-0.5,0.007781532145703096,-0.014605448906322316,-0.0018499522910806476,15.369999885559082,0.05000000000000071,0.0,12.829999999999984,0.008222890728461607
2025-07-25,0.0012795393554387857,0.01750000000000007,-0.5,0.0006979799969322187,0.011883119516578056,0.001747245134827935,15.390000343322754,0.02999999999999936,0.0,68.07999999999998,0.0016718507076642908
2025-07-28,0.0025112999751808474,0.013539999999999885,-0.5,0.003966451001680582,-0.013263325783737123,0.002768850398918943,14.93000030517578,-0.02999999999999936,0.0,-74.35999999999999,0.009402874748223766
2025-07-29,0.002816903271112281,0.019579999999999487,-0.5,0.0001768424712675909,0.02350901306179054,0.01028995997538562,15.029999732971191,0.019999999999999574,0.0,55.06000000000003,0.00041216137550392773
2025-07-30,0.00279684231176347,-0.0798899999999998,-0.5,-0.0029638301974674874,0.036790494628085035,0.0025307498523376992,15.979999542236328,-0.08000000000000007,0.0,-83.13000000000002,-0.00896893676285515
2025-07-31,-0.0018860854880156097,0.004430000000000156,-0.5,-0.001250213938510214,0.011349894423839935,0.010359647568367158,15.479999542236328,0.040000000000000036,0.0,74.78999999999999,-0.00872032771944653
2025-08-01,0.0035920713928039305,0.009479999999999933,-0.5,-0.0037016620463745653,-0.01062767223144423,0.0009000984489411223,16.719999313354492,-0.009999999999999787,0.0,104.00999999999999,0.007113700474796758
2025-08-04,0.0034153517824133672,-0.011999999999999567,-0.5,-0.01612138718556899,-0.028261640065498028,-0.01348647987167162,20.3799991607666,-0.13999999999999968,0.0,185.12,-0.00974824856758083
2025-08-05,0.0,0.07657999999999987,-0.5,0.014629564491414726,-0.015566859688174617,0.0009114938326346689,17.520000457763672,-0.010000000000000675,0.0,-303.32,0.006747770911452733
2025-08-06,-0.0073679736577112465,-0.06881000000000004,-0.5,-0.0048697037804625865,-0.017193230128598636,0.0,17.850000381469727,0.0,0.0,-8.389999999999986,-0.001522752546534889
2025-08-07,0.0009468685323863468,-0.006079999999999863,-0.5,0.007255522219853816,-0.01250892960569061,-0.006092611016446092,16.770000457763672,0.0,0.0,-22.22999999999999,-0.0018096516955576902
2025-08-08,-0.0026167502555107802,-0.01887000000000061,-0.5,-0.0007977981718276794,-0.007330570262490177,0.002238287826870966,16.56999969482422,0.010000000000000675,0.0,51.27000000000001,0.00575120099382076
2025-08-11,-0.002126583555666528,-0.04545999999999939,-0.5,0.007769454816388688,0.0,-0.002238287826870966,15.149999618530272,0.03999999999999915,0.0,-40.680000000000035,0.009583078259938205
2025-08-12,-0.0031337393920765066,0.09335999999999967,-0.5,-0.0025072683938844875,0.0012515335842291364,0.0034570074404749462,16.25,0.0,0.0,69.96000000000001,0.024131127828981747
2025-08-13,0.003011032477388653,-0.03160000000000007,-0.5,0.011281559075170478,-0.012428397727227036,-0.004272188161714929,14.729999542236328,0.020000000000000462,0.0,-33.99000000000001,0.012906380704389875
2025-08-14,-0.0030602554678527127,-0.0038599999999995305,-0.5,0.0032248733840454236,-0.00826577022677899,-0.002653897067652622,14.489999771118164,-0.04999999999999982,0.0,-34.619999999999976,0.00484574393351167
2025-08-15,-0.00860402341434785,0.0620099999999999,-0.5,0.00030304487855481455,0.020694167954006026,0.004181796800026838,14.829999923706056,0.04999999999999982,0.0,-41.78,-0.004153733496922385
2025-08-19,0.003717706741849014,-0.04351000000000038,-0.5,-0.0029013399163648756,-0.0183028123262563,-0.004079572501346718,15.09000015258789,0.040000000000000036,0.0,123.57,-0.004495287377400459
2025-08-20,0.002248715375401389,0.015270000000000117,-0.5,-0.005976097369943645,-0.007191413672187785,0.004283079966001857,15.56999969482422,-0.03000000000000025,0.0,-106.93,0.010233167147823963
2025-08-21,0.004297944673151477,-0.1014999999999997,-0.75,-0.00243463063226379,0.013698854347058642,-0.0005088851746730683,15.6899995803833,-0.009999999999999787,0.0,-38.389999999999986,-0.00670818989302191
2025-08-22,-0.0007130309967564585,-0.2356600000000002,-0.5,-0.004012219728950939,0.00489232214518065,0.004064235606779931,16.600000381469727,0.040000000000000036,0.0,-19.47,-0.004046309996308395
2025-08-25,0.004668283553966646,-0.09748000000000001,-0.5,0.015072285158778342,0.002201595311539961,-0.00916784976474716,14.220000267028809,-0.07000000000000028,0.0,-2.730000000000018,0.008622528319474299
2025-08-26,-0.006921219806040213,0.05665000000000031,-0.5,-0.004275512539646087,0.017749230996228604,0.007239379860169315,14.789999961853027,0.020000000000000462,0.0,312.02,-0.00267174281255933
2025-08-27,0.0024619942269161754,-0.0020100000000002893,-0.5,0.004125473710116623,-0.024210522845626414,-0.0020339368805570857,14.619999885559082,-0.020000000000000462,0.0,-26.03000000000003,0.0038403120922723133
2025-08-28,0.00197752305229848,0.016589999999999883,-0.5,0.0023881304533031056,0.01412898724012468,0.0,14.850000381469728,-0.019999999999999574,0.0,-172.14999999999998,0.0020030023448232015
2025-08-29,0.0009075960417739282,0.07521000000000022,-0.5,0.0031517474414659574,0.00699027232038496,-0.0042849055192979435,14.43000030517578,-0.020000000000000462,0.0,10.120000000000005,-0.015409030001846347
2025-09-01,0.0018555658783547813,0.18179999999999996,-0.5,-0.006418740402791556,-0.009175032640841074,-0.000409049159126873,15.359999656677246,0.010000000000000675,0.0,-29.349999999999994,-0.012132212883630089
2025-09-02,0.003950764036270371,-0.11793999999999993,-0.5,0.0,0.0,0.0,15.359999656677246,0.0,0.0,-27.039999999999992,0.008433634121685074
2025-09-03,-0.00023165467129970807,-0.06831999999999994,-0.5,-0.006946350061031836,0.024383834944995186,0.006423072382534478,17.170000076293945,0.04999999999999982,0.0,265.37,0.010744723318707017
2025-09-04,0.0023563014049976516,-0.005010000000000403,-0.5,0.0050871123029416765,-0.025008946927815856,-0.0026457951225422605,16.350000381469727,-0.0600000000000005,0.0,-303.26,-0.002350588338570603
2025-09-08,0.001160827139173648,0.04450999999999983,-0.5,0.008311847102874026,-0.0076893540974172225,0.002137504877720353,15.300000190734863,-0.04999999999999982,0.0,203.47,-0.012856484539593538
2025-09-09,-0.0043220277292856935,0.00945000000000018,-0.5,-0.0010664082190476876,-0.019405750392589738,-0.009193134682855764,15.109999656677246,-0.1200000000000001,0.0,-69.45999999999998,-0.01795956852398284
2025-09-10,0.0032949323476838543,0.041509999999999714,-0.5,0.0026845470300731478,0.005925275537221886,0.003482937048931767,15.039999961853027,0.03000000000000025,0.0,-75.82000000000002,0.009186343104969907
2025-09-11,0.00023107862760873843,0.0059400000000007225,-0.5,0.002979028229397329,0.016469051678726032,-0.00010228702004155821,15.350000381469728,-0.040000000000000036,0.0,37.58000000000001,0.006331118316685647
2025-09-12,-0.0006628613845176545,-0.01700999999999997,-0.5,0.008450087623094404,-0.020629091857852444,-0.002457484998239501,14.710000038146973,-0.03000000000000025,0.0,30.829999999999984,0.013608146494748397
2025-09-15,-0.0015463248563776233,0.010279999999999845,-0.5,-0.0004828778814278678,0.005117549967248891,0.00010253868507614783,14.760000228881836,0.04999999999999982,0.0,-43.389999999999986,0.0105196547403974
2025-09-16,-0.0007679270900240454,-0.025570000000000093,-0.5,0.004695577726559819,0.009683393717559774,-0.0025660777967804194,15.6899995803833,-0.009999999999999787,0.0,5.3700000000000045,0.002589227940694272
2025-09-17,-0.00222186720424844,0.03458999999999968,-0.5,-0.0012887604333311486,0.019089884130282897,-0.006909796968858295,16.360000610351562,-0.009999999999999787,0.0,-29.890000000000015,0.008444513200036141
2025-09-18,0.0020450092619803684,-0.15979999999999972,-0.75,-0.000970639078245128,-0.007311125238423699,0.002480678204053177,15.720000267028809,0.019999999999999574,0.0,156.14000000000001,-0.0020888742375611002
2025-09-19,0.0012493640832005326,-0.28500000000000014,-0.75,0.0047776878367074005,-0.007522419841541783,0.004942814352483893,15.699999809265137,0.05000000000000071,-0.25,-115.68,0.005315859502522002
2025-09-22,0.009124676638784024,-0.016199999999999548,-0.75,0.00487352393748175,-0.014099233791081467,0.002974523129664064,15.449999809265137,0.02999999999999936,-0.25,-80.14000000000001,-0.0013770424534698122
2025-09-23,0.004089639316916305,0.03819999999999979,-0.75,0.004400350714762524,-0.0006383804178620167,-0.0031799540224666245,16.100000381469727,0.010000000000000675,-0.2400000000000002,343.98,0.01053654582569763
2025-09-24,-0.0033113609835790925,-0.045900000000000496,-0.75,-0.005517351828739692,0.012217533366822408,-0.0007194583114911168,16.639999389648438,-0.03000000000000025,-0.2400000000000002,-299.91,0.00016698913314527886
2025-09-25,0.0030709041143719418,-0.0892299999999997,-0.75,-0.002850677165294968,0.0246118037305445,0.00625226856154093,16.18000030517578,0.040000000000000036,-0.2400000000000002,107.74000000000001,-0.010625680586439756
2025-09-26,0.0037265659890071134,-0.03285999999999989,-0.75,-0.005021648742527418,-0.00015379713413476992,0.006923969064020596,16.739999771118164,0.019999999999999574,-0.2400000000000002,-165.26000000000002,0.0072699175019987905
2025-09-29,0.0038261312224303623,-0.028220000000000134,-0.75,0.005884489130414394,0.011323729841388186,-0.00406712829645528,15.289999961853027,0.020000000000000462,-0.2400000000000002,218.71,0.002948005737259507
2025-09-30,-0.002156353620849316,0.005160000000000053,-0.75,0.0026320772599124354,-0.03515110555871015,-0.0024482095000752935,16.1200008392334,-0.04999999999999982,-0.2400000000000002,-126.88,-0.007684408231572348
2025-10-01,-0.005696996008595079,0.013640000000000096,-0.75,0.004082503613508592,-0.017167832772092773,-0.0014309795862192942,16.280000686645508,0.009999999999999787,-0.2400000000000002,124.02999999999997,-0.002140995388277389
2025-10-02,0.0033022154831456874,0.0284399999999998,-0.75,0.0033941541712234624,-0.009504705681002257,-0.0006138485961635354,16.290000915527344,-0.040000000000000036,-0.2400000000000002,-99.51999999999998,0.0033831173079352794
2025-10-03,-0.002334461069056104,-0.013020000000000032,-0.75,0.0006181636213824504,-0.02126694342913016,0.0014317796616145628,16.6299991607666,-0.020000000000000462,-0.2400000000000002,131.79000000000002,0.005833435883369376
2025-10-06,-0.0025627230785492117,0.05527000000000015,-0.75,6.551065686721813e-05,0.006592006795596461,-0.0013294193666384402,16.649999618530273,0.03000000000000025,-0.2400000000000002,-132.12,0.0026562942133327994
2025-10-07,-0.002623684009318339,-0.01564000000000032,-0.75,0.003639959282761396,0.013217089862355813,0.003983045515008499,16.3700008392334,0.04999999999999982,-0.2400000000000002,19.639999999999986,0.003603707839911152
2025-10-08,0.00232246104180156,-0.029329999999999856,-0.75,-0.0038186877068522307,0.0006482080298395587,0.00477911545513976,17.239999771118164,-0.040000000000000036,-0.2400000000000002,-100.63,-0.000398150173275269
2025-10-09,-0.0005725737345088078,-0.016979999999999773,-0.75,0.005810748494187834,0.013196195725421411,0.002735114328785926,16.299999237060547,-0.009999999999999787,-0.23000000000000043,128.39999999999998,0.010344227849801158
2025-10-10,-0.0018706821374205873,0.013479999999999936,-0.75,-0.002759373980278923,-0.01676648878307585,0.006956048447671392,16.43000030517578,0.009999999999999787,-0.23000000000000043,37.73000000000002,0.0008384497654123635
2025-10-13,0.0013097977203795352,0.016300000000000203,-0.5,-0.027485975439899946,-0.04335861936876739,-0.005641739188980033,21.65999984741211,-0.08999999999999986,-0.23000000000000043,-77.15000000000003,-0.0037193991495154677
2025-10-14,0.0012238345693909025,-0.008620000000000516,-0.5,0.015478263036934337,0.009967142850277888,0.002925533346425091,19.030000686645508,0.0,-0.23000000000000043,86.40000000000003,-0.019723592168119808
2025-10-15,-0.0030169575770901957,0.00404000000000071,-0.5,-0.0015655514969434847,-0.01336851958276597,-0.0022185728306007846,20.809999465942383,-0.019999999999999574,-0.23000000000000043,43.5,-0.001904387806650476
2025-10-16,0.002287711782065216,-0.04548000000000041,-0.5,0.00401791850342903,-0.007352350820426068,-0.0026284096310433824,20.63999938964844,0.019999999999999574,-0.23000000000000043,-284.53,0.009097780630352048
2025-10-17,-0.0006574243093044885,0.017679999999999918,-0.5,-0.006314280275143247,-0.013998351393044395,-0.0040572276495076665,25.309999465942383,-0.05999999999999961,-0.21999999999999975,203.23,-0.026073259480854816
2025-10-20,-0.0007906358110130185,0.03855999999999993,-0.5,0.005256873944526674,0.0013913364167024156,0.00040647206727051355,20.780000686645508,0.02999999999999936,-0.21999999999999975,187.91999999999996,0.021659857267144034
2025-10-21,0.0002475019151582103,-0.023740000000000094,-0.5,0.010615724136144422,-0.00034765266341718615,0.0016241607005591518,18.229999542236328,-0.019999999999999574,-0.21999999999999975,-212.37999999999994,0.018265393045268752
2025-10-22,-0.001449800906357268,-0.01914999999999978,-0.5,3.269591641696934e-05,0.005202009939038632,0.0034427329777821924,17.8700008392334,-0.020000000000000018,-0.21999999999999975,-59.28000000000003,-0.010436633670170892
2025-10-23,0.0034338503701025758,-0.09141999999999983,-0.5,-0.00535183477474277,0.011692022927642043,-0.00030327836272725506,18.600000381469727,-0.009999999999999787,-0.21999999999999975,210.58000000000004,0.014829400120826008
2025-10-24,-0.00013862006920817294,0.10492999999999997,-0.5,0.005810479862013551,0.054714799651833346,0.00040437641801727153,17.299999237060547,0.03999999999999959,-0.21999999999999975,-263.75,-0.00031788603811477856
2025-10-27,-0.00016865286942469027,-0.0035800000000003607,-0.5,0.007871361975244184,-0.004704379077171694,0.00010101073197521515,16.3700008392334,0.009999999999999787,-0.21999999999999975,100.75000000000003,-0.018863455507570848
2025-10-28,0.00024102482742982545,0.007700000000000706,-0.5,0.012215141327379442,-0.0030941906387402796,-0.0017194984524788737,15.789999961853027,-0.009999999999999787,-0.20999999999999996,58.97999999999996,-0.003025579827450997
2025-10-29,-0.02684253069065967,-0.013420000000000432,-0.5,0.0022853305022305648,-0.019101516385149786,-0.0009114938326346689,16.420000076293945,-0.019999999999999574,-0.20999999999999996,-117.06,0.009053002368039742
2025-10-30,0.024669915810775933,0.003190000000000026,-0.5,-4.357920473374577e-05,0.005471256513851053,0.005355970253849485,16.920000076293945,0.08999999999999986,-0.20999999999999996,-8.789999999999964,0.0021822062994498737
2025-10-31,1.3325962777699374e-05,0.002809999999999757,-0.5,-0.009954191424535352,0.001486991652024372,0.0031194748173994924,16.90999984741211,0.03000000000000025,-0.45999999999999996,19.67999999999995,-0.002469910751521809
2025-11-03,-0.02519086494284295,-0.0014299999999995983,-0.5,0.002614500917884399,0.006746218098866663,0.002709119902856827,17.440000534057617,0.0,-0.4700000000000002,159.74,0.013530136672425641
2025-11-04,0.029288243536171876,0.01815999999999951,-0.5,0.0017192339969174242,0.0011472540064279002,0.0007011538604624334,17.170000076293945,0.019999999999999574,-0.45999999999999996,-434.38,-0.004016819758115631
2025-11-05,0.0006552507378536632,-0.023479999999999723,-0.5,-0.0118062503923273,-0.008058556254023408,0.0034984139551976767,19.0,-0.03000000000000025,-0.45999999999999996,280.31,0.009252869194519064
2025-11-06,0.003964249332950587,0.0017200000000001658,-0.5,0.0036468976756882654,-0.015979083336420175,-0.00019962351771418696,18.010000228881836,0.07000000000000028,-0.45999999999999996,15.110000000000014,0.0022252306090333462
2025-11-07,-0.0022770863146899245,-0.03273000000000037,-0.5,-0.011241134514722972,-0.0028563939556933704,-0.004701590120104626,19.5,-0.05999999999999961,-0.45999999999999996,15.930000000000007,0.0068770817030365805
2025-11-10,0.0015046332267782958,0.049040000000000195,-0.5,0.0012610463474942435,0.005370036298004699,-0.001304418803511176,19.07999992370605,0.0,-0.45999999999999996,21.079999999999984,-0.0003990996458167473
2025-11-11,-0.0024649598115953353,-0.023559999999999803,-0.5,0.015283626703501696,0.006339712003289755,0.00020082594524239994,17.600000381469727,0.019999999999999574,-0.45999999999999996,135.79000000000002,-0.0029509446883668744
2025-11-12,0.002219357297610358,0.0044999999999997264,-0.5,0.0020731999523917466,0.015020499160101508,-0.0016074311341141012,17.280000686645508,0.0,-0.45999999999999996,-140.74,0.0026322487456909016
2025-11-13,0.0002935692844872051,-0.01554000000000011,-0.5,0.0006293191259452158,-0.042673573823432065,0.00020110859840016815,17.510000228881836,-0.04999999999999982,-0.45999999999999996,-108.4,-0.001976948603303441
2025-11-14,0.0020404333909116446,-0.02326999999999968,-0.25,-0.01669545163092856,0.0034135030196003058,-0.003020268542035076,20.0,0.03000000000000025,-0.4500000000000002,251.52,-0.00018676812628193318
2025-11-17,-0.0005979430936342567,0.04620000000000024,-0.25,-0.000501851471272019,0.02357410971397922,0.0009069926474589707,19.82999992370605,0.02999999999999936,-0.4500000000000002,-173.62,0.0055335115811274704
2025-11-18,-0.0023653767933833336,-0.01656000000000013,-0.25,-0.009204497894303998,-0.003000007336277477,0.0032183443862532357,22.3799991607666,-0.009999999999999787,-0.4500000000000002,273.40999999999997,-0.006550674214878427
2025-11-19,0.0035549549043469852,0.01529999999999987,-0.25,-0.008290709844169797,0.013759053702353086,-0.00040166000595664997,24.690000534057617,-0.009999999999999787,-0.4500000000000002,41.629999999999995,0.005325636153648006
2025-11-20,-0.0006693941077973165,-0.004850000000000243,-0.25,0.003746807737265101,-0.02163510994555029,0.0068075173633452835,23.65999984741211,0.009999999999999787,-0.4500000000000002,-390.80999999999995,0.0015855764645049675
2025-11-21,-0.002454033141001233,0.031789999999999985,-0.25,-0.015689726116315583,-0.00505987320180612,-0.0006986346146966582,26.420000076293945,-0.03000000000000025,-0.4500000000000002,86.04999999999998,-0.0006612024599927935
2025-11-24,0.002651337957852107,0.13829000000000047,-0.25,0.009775103041592459,-0.018430521854432058,0.000199627061364005,23.43000030517578,-0.040000000000000036,-0.4500000000000002,-47.21999999999997,0.018358592168917554
2025-11-25,-0.005513948642155597,-0.05786000000000069,-0.25,0.015348818899081351,0.013344916077058677,-0.00039937016892910293,20.520000457763672,-0.019999999999999574,-0.4500000000000002,-66.33000000000001,-0.005659826505443277
2025-11-26,0.0003605335936178733,-0.026510000000000034,-0.25,0.009020886000833173,-0.015241315375265962,-0.004804771207528091,18.559999465942383,-0.03000000000000025,-0.4500000000000002,124.64000000000001,0.009372300389655308
2025-11-27,-0.0006911369477453633,0.06991000000000014,-0.25,0.006882969436150077,0.012007018164935879,-0.0006022803288043832,17.190000534057617,-0.009999999999999787,-0.4500000000000002,-92.15,-0.006562265730167383
2025-11-28,-0.0011309354308295383,-0.0507200000000001,-0.25,0.0,0.0,0.0,17.190000534057617,0.0,-0.4500000000000002,103.08000000000001,-0.004357686612028289
2025-12-01,-0.0006501675948040742,0.058720000000000105,-0.25,0.005340487341136679,-0.0017065241030111977,-0.0014066051888717013,16.350000381469727,0.019999999999999574,-0.43999999999999995,-11.410000000000025,0.004699647520649108
2025-12-02,0.0018712784168304353,-0.005989999999999718,-0.25,-0.0053375487460556315,0.013065435111999868,-0.0005027950191180963,17.239999771118164,0.07000000000000028,-0.43999999999999995,-65.38,0.007952454187227787
2025-12-03,-0.0015641923535785196,0.03376000000000001,-0.25,0.0024542211959364124,-0.011529464955218671,-0.0005031247344957634,16.59000015258789,0.0,-0.43999999999999995,34.389999999999986,-0.00061012378834846
2025-12-04,5.420953822365959e-05,-0.08033000000000001,-0.25,0.0029753605210860457,0.005272592755580341,-0.005146090147678528,16.079999923706055,-0.03000000000000025,-0.43999999999999995,65.25,0.0032934422333177338
2025-12-05,-0.0009577424129911805,-0.023900000000000254,-0.25,0.0010797387119740876,0.012139710922111746,0.0014152791711312673,15.779999732971191,0.05000000000000071,-0.43999999999999995,162.59000000000003,-0.000860946660242945
2025-12-08,0.0036332849917357635,0.07373999999999992,-0.25,0.0019347688846789168,0.006847687085183907,0.0,15.40999984741211,0.02999999999999936,-0.43999999999999995,-284.0,0.008987262358367332
2025-12-09,0.0017157676397072663,-0.06773000000000007,-0.25,-0.003483315331648029,-0.020175545371656334,0.0010096777619503783,16.65999984741211,0.03000000000000025,-0.43999999999999995,247.13,-0.006162731358703155
2025-12-10,0.00017980760634550563,0.006709999999999994,-0.25,-0.0008767431610134935,-0.010757400115354088,0.0013111280624960031,16.93000030517578,0.009999999999999787,-0.43999999999999995,100.74000000000001,0.005040321625072508
2025-12-11,-0.0014393669271655085,-0.005119999999999791,0.0,0.006726880659140733,0.0035986515765413785,-0.004343224852105365,15.770000457763672,-0.04999999999999982,-0.43999999999999995,-247.38,-0.009288271923535873
2025-12-12,-0.0013813401193463193,-0.01701999999999959,0.0,0.0020771919837176966,-0.01482020281145946,-0.004463865003506484,14.850000381469728,0.009999999999999787,-0.43999999999999995,187.85000000000002,0.004631409627318561
2025-12-15,0.0006008171293441222,0.015259999999999607,0.0,-0.01072091345855597,-0.002781640379193817,0.0005082902448219073,15.739999771118164,0.05000000000000071,-0.43999999999999995,-169.19000000000005,-0.0012520871868400008
2025-12-16,-0.001556883765118755,0.008729999999999905,0.0,-0.0015978388918362896,-0.010852529776578024,-0.0025438832962398905,16.5,-0.010000000000000675,-0.44999999999999973,-100.28,0.0042462411281096735
2025-12-17,0.001364708489413502,0.02571000000000012,0.0,-0.0023867640084400676,-0.02765809692763188,0.0,16.479999542236328,-0.02999999999999936,-0.44999999999999973,3.960000000000008,-0.001050924013847876
2025-12-18,-7.216325796122192e-05,0.03685000000000027,0.0,-0.011659856611370145,0.012049389096968177,0.002238971176730331,17.6200008392334,0.009999999999999787,-0.44999999999999973,-28.069999999999993,-0.006839872537296898
2025-12-19,0.0007447324659217713,0.02768999999999977,0.0,0.007902951520478041,0.003747045135042093,0.0006097312959569834,16.8700008392334,-0.040000000000000036,-0.44999999999999973,119.54000000000002,-0.001003559250117192
2025-12-22,0.0016915036280966689,-0.01562999999999981,0.0,0.008779407421830143,0.009041783349827526,0.0017256073915898895,14.90999984741211,0.040000000000000036,-0.44999999999999973,-36.81,0.004206571133682502
2025-12-23,-0.000401587293790584,0.020080000000000098,0.0,0.006415870575560589,0.02354688883455225,-0.0031489442400545187,14.079999923706056,0.009999999999999787,-0.44999999999999973,-75.02000000000001,-0.007087586850703431
2025-12-24,0.00465983332840203,-0.04428000000000054,0.0,0.004540067046789886,0.006358003178000615,-0.0035672306913490104,14.0,0.009999999999999787,-0.44999999999999973,25.77000000000001,-0.005474747440478822
2025-12-29,-0.0012779634943882456,0.10041000000000011,0.0,0.00321630434470066,-0.0005140511397669911,0.0004083392701037525,13.470000267028809,-0.02999999999999936,-0.44999999999999973,-60.32000000000002,0.012378658006447552
2025-12-30,0.0003644157780424706,-0.10142999999999969,0.0,-0.0038025728010460114,-0.004637930539148627,0.0006121575263708934,14.199999809265137,-0.03000000000000025,-0.44999999999999973,241.69000000000003,0.0003102870925975054
2026-01-02,0.0017248253937847124,-0.025100000000000122,0.0,-0.0013766142506543844,-0.0022408190917246884,0.0020378746555991256,14.329999923706056,0.019999999999999574,-0.44999999999999973,-139.92000000000002,0.011634848160692712
2026-01-05,-0.006100862274909247,-0.1166400000000003,0.0,-0.005491953408132133,-0.010930985315339647,0.0018305741795199282,14.510000228881836,0.05000000000000071,-0.44999999999999973,-8.879999999999995,0.01261532393938225
2026-01-06,0.0008995233133290981,-0.09412999999999982,0.0,0.006334024511051695,0.01729548483172305,-0.0015252586193090778,14.899999618530272,-0.020000000000000462,-0.44999999999999973,242.91000000000003,0.008365001508570558
2026-01-07,0.002645853396172626,-0.06034999999999968,0.0,0.006177592003892229,-0.020615691035027695,0.003149661637507961,14.75,0.009999999999999787,-0.4599999999999995,-288.48,0.0012533659285551835
2026-01-08,0.0008844419681555138,-0.034089999999999954,0.0,-0.0034458535710086835,-0.02015625809381838,0.0010138749022026161,15.380000114440918,-0.02999999999999936,-0.4599999999999995,2.3400000000000034,-0.0021647983654791148
2026-01-09,0.000656814473529721,-0.004230000000000178,0.0,7.654532942247272e-05,0.031123332186465902,0.0025302376661597847,15.449999809265137,0.040000000000000036,-0.4599999999999995,221.04000000000002,0.0012633593936364207
2026-01-12,0.0031407213805163536,-0.022359999999999935,0.0,0.006454611138320132,0.023272793047802054,0.002019559918039704,14.489999771118164,-0.010000000000000675,-0.4599999999999995,-243.36,-0.005839179223521285
2026-01-13,0.0012487960243543483,-0.014149999999999885,0.0,0.0015763900591814206,0.006407053978540134,-0.0027273782852246242,15.119999885559082,0.010000000000000675,-0.4599999999999995,50.370000000000005,0.0071306293947106525
2026-01-14,0.0019415238051596617,-0.004770000000000163,0.0,-0.001941005588207645,0.027353574534645375,0.0027273782852246242,15.979999542236328,-0.010000000000000675,-0.4599999999999995,75.83999999999997,0.009374606331697066
2026-01-15,-0.0011038279070607615,-0.010089999999999932,0.0,-0.005347633584134925,0.01412703396697701,0.0,16.75,-0.02999999999999936,-0.4700000000000002,11.560000000000002,0.0047296629717070715
2026-01-19,0.0002552301169629345,-0.020399999999999974,0.0,0.0025766039204437874,-0.04670433555197562,0.0019148652293781154,15.84000015258789,0.019999999999999574,-0.4700000000000002,40.83000000000004,0.006421670714374272
2026-01-20,0.0018682338014865962,-0.026980000000000004,0.0,-0.0006425086684505033,0.004214791804453277,0.0007045412716246702,15.859999656677246,0.07000000000000028,-0.4700000000000002,-54.82000000000005,9.055424603765516e-05
2026-01-21,0.0036906316714304666,-0.025720000000000187,0.0,-0.020842460953261366,0.015027858954032247,-0.007574646170517063,20.09000015258789,0.05999999999999961,-0.4700000000000002,5.150000000000034,-0.013708664358306422
2026-01-22,0.0012448479365456677,-0.016089999999999716,0.0,0.011521117633559896,0.004629617750091519,0.0012158334390806047,16.899999618530273,-0.040000000000000036,-0.4700000000000002,181.07999999999998,-0.0020161037952419747
2026-01-23,-0.0037274121622772327,-0.015020000000000255,0.0,0.005472500707902839,-0.021004244868480626,-0.004058462554227482,15.640000343322754,0.0,-0.4700000000000002,-66.89999999999998,-0.004589252898446361
2026-01-26,-0.004567436833710303,0.02876000000000012,0.0,0.0003268164274814467,0.028400133096568858,-0.007756745768232598,16.09000015258789,-0.019999999999999574,-0.4700000000000002,-165.91000000000003,0.00271379752810752
2026-01-27,-0.0029770787096854434,0.0112899999999998,0.0,0.004993594260159995,-0.007230904537314231,-0.005754203714711359,16.149999618530273,-0.020000000000000462,-0.48,-19.079999999999984,0.0005454002305693706
2026-01-28,-0.002148997961709753,0.00550000000000006,0.0,0.004073587840441206,0.02861515863927,-0.008486025112438789,16.350000381469727,0.020000000000000462,-0.48,113.06,-0.07629650750729944
2026-01-29,-0.0035500240904760005,0.030530000000000168,0.0,-8.172639170034302e-05,0.013057505660454716,0.002387458753018379,16.350000381469727,0.019999999999999574,-0.48,-58.610000000000014,-0.010675365873053622
2026-01-30,0.002880550685560479,0.04475999999999969,0.0,-0.0012934674424620596,0.03436549212071238,-0.0017641074747167806,16.8799991607666,-0.019999999999999574,-0.22999999999999998,-95.0,0.011762536326051176
2026-02-02,0.003313326916748238,0.07789000000000001,0.0,-0.004311179414457911,-0.0032151767555852473,0.007347258143992619,17.440000534057617,0.019999999999999574,-0.21999999999999975,-37.47999999999999,-0.0500802454046525
2026-02-03,-0.0011867829730025647,-0.0011799999999997368,0.0,0.005376785277363183,-0.048222923222733804,0.0063720950596488635,16.34000015258789,0.03000000000000025,-0.22999999999999998,-15.070000000000022,0.024913987107732183
2026-02-04,0.0,-0.05553000000000008,0.0,-0.008439495590662816,0.01707260785760667,-0.0017431244227656961,18.0,-0.009999999999999787,-0.22999999999999998,125.21000000000004,0.002965047773868079
2026-02-05,3.5778990499224506e-05,0.054689999999999905,0.0,-0.005085300155014849,0.03007628847793775,0.0018455895773756836,18.63999938964844,0.009999999999999787,-0.22999999999999998,-18.24000000000001,-0.0052721747108535055
2026-02-06,0.0024434590064768003,0.05312000000000028,0.0,-0.012326677853831569,-0.02881143722543822,0.0020466333969979544,21.770000457763672,-0.08000000000000007,-0.22999999999999998,-12.009999999999991,-0.021026734236800237
2026-02-09,0.004744701711862476,-0.02613000000000021,0.0,0.019504344282200492,0.004099632377315032,-0.0019442568864249665,20.3700008392334,0.009999999999999787,-0.22999999999999998,-115.18000000000004,0.012101788362132382
2026-02-10,-0.002158762422510563,-0.00012999999999996348,0.0,0.004680117860122124,0.012665345977460163,-0.00833121374546053,17.360000610351562,0.0,-0.22999999999999998,45.73000000000002,0.012356772897570423
2026-02-11,-0.002824062876618072,-0.017830000000000013,0.0,-0.003309182284509049,-0.006234457955889283,-0.00020655555060322683,17.790000915527344,-0.05999999999999961,-0.22999999999999998,-16.03,0.01939181522979716
2026-02-12,-0.0010722583978441946,0.01324000000000014,0.0,-4.895726995002292e-05,0.010420783126097177,0.00030985672447947366,17.649999618530273,0.019999999999999574,-0.22999999999999998,45.78999999999999,-0.0030941999547735577
2026-02-13,0.0009472440719111574,0.007249999999999979,0.0,-0.015784941386117524,-0.028086840962171955,0.0010321891194973176,20.81999969482422,-0.08999999999999986,-0.23999999999999977,186.63000000000002,-0.006442708584854628
2026-02-18,0.000898708755242339,0.06692999999999971,0.0,0.0004989646444464313,0.0007953430347287238,-0.0005160007584459336,20.600000381469727,-0.04999999999999982,-0.23999999999999977,-100.95000000000005,0.01185731425332115
2026-02-19,0.0018425515629232336,-0.03127999999999975,0.0,0.00658142745179191,0.03591896153672636,0.008428456918245786,19.6200008392334,0.04999999999999982,-0.23999999999999977,-98.92999999999998,-0.00435900803097411
2026-02-20,0.004461575184722122,0.0442499999999999,0.0,-0.002826115391535211,0.018842645884022957,0.0023514130362372043,20.229999542236328,-0.009999999999999787,-0.23999999999999977,255.39000000000001,-0.0002797624138910493
2026-02-23,-0.0016626917520294882,0.021320000000000228,0.0,0.0069157557021739535,-0.0006023327334538919,-0.0013283326041291232,19.09000015258789,0.0,-0.23999999999999977,-20.360000000000014,0.014917070298583468
2026-02-24,-0.002596980382696401,0.10575999999999963,0.0,-0.01043995947145504,-0.0012057549749364682,-0.001023080432108081,21.01000022888184,-0.04999999999999982,-0.23999999999999977,222.01000000000005,-0.013821604043053881
2026-02-25,-0.002324059333156825,0.016469999999999985,0.0,0.007622488962383045,-0.01030781192656427,0.0018406827010322147,19.549999237060547,0.009999999999999787,-0.23999999999999977,-22.950000000000045,0.004986501258173348
2026-02-26,0.0007435806677964507,0.058120000000000616,0.0,0.008103433970129359,-0.003204872515121693,-0.0018406827010322147,17.93000030517578,0.009999999999999787,-0.23999999999999977,-303.23,-0.010504925009726662
2026-02-27,-0.0039920686551866424,0.002289999999999459,0.0,-0.0053800269955672775,-0.0032151767555852473,0.0009208038736305824,18.6299991607666,-0.03000000000000025,-0.23999999999999977,-50.18000000000001,2.715515107531985e-05
2026-03-02,-4.7809547295329935e-05,0.07214999999999971,0.0,-0.004348795128036542,0.02737821485519465,-0.0018423782465264438,19.86000061035156,-0.04999999999999938,-0.23999999999999977,1.0600000000000023,-0.02690884246096381
2026-03-03,0.002742668067922338,-0.02845999999999993,0.0,0.0003982754131346411,0.06092309289771958,0.007857550009265246,21.440000534057617,0.07999999999999963,-0.23999999999999977,120.14000000000004,-0.009659516027701542
2026-03-04,0.004040649623791026,0.017750000000000377,0.0,-0.009488908731311696,0.045690012514804756,0.006787300505735061,23.56999969482422,0.009999999999999787,-0.25,104.32999999999998,-0.04675815616747947
2026-03-05,0.0020792937686930912,-0.028970000000000162,0.0,0.007726125740148859,0.0013403849037709747,-0.002830923022180798,21.149999618530277,0.03000000000000025,-0.25,-314.31,0.01746206425188923
2026-03-06,-0.001960697943125922,-0.011779999999999902,0.0,-0.005662707772703612,0.08162810767543593,0.005553076634659426,23.75,0.040000000000000036,-0.25,157.61,-0.016324665396240334
2026-03-09,0.0028479779764083446,-0.16164999999999985,0.0,-0.013365720432496175,0.11518738775741966,-0.003328144215863027,29.489999771118164,0.020000000000000462,-0.25,78.76999999999998,-0.033282833076048846
2026-03-10,0.0006265137417731381,0.18660999999999994,0.0,0.008269871665389061,0.04169285009042234,0.0019175707865262126,25.5,-0.03000000000000025,-0.25,13.050000000000011,0.014013217251115151
2026-03-11,-0.002230083984487763,-0.08074000000000048,0.0,-0.0021374025058875645,-0.12720525452225395,-0.003535163222568194,24.93000030517578,0.03000000000000025,-0.25,-191.3,-0.006947172426569281
2026-03-12,-0.0020155321305370677,-0.09530999999999956,0.0,-0.0008379521856358707,0.04452994754458839,0.004039200840566082,24.229999542236328,0.05999999999999961,-0.25,132.32,-0.003698842773339095
2026-03-13,0.001897083803481081,-0.007769999999999833,0.0,-0.015344808189492909,0.09275420294240799,0.005126356944010091,27.290000915527344,0.05999999999999961,-0.25,-57.870000000000005,-0.031025340854728967
2026-03-16,0.001420454784291536,-0.012890000000000512,0.0,-0.0060775463985027756,0.03065448512993285,0.006196948879858333,27.190000534057617,0.010000000000000675,-0.25,87.47000000000003,-0.016233108765423054
2026-03-17,0.00260481421015335,0.14610000000000056,0.0,0.010079909746819382,-0.054224812860235616,-0.006497763921042399,23.51000022888184,-0.04999999999999982,0.0,-207.31,0.011968438079341226
2026-03-25,5.8988003216242646e-05,0.56623,0.0,0.0024911493849533173,0.028571856562604303,-0.001304604056988623,22.3700008392334,-0.03000000000000025,0.0,82.15999999999997,0.027107325558915818
2026-03-26,-0.009232479199889454,-0.7079500000000003,0.0,-0.01866450891969862,-0.0631743763946675,0.00020078966867131953,25.32999992370605,0.1299999999999999,0.0,-51.45999999999998,-0.019083705300412035
2026-03-27,-0.0028438516505620015,0.003630000000000244,0.0,-0.017559440961209205,0.0450292909571548,0.003007551658087415,27.440000534057617,0.08999999999999986,0.0,236.01999999999998,-0.009400952200429913
2026-03-30,0.010417464730876347,-0.10545000000000027,0.0,-0.01686323194605066,0.05317547684867918,0.0024993764191911794,31.049999237060547,0.020000000000000462,0.0,-208.19,-0.0007593644265408983
2026-03-31,0.0019478800834740184,-0.0010499999999997733,0.0,-0.003953553833357049,0.03199954952394801,0.0035881689427963437,30.61000061035156,-0.09000000000000075,0.0,80.28000000000003,-0.006145434543451955
2026-04-01,0.0010255613613594505,-0.06567000000000034,0.0,0.02871489330980026,-0.014687427840108569,-0.00548714948274398,25.25,-0.04999999999999982,0.0,1.5199999999999818,0.019141886063273716
2026-04-02,-0.00230008529746506,0.14943000000000017,0.0,0.007142945003758783,-0.012506311955777782,-0.003106034836628524,24.540000915527344,0.03000000000000025,0.0,-23.659999999999968,-0.022188415554547092
2026-04-06,-0.0007265564177210138,0.10924000000000023,0.0,0.001120248136237123,0.10801378517299653,0.0038060668225332606,23.8700008392334,-0.020000000000000462,0.0,-91.25,-0.005330476509110227
2026-04-07,0.0037685939230396315,0.011519999999999975,0.0,0.004417013131604364,0.007769654882380905,-0.0004999292322445115,24.170000076293945,0.03000000000000025,0.0,-12.620000000000033,-0.0026358653136373533
2026-04-08,0.0016057727625859997,-0.02927000000000035,0.0,0.00075896003312792,0.004792281843498891,-0.003406515293062462,25.780000686645508,-0.009999999999999787,0.0,-12.98999999999998,0.043259661360108836
2026-04-09,0.000710848990706836,0.03255000000000052,0.0,0.024772038357184556,-0.17929817736150344,-0.005131591930476631,21.040000915527344,-0.040000000000000036,0.0,2.6499999999999773,0.003891178709714893
2026-04-10,-0.0012870130606916774,0.02349999999999941,0.0,0.0061510668695135,0.03599305696745514,-0.0031320820085305456,19.489999771118164,0.0,0.0,48.04000000000002,0.020440418858022724
2026-04-13,0.0031411025547569693,-0.028799999999999493,0.0,-0.0011391696991402966,-0.01337196468262647,-0.00172176239317956,19.229999542236328,0.019999999999999574,0.0,-26.970000000000027,0.005574157246831746
2026-04-14,0.0014058932665381718,0.06489999999999974,0.0,0.010121875493741328,0.025659492283050866,-0.002842340490627926,19.1200008392334,-0.009999999999999787,0.0,116.52000000000004,0.02316426185612208
2026-04-15,-0.00022251385171934146,0.040939999999999976,0.0,0.011713988916143947,-0.08199593092107804,-0.002544660063238169,18.36000061035156,-0.040000000000000036,0.0,29.0,-0.006845362507677422
2026-04-16,0.0029116304026466366,-0.24400000000000022,0.0,0.007944144911565587,0.00010957042512149684,-0.0006117360563377972,18.170000076293945,0.03000000000000025,0.0,-135.79000000000002,-0.000289157918942351
2026-04-17,0.000997786205644502,0.0794999999999999,0.0,0.0026065558152854607,0.03656716117278602,0.0016303617133308634,17.940000534057617,0.03000000000000025,0.0,-13.490000000000009,0.0016547694572945915
2026-04-20,-0.0013481307146587795,-0.14660999999999946,0.0,0.01196855392873708,-0.12157895370705951,-0.0012225220223562872,17.479999542236328,-0.0600000000000005,0.0,3.730000000000018,-0.0052394085980331795
2026-04-21,0.0005838393440011913,0.15330999999999984,0.0,-0.0023771959102507623,0.06643745763583109,-0.0005097672501355177,18.8700008392334,0.0,0.0,63.349999999999966,-0.004583896671876531
2026-04-22,-0.0005370740268411112,0.023439999999999905,0.0,-0.0063684535808530285,0.02773366560148549,0.003664878356810064,19.5,0.040000000000000036,0.0,-132.23999999999998,-0.0023532328153912374
2026-04-23,0.0005428878998028352,0.000560000000000116,0.0,0.010405756011536482,0.008968689946172503,0.0018273373184429786,18.920000076293945,0.0,0.0,10.969999999999999,-0.02185120187041001
2026-04-24,0.003868071405634055,0.04098000000000024,0.0,-0.004141432170939652,0.030615170317221718,0.0021278361999446105,19.309999465942383,0.040000000000000036,0.0,246.76999999999998,-0.034344990068147396
2026-04-27,0.007501085028676968,0.10257000000000005,0.0,0.0079420679176323,-0.015243364256781078,-0.0029395480890528347,18.709999084472656,-0.03000000000000025,0.0,-204.23,-0.003227060723927977
2026-04-28,-0.0048011661279758755,0.10395999999999983,0.0,0.001231618000550938,0.02065388904815446,-0.000304571589342828,18.020000457763672,0.040000000000000036,0.0,86.1,-0.004813908899375718
2026-04-29,-0.0017410485507589613,0.08779999999999966,0.0,-0.004906187868796152,0.03627496556401333,0.0014205926824697457,17.829999923706055,0.010000000000000675,0.0,50.400000000000034,0.004068689281490734
2026-04-30,0.001625072905515168,0.21055000000000046,0.0,-0.0003992517435129628,0.06723674016293035,0.0030373154966234495,18.809999465942383,0.05999999999999961,0.0,-105.72000000000003,-0.02054725353028708
2026-05-04,0.0052171267086080775,0.21950000000000003,0.0,0.010186184168105683,-0.017079892294339594,-0.008527933285863654,16.889999389648438,-0.019999999999999574,0.0,104.32999999999998,0.002175202195246584
2026-05-05,-0.002639843011673193,-0.1435500000000003,0.0,-0.001146412801320551,0.012766720166112577,0.00396845479951935,18.290000915527344,0.04999999999999982,0.0,-19.69999999999999,0.012139642050826183
2026-05-06,0.0033318766110301823,-0.24831999999999965,0.0,0.008087227380576323,-0.03977716996860181,0.00010157030725110872,17.3799991607666,-0.020000000000000462,0.0,162.58999999999997,0.004998159884108233
2026-05-07,0.0025104551703982736,-0.3611600000000008,0.0,0.014482944327745884,-0.07289768024365983,-0.004682010729696984,17.389999389648438,-0.0699999999999994,0.0,-258.41999999999996,0.011474889004693622
2026-05-08,-0.005356555084018666,0.01471,0.0,-0.0038103454826785566,-0.0028437985706819546,0.002343745515404727,17.079999923706055,0.04999999999999982,-0.010000000000000231,47.31,-0.028979531897803668
2026-05-11,-0.00011563433860395378,0.04453000000000085,0.0,0.00839040542903291,0.006413317719185407,-0.004181796800026838,17.190000534057617,-0.03000000000000025,-0.010000000000000231,-51.910000000000025,-0.00919297354765014
2026-05-12,0.0036418122814243503,0.06649999999999956,0.0,0.0018781917406744952,0.027393325393874512,0.0010216172523973555,18.3799991607666,0.040000000000000036,-0.010000000000000231,55.27000000000004,-0.006788667398113901
2026-05-13,0.0031635584751921186,-0.04049000000000014,0.0,-0.001603894411408291,0.041054460596887665,0.0035672306913490104,17.989999771118164,0.040000000000000036,-0.010000000000000231,-25.420000000000016,-0.01996486840161893
2026-05-18,0.007779914534223664,0.8928900000000004,0.0,0.005832206062995837,-0.011417483079781299,0.0019312140705727288,17.8700008392334,0.0,-0.010000000000000231,-58.59,-0.01862752760551878
2026-05-19,0.002106162725340255,-0.5379100000000001,0.0,-0.005549871236556925,0.07290529101631726,0.004963270279009002,17.81999969482422,0.15000000000000036,-0.010000000000000231,86.44000000000003,-0.035248437821049805
2026-05-20,0.006518004202209937,0.061339999999999506,0.0,-0.006700720556670703,-0.00822447936615145,0.0033288155411614895,18.059999465942383,0.05999999999999961,-0.020000000000000018,79.02999999999997,-0.00822425036458796
2026-05-21,0.004284351781528528,0.54453,0.5,0.01073420806632619,-0.09238224697859287,-0.0019152512068911776,17.440000534057617,-0.09999999999999964,-0.020000000000000018,21.19999999999999,-0.03602276885475142
2026-05-22,-0.006693873974484177,0.15457000000000054,0.5,0.0017138609316660336,-0.019629669457550847,0.00080687679439162,16.760000228881836,0.0,-0.020000000000000018,-197.16,0.01094962093130114
2026-05-25,0.001900947040017087,-0.09783000000000008,0.5,0.0037200452843411114,0.002591346399082539,0.00130973019598013,16.700000762939453,-0.010000000000000675,-0.020000000000000018,79.87000000000003,0.007164129563872024
2026-05-26,0.0,0.1025400000000003,0.5,0.0,0.0,0.0,16.59000015258789,0.0,-0.020000000000000018,11.0,-0.01234708484142999
2026-05-29,0.00394878383023034,0.00586999999999982,0.5,0.006089680623146521,-0.028454847652877646,-0.001511426833076257,17.010000228881836,-0.05999999999999961,-0.020000000000000018,-129.8,-0.00045834237893949137
2026-06-02,0.004381783315551502,0.2721499999999999,0.5,0.008071997497323125,-0.07208635878652725,-0.0026251479578265347,15.31999969482422,-0.04999999999999982,-0.020000000000000018,162.8,0.01104400753146706
2026-06-03,0.0013443873859930733,0.022470000000000212,0.5,0.003913110973080336,0.0707008296295113,0.003129236399486146,15.770000457763672,0.009999999999999787,-0.020000000000000018,-129.05,-0.04192283542284869
2026-06-04,-0.00033592744283161835,-0.23986000000000018,0.5,-0.0073993488920685024,0.02381811952928814,0.0031194748173994924,16.059999465942383,0.03000000000000025,-0.020000000000000018,236.64,-0.017194556895196556
2026-06-05,0.008153433523832021,-0.1174900000000001,0.5,0.004046762369187107,-0.03152695009146189,-0.0012063449308028495,15.399999618530272,-0.020000000000000462,-0.020000000000000018,-94.88999999999999,-0.04286264431868858
2026-06-08,-0.002708545932273765,0.08786000000000005,0.5,-0.026801330315359806,-0.02723776593088978,0.006617188990247769,21.51000022888184,0.08000000000000007,-0.020000000000000018,-133.75,-0.0462055645925421
2026-06-09,0.0040850978734798815,0.029469999999999885,0.5,0.00297370520766016,0.008359068906860223,-0.00019984652067250863,18.920000076293945,0.009999999999999787,-0.020000000000000018,148.51999999999998,0.07299092052678624
2026-06-10,0.008906955361020152,0.34201999999999977,0.75,-0.00257971859262085,-0.0345438926142112,-0.0014002741330596535,19.8700008392334,-0.02999999999999936,-0.020000000000000018,-101.25999999999999,0.026738258272933635
2026-06-11,-0.00879602912685229,0.27242999999999995,0.75,-0.016332095868206054,0.020536006149220576,0.000400213014555284,22.21999931335449,0.019999999999999574,-0.020000000000000018,-90.66999999999999,-0.0027728528212200843
2026-06-12,-0.008639039979264851,0.04319000000000006,0.75,0.01736719891346361,-0.026107027036364805,-0.0009008192290291817,19.440000534057617,-0.09999999999999964,-0.020000000000000018,70.86999999999998,0.020452491251635507
2026-06-15,0.0025197507462859647,0.007970000000000255,0.75,0.005012928127161587,-0.0327974455778568,-0.001102155414562489,17.68000030517578,0.03000000000000025,-0.020000000000000018,-35.869999999999976,0.04034106335647003
2026-06-17,-0.008349024487589674,0.15645000000000042,0.75,0.016393284138581876,-0.049880499844549675,-0.0012037592810294484,16.200000762939453,-0.010000000000000675,-0.010000000000000231,156.98,-0.005486771113377031
2026-06-18,-0.002366064987544547,0.1500199999999996,0.75,-0.01792307164263285,-0.050283526837832326,0.004606448153818832,18.440000534057617,0.020000000000000462,-0.010000000000000231,-44.70999999999998,-0.007810913251066864
2026-06-19,0.009039673021568717,0.27768999999999977,1.0,0.010787813962926052,-0.0024773784384777287,0.007564504627275426,16.399999618530273,-0.03000000000000025,-0.010000000000000231,91.13,0.0007772500599170229
2026-06-22,-0.005413970098171461,-0.4519500000000001,1.0,0.0,0.0,0.0,16.399999618530273,0.0,-0.010000000000000231,133.56999999999994,-0.009834154261152861
2026-06-23,-0.0003597503610652808,-0.2500399999999994,1.0,-0.0037119326849772705,-0.023511831985254972,0.0016842345394820768,17.280000686645508,0.04999999999999982,-0.010000000000000231,-186.29999999999995,-0.002513817782901384
2026-06-24,0.004151478613245274,-0.2913200000000007,1.0,-0.014466928386097422,-0.021753213688144868,0.003853257926300202,19.489999771118164,-0.009999999999999787,-0.010000000000000231,27.899999999999977,-0.03629071887941748
2026-06-25,0.003018617083359487,0.024710000000000676,1.0,-0.0009834153677328317,-0.039991436170191186,0.0019702197687756495,18.6299991607666,-0.08999999999999986,-0.010000000000000231,64.07000000000005,0.019382583067724113
2026-06-26,0.004121879617388302,0.08094000000000001,1.0,-9.921104004639858e-05,0.022213789720896493,-0.0017730531079580558,18.88999938964844,-0.009999999999999787,-0.010000000000000231,-190.23000000000002,-0.01730229123923266
2026-06-29,0.00027789356855123515,0.5041899999999995,1.0,-0.0004717686829192047,-0.038120021524248315,-0.0006903663621322664,18.40999984741211,-0.020000000000000462,-0.010000000000000231,-21.060000000000002,-0.0128608480518011
